{"type":"Topology","transform":{"scale":[0.0073880112011201135,0.004339331233123313],"translate":[-141.020431,26.192089]},"objects":{"admin0_lines":{"type":"GeometryCollection","geometries":[{"type":"LineString","arcs":[0]},{"type":"LineString","arcs":[1]},{"type":"LineString","arcs":[2]},{"type":"LineString","arcs":[3]},{"type":"LineString","arcs":[4]},{"type":"LineString","arcs":[5]},{"type":"LineString","arcs":[6]},{"type":"LineString","arcs":[7]}]}},"arcs":[[[5960,0],[-249,121],[-411,756],[-148,-195],[-479,630],[-223,0],[0,-170],[-122,0]],[[4328,1142],[-125,0],[-608,289],[-3,-1],[-306,-145]],[[7838,3707],[28,95],[33,110]],[[9999,4385],[-140,459],[-84,36]],[[9775,4880],[-75,32],[-47,20],[-47,-153],[-113,-372],[-56,0],[-6,-17],[-17,-57],[-256,0],[-1,0],[-137,0],[-78,0],[-64,-76],[-63,-77]],[[6857,4986],[-340,145]],[[6517,5131],[-191,82],[-85,99],[-39,-46],[-328,0],[-563,0],[-307,0],[-807,0],[-472,0],[-340,0],[-125,0],[-802,0]],[[1427,6655],[0,262],[-735,792],[-72,-44],[-123,-76],[-193,205],[-95,100],[-209,0],[0,2105]]]}