{"type":"Topology","transform":{"scale":[0.008157624262426244,0.004686969396939694],"translate":[-138.774524,29.687469]},"objects":{"admin1_lines":{"type":"GeometryCollection","geometries":[{"type":"LineString","arcs":[0]},{"type":"LineString","arcs":[1]},{"type":"LineString","arcs":[2]},{"type":"LineString","arcs":[3]},{"type":"LineString","arcs":[4]},{"type":"LineString","arcs":[5]},{"type":"LineString","arcs":[6]},{"type":"LineString","arcs":[7]},{"type":"LineString","arcs":[8]},{"type":"LineString","arcs":[9]},{"type":"LineString","arcs":[10]},{"type":"LineString","arcs":[11]},{"type":"LineString","arcs":[12]},{"type":"LineString","arcs":[13]},{"type":"LineString","arcs":[14]},{"type":"LineString","arcs":[15]},{"type":"LineString","arcs":[16]},{"type":"LineString","arcs":[17]},{"type":"LineString","arcs":[18]},{"type":"LineString","arcs":[19]},{"type":"LineString","arcs":[20]},{"type":"LineString","arcs":[21]},{"type":"LineString","arcs":[22]},{"type":"LineString","arcs":[23]},{"type":"LineString","arcs":[24]},{"type":"LineString","arcs":[25]},{"type":"LineString","arcs":[26]},{"type":"LineString","arcs":[27]},{"type":"LineString","arcs":[28]},{"type":"LineString","arcs":[29]},{"type":"LineString","arcs":[30]},{"type":"LineString","arcs":[31]},{"type":"LineString","arcs":[32]},{"type":"LineString","arcs":[33]},{"type":"LineString","arcs":[34]},{"type":"LineString","arcs":[35]},{"type":"LineString","arcs":[36]},{"type":"LineString","arcs":[37]},{"type":"LineString","arcs":[38]},{"type":"LineString","arcs":[39]},{"type":"LineString","arcs":[40]},{"type":"LineString","arcs":[41]},{"type":"LineString","arcs":[42]},{"type":"LineString","arcs":[43]},{"type":"LineString","arcs":[44]},{"type":"LineString","arcs":[45]},{"type":"LineString","arcs":[46]},{"type":"LineString","arcs":[47]},{"type":"LineString","arcs":[48]},{"type":"LineString","arcs":[49]},{"type":"LineString","arcs":[50]},{"type":"LineString","arcs":[51]},{"type":"LineString","arcs":[52]},{"type":"LineString","arcs":[53]},{"type":"LineString","arcs":[54]},{"type":"LineString","arcs":[55]},{"type":"LineString","arcs":[56]},{"type":"LineString","arcs":[57]},{"type":"LineString","arcs":[58]},{"type":"LineString","arcs":[59]},{"type":"LineString","arcs":[60]},{"type":"LineString","arcs":[61]},{"type":"LineString","arcs":[62]},{"type":"LineString","arcs":[63]},{"type":"LineString","arcs":[64]},{"type":"LineString","arcs":[65]},{"type":"LineString","arcs":[66,67]},{"type":"LineString","arcs":[68]},{"type":"LineString","arcs":[69]},{"type":"LineString","arcs":[70]},{"type":"LineString","arcs":[71]},{"type":"LineString","arcs":[72]},{"type":"LineString","arcs":[73]},{"type":"LineString","arcs":[74]},{"type":"LineString","arcs":[75]},{"type":"LineString","arcs":[76]},{"type":"LineString","arcs":[77]},{"type":"LineString","arcs":[78]},{"type":"LineString","arcs":[79]},{"type":"LineString","arcs":[80]},{"type":"LineString","arcs":[81]},{"type":"LineString","arcs":[82]},{"type":"LineString","arcs":[83]},{"type":"LineString","arcs":[84,-67]},{"type":"LineString","arcs":[85]},{"type":"LineString","arcs":[86]},{"type":"LineString","arcs":[87]},{"type":"LineString","arcs":[88]},{"type":"LineString","arcs":[89]},{"type":"LineString","arcs":[90]},{"type":"LineString","arcs":[91]},{"type":"LineString","arcs":[92]},{"type":"LineString","arcs":[93]},{"type":"LineString","arcs":[94]},{"type":"LineString","arcs":[95]},{"type":"LineString","arcs":[96]},{"type":"LineString","arcs":[97]},{"type":"LineString","arcs":[98]},{"type":"LineString","arcs":[99]},{"type":"LineString","arcs":[100]},{"type":"LineString","arcs":[101]},{"type":"LineString","arcs":[102]},{"type":"LineString","arcs":[103]},{"type":"LineString","arcs":[104]},{"type":"LineString","arcs":[105]},{"type":"LineString","arcs":[106]},{"type":"LineString","arcs":[107]},{"type":"LineString","arcs":[108]},{"type":"LineString","arcs":[109]},{"type":"LineString","arcs":[110]},{"type":"LineString","arcs":[111]},{"type":"LineString","arcs":[112]},{"type":"LineString","arcs":[113]},{"type":"LineString","arcs":[114]},{"type":"LineString","arcs":[115]},{"type":"LineString","arcs":[116]},{"type":"LineString","arcs":[117]},{"type":"LineString","arcs":[118]},{"type":"LineString","arcs":[119]},{"type":"LineString","arcs":[120]},{"type":"LineString","arcs":[121]},{"type":"LineString","arcs":[122]},{"type":"LineString","arcs":[123]},{"type":"LineString","arcs":[124]},{"type":"LineString","arcs":[125]},{"type":"LineString","arcs":[126]},{"type":"LineString","arcs":[127]},{"type":"LineString","arcs":[128]},{"type":"LineString","arcs":[129]},{"type":"LineString","arcs":[130]},{"type":"LineString","arcs":[131]},{"type":"LineString","arcs":[132]},{"type":"LineString","arcs":[133]},{"type":"LineString","arcs":[134]}]}},"arcs":[[[6565,287],[-263,0],[0,-1],[0,-168]],[[6565,287],[59,-79],[401,0]],[[5455,718],[39,-144],[0,-574]],[[5868,718],[-413,0]],[[6105,118],[-96,0],[0,169],[-244,0],[103,237],[0,194]],[[6565,746],[0,-459]],[[5402,910],[29,-108],[24,-84]],[[2978,1111],[0,-533]],[[5934,1124],[-66,-239],[0,-167]],[[6179,1124],[-245,0]],[[6179,1124],[0,-1006]],[[6460,1124],[-281,0]],[[6460,1124],[20,-70],[85,-308]],[[6747,1124],[-287,0]],[[6747,1124],[229,-302],[107,-389]],[[6747,1124],[220,105],[104,-50],[160,-77],[179,-235]],[[5999,1359],[-65,-235]],[[6039,1436],[0,-77],[-40,0]],[[3957,469],[417,0],[0,984]],[[5402,910],[-386,0],[-260,125],[0,418],[-382,0]],[[5402,1457],[0,-547]],[[5999,1359],[-68,0],[0,25],[0,73],[-529,0]],[[6039,1436],[153,0],[0,42],[522,0]],[[6714,1478],[300,0]],[[7014,1478],[-1,0],[-216,-287],[-50,-67]],[[7014,1478],[663,0]],[[2978,1111],[0,261],[58,0],[0,188],[0,1]],[[3645,1561],[-609,0]],[[3645,1561],[0,-1249]],[[3645,1561],[729,0]],[[4374,1453],[0,107],[0,1]],[[4374,1561],[121,0]],[[4495,1561],[907,0]],[[5402,1561],[0,-1],[0,-103]],[[6039,1566],[0,-130]],[[6164,1646],[-9,-26],[-116,-54]],[[6870,1680],[-156,-202]],[[7717,1722],[59,0]],[[6870,1680],[0,120]],[[5402,1561],[0,381]],[[7577,1979],[42,-148]],[[7577,1979],[16,21]],[[7564,2006],[8,-10],[5,-17]],[[6619,2008],[-183,-234],[-272,-128]],[[6870,1800],[-251,208]],[[7593,2000],[-17,21],[-12,-15]],[[7498,2090],[-251,-186],[-63,-222],[-104,-49],[-128,-60],[-82,107]],[[7498,2090],[66,-84]],[[7267,2148],[0,-101],[92,43],[139,0]],[[7713,2148],[-446,0]],[[7820,1878],[-107,0],[0,270]],[[7743,2148],[-30,0]],[[7743,2148],[19,-65]],[[4495,1561],[0,644]],[[5327,2205],[-832,0]],[[5402,1942],[-75,263]],[[5327,2205],[-34,118]],[[5293,2323],[540,0]],[[5833,2323],[0,-160],[60,-211],[59,-75],[7,-27],[80,-284]],[[7141,2335],[-53,-184],[-32,-111],[-22,-28],[-164,-212]],[[7267,2148],[-126,0],[0,187]],[[3645,2422],[0,-861]],[[4256,2422],[-611,0]],[[4495,2205],[0,217],[-239,0]],[[7958,2432]],[[7854,2482],[104,-50]],[[7854,2482],[0,1]],[[7854,2483],[-46,-160],[26,-59],[-71,-90],[-20,-26]],[[6289,2591],[0,-601],[-125,-344]],[[6368,2591],[251,0]],[[6619,2591],[0,-583]],[[6619,2591],[134,0],[38,-17]],[[7141,2335],[0,273]],[[2303,2631],[-534,0]],[[2303,2631],[0,-645],[675,-875]],[[2678,2631],[-375,0]],[[2678,2631],[358,0]],[[3036,1561],[0,1070]],[[3036,2631],[363,0]],[[3399,2631],[0,-209],[246,0]],[[7958,2432],[60,76],[0,133]],[[8207,2641],[-189,0]],[[8207,2641],[0,-170]],[[8321,2523],[-54,118],[-60,0]],[[7230,2721],[0,-84],[501,0],[123,-154]],[[5901,2761],[42,-52],[0,-167],[-74,-92],[-36,-127]],[[5901,2761],[344,0]],[[5163,2774],[88,-305],[42,-146]],[[8018,2641],[0,150]],[[8018,2791]],[[8018,2791],[64,0],[30,0]],[[8112,2791],[210,1]],[[4256,2860],[0,-438]],[[5163,2774],[-1,0],[-187,86],[-719,0]],[[5163,2955],[0,-181]],[[5163,2955],[661,0]],[[5824,2955],[0,-98],[39,-48],[38,-48]],[[3399,2631],[0,532]],[[3399,3163],[0,100],[857,0]],[[4256,3263],[0,-403]],[[8018,2791],[0,475]],[[8251,3266],[-24,-80],[-115,-395]],[[2721,3306],[-20,-67],[-23,-81],[0,-527]],[[8322,2792],[0,543]],[[5144,3413],[19,-62],[0,-396]],[[2678,3445],[-909,0]],[[2678,3445],[43,-139]],[[4256,3263],[0,212]],[[5162,3475],[-906,0]],[[5163,3475],[-1,0]],[[5163,3475],[-19,-62]],[[2943,3480],[258,-317],[198,0]],[[9162,3484],[-33,-14]],[[5824,2955],[3,0],[-216,267],[22,76],[83,278]],[[5899,3628],[291,-129],[52,-23],[35,-116]],[[2678,4129],[0,-684]],[[2678,4130],[0,-1]],[[2790,4130],[0,-1],[0,-142],[153,-507]],[[4256,3475],[0,654],[0,1]],[[5045,4130],[0,-1],[14,-48],[104,-341],[0,-265]],[[7264,4706],[0,-919],[318,-387],[312,0],[0,-134]],[[6105,5807],[-764,-868],[0,-809]],[[9999,4611],[0,132],[-1001,0],[-259,301],[0,329],[490,0],[0,986]],[[2278,6470],[0,-1379],[0,-1],[820,-960]],[[0,6470],[2278,0]],[[2278,6470]],[[2278,6470],[1248,0]],[[3526,6470],[0,-2340]],[[3526,6470],[1009,0]],[[4535,4130],[0,2340]],[[5402,6470],[-867,0]],[[4535,6470],[0,45],[0,107],[0,30],[0,3],[0,15],[-1,745],[-2331,855],[0,233]],[[2628,8579],[890,0]],[[3518,8579],[0,552]],[[3523,9623],[0,376]]]}