{"type":"Topology","transform":{"scale":[0.0074832881288128825,0.0072849062906290615],"translate":[-141.002989,-3.475681]},"objects":{"admin0_lines":{"type":"GeometryCollection","geometries":[{"type":"LineString","arcs":[0]},{"type":"LineString","arcs":[1]},{"type":"LineString","arcs":[2]},{"type":"LineString","arcs":[3]},{"type":"LineString","arcs":[4]},{"type":"LineString","arcs":[5]},{"type":"LineString","arcs":[6]},{"type":"LineString","arcs":[7]},{"type":"LineString","arcs":[8]},{"type":"LineString","arcs":[9]},{"type":"LineString","arcs":[10]},{"type":"LineString","arcs":[11]},{"type":"LineString","arcs":[12]},{"type":"LineString","arcs":[13]},{"type":"LineString","arcs":[14]},{"type":"LineString","arcs":[15]},{"type":"LineString","arcs":[16]},{"type":"LineString","arcs":[17]},{"type":"LineString","arcs":[18]},{"type":"LineString","arcs":[19]},{"type":"LineString","arcs":[20]},{"type":"LineString","arcs":[21]},{"type":"LineString","arcs":[22]},{"type":"LineString","arcs":[23]},{"type":"LineString","arcs":[24]}]}},"arcs":[[[9436,24],[1,1],[1,2],[1,1],[1,2],[0,1],[1,2],[1,1],[1,2],[1,1],[1,2],[1,1],[1,2],[0,1],[1,1],[1,2],[1,1],[1,2],[1,1],[1,2],[1,1],[1,2],[0,1],[1,2],[1,1],[1,2],[1,1],[1,2],[1,1],[1,2],[0,1],[1,2],[1,1],[1,1],[1,2],[1,1],[1,2],[1,1],[0,2],[1,1],[1,2],[1,1],[1,2],[1,1],[1,2],[1,1],[1,2],[0,1],[1,2],[1,1],[1,2],[1,1],[1,1],[1,2],[1,1],[1,2],[0,1],[1,2],[1,1],[1,2],[1,1],[1,2],[1,1],[1,2],[0,1],[0,1],[-1,0],[-3,1],[-2,1],[-2,1],[-2,1],[-2,1],[-2,1],[-2,1],[-2,0],[-2,1],[-2,1],[-3,1],[-2,1],[-2,1],[-2,1],[-2,1],[-2,1],[-2,1],[-2,1],[-2,1],[-2,1],[-3,1],[-2,1],[-2,1],[-2,1],[-2,1],[-2,0],[-2,1],[-2,1],[-2,1],[-2,1],[-3,1],[-2,1],[-2,1],[-2,1],[-2,1],[-2,1],[-2,1],[-2,1],[-2,1],[-2,1],[-3,1],[-2,1],[-2,0],[-2,1],[-2,1],[-2,1],[-2,1],[-2,1],[-2,1],[-3,1],[-2,1],[-2,1],[-2,1],[-2,1],[-2,1],[-2,1],[-2,1],[-2,1],[-3,0],[-2,1],[-2,1],[-2,1],[-2,1],[-2,1],[-3,-2],[-3,-1],[-3,-2],[-3,-2],[-3,-1],[-3,-2],[-3,-1],[-3,-2],[-3,-1],[-3,-1],[-3,-2],[-3,-1],[-3,-1],[-3,-1],[-3,-2],[-3,-1],[-3,-1],[-4,-1],[-3,-1],[-3,-1],[-3,-1],[-3,-1],[-4,-1],[-3,-1],[-3,0],[-3,-1],[-4,-1],[-3,0],[-3,-1],[-3,-1],[-4,0],[-3,-1],[-3,0],[-4,-1],[-3,0],[-3,0],[-4,0],[-3,-1],[-4,0],[-3,0],[-3,0],[-4,0],[-3,0],[-4,0],[-3,0],[-3,0],[-4,0],[-3,0],[-4,1],[-3,0],[-3,0],[-4,1],[-3,0],[-4,1],[-3,0],[-4,1],[-3,0],[-4,1],[-3,1],[-3,0],[-4,1],[-3,1],[-4,1],[-3,1],[-5,1],[-4,2],[-4,1],[-5,1],[-4,2],[-4,2],[-4,1],[-4,2],[-4,2],[-4,2],[-4,2],[-4,2],[-4,2],[-4,2],[-4,2],[-4,2],[-4,3],[-3,2],[-4,3],[-4,2],[-3,3],[-4,2],[-3,3],[-4,3],[-3,2],[-3,3],[-4,3],[-3,3],[-3,3],[-3,3],[-3,3],[-3,3],[-3,3],[-3,4],[-3,3],[-3,3],[-3,3],[-3,4],[-2,3],[-3,4],[-3,3],[-2,4],[-3,3],[-2,4],[-2,4],[-3,4],[-2,3],[-2,4],[-2,4],[-2,4],[-2,4],[-2,4],[-2,4],[-2,4],[-2,4],[-2,4],[-1,4],[-2,4],[-2,4],[-1,4],[-1,4],[-2,5],[-1,4],[-1,4],[-3,2],[-3,1],[-3,2],[-3,1],[-2,2],[-3,1],[-3,2],[-3,1],[-3,2],[-3,1],[-3,2],[-2,1],[-3,2],[-3,1],[-3,2],[-3,1],[-3,2],[-2,1],[-3,2],[-3,1],[-3,2],[-3,1],[-3,1],[-2,2],[-3,1],[-3,2],[-3,1],[-3,2],[-3,1],[-3,2],[-2,1],[-3,2],[-3,1],[-3,2],[-3,1],[-3,2],[-3,1],[-2,2],[-3,1],[-3,2],[-3,1],[-3,2],[-3,1],[-3,1],[-2,2],[-3,1],[-3,2],[-3,1],[-3,2],[-3,1],[-3,2],[-3,1],[-2,2],[-3,1],[-3,2],[-3,1],[-3,1],[-3,2],[-3,1],[-2,2],[-3,1],[-3,2],[-3,1],[-3,2]],[[8775,439],[0,-2],[0,-1],[1,-2],[0,-2],[0,-1],[0,-2],[0,-1],[0,-2],[0,-2],[0,-1],[0,-2],[1,-1],[0,-2],[0,-2],[0,-1],[0,-2],[0,-2],[0,-1],[0,-2],[0,-1],[0,-2],[0,-2],[0,-1],[0,-2],[0,-1],[0,-2],[0,-2],[0,-1],[0,-2],[0,-2],[0,-1],[-1,-2],[0,-1],[0,-2],[0,-2],[0,-1],[0,-2],[0,-2],[0,-1],[-1,-2],[0,-1],[0,-2],[0,-2],[0,-1],[-1,-2],[0,-2],[0,-1],[0,-2],[0,-2],[-1,-1],[0,-2],[0,-1],[0,-2],[-1,-2],[0,-1],[0,-2],[-1,-2],[0,-1],[0,-2],[-1,-2],[0,-1],[0,-2],[-1,-1],[0,-2],[-1,-2],[0,-2],[-1,-2],[0,-2],[-1,-2],[0,-2],[-1,-2],[0,-2],[-1,-2],[0,-1],[-1,-2],[0,-2],[-1,-2],[-1,-2],[0,-2],[-1,-2],[-1,-2],[0,-1],[-1,-2],[-1,-2],[0,-2],[-1,-2],[-1,-2],[0,-1],[-1,-2],[-1,-2],[-1,-2],[0,-1],[-1,-2],[-1,-2],[-1,-2],[-1,-1],[0,-2],[-1,-2],[-1,-2],[-1,-1],[-1,-2],[-1,-2],[-1,-2],[0,-1],[-1,-2],[-1,-2],[-1,-1],[-1,-2],[-1,-2],[-1,-1],[-1,-2],[-1,-1],[-1,-2],[-1,-2],[-1,-1],[-1,-2],[-1,-1],[-1,-2],[-1,-2],[-1,-1],[-1,-2],[-1,-1],[-1,-2],[-1,-1],[-1,-2],[-1,-1],[-1,-2],[-2,-1]],[[8775,439],[-7,3],[-8,4],[-7,4],[-7,3],[-7,4],[-8,4],[-7,3],[-7,4],[-8,4],[-7,3],[-7,4],[-8,4],[-7,3],[-7,4],[-8,4],[-7,3],[-7,4],[-8,3],[-7,4],[-7,4],[-8,3],[-7,4],[-8,4],[-7,3],[-7,4],[-8,3],[-7,4],[-8,4],[-7,3],[-7,4],[-8,3],[-7,4],[-8,3],[-7,4],[-7,4],[-8,3],[-7,4],[-8,3],[-7,4],[-8,3],[-7,4],[-8,3],[-7,4],[-8,3],[-7,4],[-7,3],[-8,4],[-7,3],[-8,4],[-7,3],[-8,4],[-7,3],[-8,4],[-7,3],[-8,4],[-8,3],[-7,4],[-8,3],[-7,4],[-8,3],[-7,4],[-8,3],[-7,4],[-8,3]],[[9897,648],[2,-1],[2,-1],[1,-1],[2,-2],[1,-1],[2,-1],[2,-1],[1,-1],[2,-1],[1,-2],[2,-1],[2,-1],[1,-1],[2,-1],[1,-1],[2,-2],[1,-1],[2,-1],[2,-1],[1,-1],[2,-1],[1,-2],[2,-1],[2,-1],[1,-1],[2,-1],[1,-1],[2,-2],[2,-1],[1,-1],[2,-1],[1,-1],[2,-1],[2,-2],[1,-1],[2,-1],[1,-1],[2,-1],[1,-1],[2,-2],[2,-1],[1,-1],[2,-1],[1,-1],[2,-2],[2,-1],[1,-1],[2,-1],[1,-1],[2,-1],[1,-2],[2,-1],[2,-1],[1,-1],[2,-1],[1,-1],[2,-2],[2,-1],[1,-1],[2,-1],[1,-1],[2,-2],[1,-1],[2,-1]],[[9897,648],[-1,0],[-1,0],[-1,0],[-1,0],[0,-1],[-1,0],[-1,0],[-1,0],[-1,0],[-1,0],[-1,0],[0,-1],[-1,0],[-1,0],[-1,0],[-1,0],[-1,0],[-1,0],[-1,-1],[-1,0],[-1,0],[-1,0],[-1,0],[-1,0],[-1,-1],[-1,0],[-1,0],[-1,0],[-1,0],[-1,0],[-1,-1],[-1,0],[-1,0],[-1,0],[0,2],[-1,3],[0,2],[-1,2],[0,3],[-1,2],[0,2],[0,3],[-1,2],[0,2],[-1,3],[0,2],[-1,3],[0,2],[0,2],[-1,3],[0,2],[-1,2],[0,3],[-1,2],[0,2],[-1,3],[0,2],[0,2],[-1,3],[0,2],[-1,2],[0,3],[-1,2],[0,3],[-1,2],[0,2],[0,3],[-1,2],[0,2],[-1,3],[0,2],[-1,2],[0,3],[-1,2],[0,3],[0,2],[-1,2],[0,3],[-1,2],[0,2],[-1,3],[0,2],[-1,2],[0,3],[0,2],[-1,3],[0,2],[-1,2],[0,3],[-1,2],[0,2],[-1,3],[0,2],[0,2],[-1,3],[0,2],[-1,3],[0,2],[-1,-1],[-1,-1],[-1,-2],[-1,-1],[-1,-1],[0,-1],[-1,-1],[-1,-1],[-1,-2],[-1,-1],[-1,-1],[-1,-1],[-1,-1],[0,-1],[-1,-1],[-1,-2],[-1,-1],[-1,-1],[-1,-1],[-1,-1],[0,-1],[-1,-2],[-1,-1],[-1,-1],[-1,-1],[-1,-1],[-1,-1],[-1,-2],[0,-1],[-1,-1],[-1,-1],[-1,-1],[-1,-1],[-1,-2],[-1,-1],[0,-1],[-1,-1],[-1,-1],[-1,-1],[-1,-2],[-1,-1],[-1,-1],[-1,-1],[0,-1],[-1,-1],[-1,-2],[-1,-1],[-1,-1],[-1,-1],[-1,-1],[0,-1],[-1,-2],[-1,-1],[-1,-1],[-1,-1],[-1,-1],[-1,-1],[0,-1],[-1,-2],[-1,-1],[-1,-1],[-1,-1],[-1,-1],[-1,-1],[-4,0],[-4,0],[-4,0],[-4,0],[-4,0],[-5,0],[-4,0],[-4,1],[-4,0],[-4,0],[-5,0],[-4,0],[-4,0],[-4,0],[-4,0],[-4,1],[-5,0],[-4,0],[-4,0],[-4,0],[-4,0],[-4,0],[-5,0],[-4,0],[-4,1],[-4,0],[-4,0],[-5,0],[-4,0],[-4,0],[-4,0],[-4,0],[-4,0],[-5,0],[-4,1],[-4,0],[-4,0],[-4,0],[-4,0],[-5,0],[-4,0],[-4,0],[-4,0],[-4,0],[-5,0],[-4,0],[-4,0],[-4,1],[-4,0],[-4,0],[-5,0],[-4,0],[-4,0],[-4,0],[-4,0],[-5,0],[-4,0],[-4,0],[-4,0],[-4,0],[-4,0],[-5,0],[-4,0],[-4,0],[0,-1],[-1,-2],[0,-2],[0,-1],[0,-2],[-1,-2],[0,-1],[0,-2],[-1,-2],[0,-1],[0,-2],[0,-1],[-1,-2],[0,-2],[0,-1],[-1,-2],[0,-2],[0,-1],[0,-2],[-1,-2],[0,-1],[0,-2],[-1,-2],[0,-1],[0,-2],[0,-2],[-1,-1],[0,-2],[0,-2],[-1,-1],[0,-2],[0,-2],[0,-1],[-1,-2],[0,-1],[0,-2],[-1,-2],[0,-1],[0,-2],[0,-2],[-1,-1],[0,-2],[0,-2],[0,-1],[-1,-2],[0,-2],[0,-1],[-1,-2],[0,-2],[0,-1],[0,-2],[-1,-1],[0,-2],[0,-2],[-1,-1],[0,-2],[0,-2],[0,-1],[-1,-2],[0,-2],[0,-1],[-1,-2],[0,-2],[0,-1],[1,0],[2,0],[1,0],[2,0],[1,0],[2,0],[1,0],[2,0],[1,0],[2,0],[1,0],[2,0],[1,0],[2,0],[2,0],[1,0],[2,0],[1,0],[2,-1],[1,0],[2,0],[1,0],[2,0],[1,0],[2,0],[1,0],[2,0],[1,0],[2,0],[1,0],[2,0],[1,0],[2,0],[1,0],[2,0],[1,0],[2,0],[1,0],[2,0],[1,0],[2,0],[1,0],[2,0],[1,0],[2,0],[1,0],[2,0],[1,0],[2,0],[1,0],[2,0],[1,0],[2,0],[1,0],[2,0],[1,0],[2,0],[1,0],[2,0],[1,0],[2,0],[1,0],[2,0],[1,0],[1,-1],[0,-1],[0,-1],[0,-1],[0,-1],[0,-1],[0,-1],[1,-1],[0,-1],[0,-1],[0,-1],[0,-1],[0,-1],[0,-1],[1,-1],[0,-1],[0,-1],[0,-1],[0,-1],[0,-1],[0,-1],[1,-1],[0,-1],[0,-1],[0,-1],[0,-1],[0,-1],[0,-1],[1,0],[0,-1],[0,-1],[0,-1],[0,-1],[0,-1],[0,-1],[1,-1],[0,-1],[0,-1],[0,-1],[0,-1],[0,-1],[0,-1],[1,-1],[0,-1],[0,-1],[0,-1],[0,-1],[0,-1],[0,-1],[1,-1],[0,-1],[0,-1],[0,-1],[0,-1],[0,-1],[0,-1],[-1,0],[-2,0],[-2,0],[-2,0],[-2,0],[-1,0],[-2,0],[-2,0],[-2,0],[-2,0],[-1,0],[-2,0],[-2,0],[-2,0],[-1,0],[-2,-1],[-2,0],[-2,0],[-2,0],[-1,0],[-2,0],[-2,0],[-2,0],[-2,0],[-1,0],[-2,0],[-2,0],[-2,0],[-2,0],[-1,0],[-2,-1],[-2,0],[-2,0],[-2,0],[-1,0],[-2,0],[-2,0],[-2,0],[-1,0],[-2,0],[-2,0],[-2,0],[-2,0],[-1,0],[-2,-1],[-2,0],[-2,0],[-2,0],[-1,0],[-2,0],[-2,0],[-2,0],[-2,0],[-1,0],[-2,0],[-2,0],[-2,0],[-2,-1],[-1,0],[-2,0],[-2,0],[-2,0],[-2,0],[-1,0],[-1,-1],[0,-2],[0,-1],[0,-2],[0,-1],[-1,-1],[0,-2],[0,-1],[0,-2],[-1,-1],[0,-1],[0,-2],[0,-1],[-1,-2],[0,-1],[0,-1],[0,-2],[-1,-1],[0,-1],[0,-2],[0,-1],[-1,-2],[0,-1],[0,-1],[0,-2],[0,-1],[-1,-2],[0,-1],[0,-1],[0,-2],[-1,-1],[0,-2],[0,-1],[0,-1],[-1,-2],[0,-1],[0,-2],[0,-1],[-1,-1],[0,-2],[0,-1],[0,-1],[0,-2],[-1,-1],[0,-2],[0,-1],[0,-1],[-1,-2],[0,-1],[0,-2],[0,-1],[-1,-1],[0,-2],[0,-1],[0,-2],[-1,-1],[0,-1],[0,-2],[0,-1],[0,-1],[-1,-2],[0,-1],[0,-2],[0,-1],[1,-2],[2,-2],[1,-2],[2,-2],[1,-2],[2,-2],[1,-3],[2,-2],[1,-2],[2,-2],[1,-2],[2,-2],[2,-2],[1,-2],[2,-2],[1,-2],[2,-2],[1,-2],[2,-3],[1,-2],[2,-2],[1,-2],[2,-2],[1,-2],[2,-2],[1,-2],[2,-2],[1,-2],[2,-2],[1,-2],[2,-2],[1,-3],[2,-2],[2,-2],[1,-2],[2,-2],[1,-2],[2,-2],[1,-2],[2,-2],[1,-2],[2,-2],[1,-2],[2,-2],[1,-3],[2,-2],[1,-2],[2,-2],[1,-2],[2,-2],[1,-2],[2,-2],[1,-2],[2,-2],[1,-2],[2,-2],[1,-2],[2,-2],[1,-3],[2,-2],[1,-2],[2,-2],[1,-2],[2,-2],[-1,-5],[-1,-6],[-1,-5],[-1,-5],[0,-4],[-1,-2],[-1,-5],[0,-5],[-1,-6],[-1,-5],[-1,-5],[-1,-6],[-1,-5],[-1,-5],[-1,-6],[-1,-5],[0,-5],[-1,-6],[-1,-5],[-1,-5],[-1,-6],[-1,-5],[-1,-5],[-1,-6],[-1,-5],[0,-5],[-1,-5],[-1,-6],[-1,-5],[-1,-5],[-1,-6],[-1,-5],[-1,-5],[0,-5],[-1,-6],[-1,-5],[-1,-5],[-1,-6],[-1,-5],[-1,-5],[-1,-5],[0,-6],[-1,-5],[-1,-5],[-1,-5],[-1,-6],[-1,-5],[-1,-5],[-1,-5],[0,-6],[-1,-5],[-1,-5],[-1,-5],[-1,-6],[-1,-5],[-1,-5],[0,-5],[-1,-5],[-1,-6],[-1,-5],[-1,-5],[-1,-5],[-1,-6],[0,-5],[-1,-5]],[[7756,1600],[0,3],[0,2],[0,3],[0,3],[1,3],[0,2],[0,3],[0,3],[0,3],[0,3],[1,2],[0,3],[0,3],[0,3],[0,2],[0,3],[0,3],[1,3],[0,2],[0,3],[0,3],[0,3],[0,3],[0,2],[1,3],[0,3],[0,3],[0,2],[0,3],[0,3],[1,3],[0,3],[0,2],[0,3],[0,3],[0,3],[1,2],[0,3],[0,3],[0,3],[0,3],[0,2],[0,3],[1,3],[0,3],[0,2],[0,3],[0,3],[0,3],[1,3],[0,2],[0,3],[0,3],[0,3],[0,3],[0,2],[1,3],[0,3],[0,3],[0,3],[0,2],[0,3],[1,3],[0,3]],[[8432,1494],[1,1],[1,1],[1,1],[2,1],[1,0],[1,1],[1,1],[1,1],[2,1],[1,0],[1,1],[1,1],[2,1],[1,1],[1,0],[1,1],[1,1],[2,1],[1,1],[1,1],[1,0],[1,1],[2,1],[1,1],[1,1],[1,0],[2,1],[1,1],[1,1],[1,1],[1,0],[2,1],[1,1],[1,1],[1,1],[2,0],[1,1],[1,1],[1,1],[1,1],[2,0],[1,1],[1,1],[1,1],[2,1],[1,0],[1,1],[1,1],[1,1],[2,1],[1,0],[1,1],[1,1],[2,1],[1,1],[1,0],[1,1],[1,1],[2,1],[1,1],[1,0],[1,1],[2,1],[1,1],[0,2],[-1,2],[0,2],[0,2],[0,2],[-1,2],[0,2],[0,2],[0,2],[-1,2],[0,2],[0,2],[0,2],[-1,2],[0,2],[0,2],[0,2],[-1,2],[0,2],[0,2],[0,2],[-1,2],[0,2],[0,2],[0,2],[-1,2],[0,2],[0,2],[0,2],[-1,2],[0,2],[0,2],[-1,2],[0,2],[0,2],[0,2],[-1,2],[0,2],[0,2],[0,2],[-1,2],[0,2],[0,2],[0,2],[-1,3],[0,2],[0,2],[0,2],[-1,2],[0,2],[0,2],[0,2],[-1,2],[0,2],[0,2],[0,2],[-1,2],[0,2],[0,2],[0,2],[-1,2],[0,2],[0,2],[0,2]],[[7657,1951],[-3,0],[-1,1],[-4,0],[-1,0],[-3,1],[-4,1],[-1,0],[-1,0],[-2,0],[-1,0],[-1,1],[-1,0],[-2,0],[-4,1],[-4,1],[-4,0],[-4,1],[-4,1],[-4,1],[-5,0],[-4,1],[-4,1],[-4,0],[-4,1],[-1,0],[-1,0],[-2,1],[-4,1],[-2,0],[-3,0],[-4,1],[-4,1],[-4,0],[-4,1],[-4,1],[-4,1],[-4,0],[-5,1],[-4,1],[-4,0],[-4,1],[-4,1],[-4,0],[-4,1],[-5,1],[-4,1],[-4,0],[-4,1],[-4,1],[-4,0],[-4,1],[-4,1],[-5,0],[-4,1],[-4,1],[-4,0],[-4,1],[-4,1],[-4,0],[-5,1],[-4,1],[-4,0],[-4,1],[-4,1],[-4,0],[-5,1],[-4,1],[-4,0],[-4,1],[-4,1],[-4,0],[-4,1],[-5,1],[-4,0]],[[7112,2318],[0,1],[0,1],[0,1],[0,1],[0,1],[0,1],[1,1],[0,1],[0,1],[0,1],[0,1],[0,1],[0,1],[0,1],[0,1],[0,1],[0,1],[1,1],[0,1],[0,1],[0,1],[0,1],[0,1],[0,1],[0,1],[0,1],[0,1],[1,1],[0,1],[0,1],[0,1],[0,1],[0,1],[0,1],[0,1],[0,1],[0,1],[0,1],[1,1],[0,1],[0,1],[0,1],[0,1],[0,1],[0,1],[0,1],[0,1],[0,1],[1,1],[0,1],[0,1],[0,1],[0,1],[0,1],[0,1],[0,1],[0,1],[0,1],[0,1],[1,1],[0,1],[0,1],[0,1],[-4,1],[-4,2],[-3,1],[-4,1],[-4,1],[-3,2],[-4,1],[-4,1],[-3,2],[-4,1],[-4,1],[-4,2],[-3,1],[-4,1],[-4,1],[-3,2],[-4,1],[-4,1],[-4,2],[-3,1],[-4,1],[-4,2],[-3,1],[-4,1],[-4,1],[-4,2],[-3,1],[-4,1],[-4,2],[-3,1],[-4,1],[-4,1],[-4,2],[-3,1],[-4,1],[-4,1],[-4,2],[-3,1],[-4,1],[-4,2],[-3,1],[-4,1],[-4,1],[-4,2],[-3,1],[-4,1],[-4,1],[-4,2],[-3,1],[-4,1],[-4,1],[-4,2],[-3,1],[-4,1],[-4,1],[-4,2],[-3,1],[-4,1],[-4,1],[-4,2],[-3,1],[-4,1],[-4,1],[-4,2]],[[6879,2463],[-1,-2],[-2,-2],[-2,-1],[-1,-2],[-2,-2],[-2,-1],[-1,-2],[-2,-2],[-2,-1],[-1,-2],[-2,-2],[-2,-1],[-1,-2],[-2,-1],[-2,-2],[-1,-2],[-2,-1],[-2,-2],[-1,-2],[-2,-1],[-2,-2],[-1,-2],[-2,-1],[-2,-2],[-1,-2],[-2,-1],[-2,-2],[-1,-2],[-2,-1],[-2,-2],[-1,-2],[-2,-1],[-2,-2],[-1,-2],[-2,-1],[-2,-2],[-1,-1],[-2,-2],[-2,-2],[-1,-1],[-2,-2],[-2,-2],[-1,-1],[-2,-2],[-2,-2],[-1,-1],[-2,-2],[-1,-2],[-2,-1],[-2,-2],[-1,-2],[-2,-1],[-2,-2],[-1,-2],[-2,-1],[-2,-2],[-1,-2],[-2,-1],[-2,-2],[-1,-2],[-2,-1],[-2,-2],[-1,-2],[-2,-1]],[[9267,2065],[-4,-2],[-5,-2],[-5,-1],[-4,-2],[-5,-2],[-4,-2],[-5,-2],[-4,-2],[-5,-2],[-4,-3],[-4,-2],[-5,-2],[-4,-3],[-4,-2],[-4,-3],[-5,-2],[-4,-3],[-4,-3],[-4,-3],[-4,-3],[-4,-3],[-4,-3],[-3,-3],[-4,-3],[-4,-3],[-4,-3],[-3,-4],[-4,-3],[-4,-3],[-3,-4],[-4,-3],[-3,-4],[-3,-4],[-4,-3],[-3,-4],[-3,-4],[-3,-4],[-3,-4],[-4,-4],[-2,-4],[-3,-4],[-3,-4],[-3,-4],[-3,-4],[-3,-4],[-2,-5],[-3,-4],[-2,-5],[-3,-4],[-2,-4],[-2,-5],[-2,-5],[-3,-4],[-2,-5],[-2,-5],[-2,-4],[-2,-5],[-1,-5],[-2,-5],[-2,-5],[-1,-5],[-2,-5],[-1,-5],[-2,-5],[0,-1],[2,-6],[3,-6],[2,-6],[3,-5],[2,-6],[3,-6],[2,-6],[3,-6],[2,-6],[2,-5],[3,-6],[2,-6],[3,-6],[2,-6],[3,-6],[2,-5],[3,-6],[2,-6],[2,-6],[3,-6],[2,-6],[3,-5],[2,-6],[2,-6],[3,-6],[2,-6],[3,-5],[2,-6],[3,-6],[2,-6],[2,-6],[3,-5],[2,-6],[2,-6],[3,-6],[2,-6],[3,-5],[2,-6],[2,-6],[3,-6],[2,-6],[3,-5],[2,-6],[2,-6],[3,-6],[2,-5],[2,-6],[3,-6],[2,-6],[2,-6],[3,-5],[2,-6],[2,-6],[3,-6],[2,-5],[2,-6],[3,-6],[2,-6],[2,-5],[3,-6],[2,-6],[2,-6],[3,-5],[2,-6],[1,-1],[1,0],[1,-1],[1,0],[1,-1],[1,-1],[1,0],[1,-1],[1,0],[1,-1],[1,0],[1,-1],[1,0],[1,-1],[1,-1],[1,0],[2,-1],[1,0],[1,-1],[1,0],[1,-1],[1,0],[1,-1],[1,0],[1,-1],[1,0],[1,-1],[1,0],[1,-1],[1,0],[1,0],[1,-1],[2,0],[1,-1],[1,0],[1,-1],[1,0],[1,-1],[1,0],[1,-1],[1,0],[1,0],[1,-1],[2,0],[1,-1],[1,0],[1,-1],[1,0],[1,0],[1,-1],[1,0],[2,0],[1,-1],[1,0],[1,-1],[1,0],[1,0],[1,-1],[1,0],[2,0],[1,-1],[1,0],[1,-1],[1,0],[3,-1],[4,-1],[3,-1],[3,0],[3,-1],[3,-1],[3,-1],[3,0],[4,-1],[3,0],[3,-1],[3,-1],[3,0],[3,-1],[4,0],[3,0],[3,-1],[3,0],[3,0],[3,-1],[4,0],[3,0],[3,0],[3,-1],[3,0],[3,0],[3,0],[3,0],[4,0],[3,0],[3,0],[3,0],[3,0],[3,1],[3,0],[3,0],[3,0],[3,1],[4,0],[3,0],[3,1],[3,0],[3,0],[3,1],[3,0],[3,1],[3,0],[3,1],[3,1],[3,0],[3,1],[3,1],[3,0],[3,1],[3,1],[3,1],[3,1],[3,0],[3,1],[3,1],[2,1],[3,1],[3,1],[3,1],[1,-2],[2,-2],[1,-1],[1,-2],[1,-2],[1,-2],[2,-2],[1,-2],[1,-2],[1,-2],[2,-2],[1,-2],[1,-2],[1,-1],[1,-2],[2,-2],[1,-2],[1,-2],[1,-2],[2,-2],[1,-2],[1,-2],[1,-2],[1,-2],[2,-1],[1,-2],[1,-2],[1,-2],[1,-2],[2,-2],[1,-2],[1,-2],[1,-2],[1,-2],[2,-2],[1,-1],[1,-2],[1,-2],[2,-2],[1,-2],[1,-2],[1,-2],[1,-2],[2,-2],[1,-2],[1,-2],[1,-1],[1,-2],[2,-2],[1,-2],[1,-2],[1,-2],[1,-2],[2,-2],[1,-2],[1,-2],[1,-2],[1,-1],[2,-2],[1,-2],[1,-2],[1,-2],[1,-2],[2,-2],[4,1],[4,0],[4,0],[5,1],[4,0],[4,0],[4,1],[5,0],[4,0],[4,1],[4,0],[4,0],[5,1],[4,0],[4,0],[4,1],[5,0],[4,1],[4,0],[4,0],[5,1],[4,0],[4,0],[4,1],[5,0],[4,0],[4,0],[4,1],[5,0],[4,0],[4,1],[4,0],[5,0],[4,1],[4,0],[4,0],[5,1],[4,0],[4,0],[4,1],[4,0],[5,0],[4,1],[4,0],[4,0],[5,0],[4,1],[4,0],[4,0],[5,1],[4,0],[4,0],[4,0],[5,1],[4,0],[4,0],[4,1],[5,0],[4,0],[4,0],[4,1],[5,0],[4,0],[4,0],[-1,-1],[0,-1],[0,-1],[-1,0],[0,-1],[0,-1],[-1,-1],[0,-1],[-1,0],[0,-1],[0,-1],[-1,-1],[0,-1],[-1,-1],[0,-1],[0,-1],[-1,-1],[0,-1],[-1,-1],[0,-1],[0,-1],[-1,0],[0,-1],[-1,-1],[0,-1],[0,-1],[-1,0],[0,-1],[0,-1],[-1,-1],[0,-1],[0,-1],[-1,-1],[0,-1],[0,-1],[-1,-1],[0,-1],[-1,-1],[0,-1],[0,-1],[-1,-1],[0,-1],[-1,-1],[0,-1],[0,-1],[0,-1],[-1,0],[0,-1],[0,-1],[-1,-1],[0,-1],[0,-1],[-1,0],[0,-1],[0,-1],[0,-1],[-1,-1],[0,-1],[-1,-2],[0,-2],[-1,-2],[-1,-2],[0,-2],[-1,-2],[0,-2],[-1,-2],[-1,-2],[0,-3],[-1,-2],[0,-2],[-1,-2],[0,-2],[-1,-2],[0,-2],[-1,-2],[0,-2],[-1,-2],[0,-2],[-1,-3],[0,-2],[-1,-2],[0,-2],[0,-2],[-1,-2],[0,-2],[-1,-2],[0,-2],[0,-2],[-1,-2],[0,-3],[0,-2],[-1,-2],[0,-2],[0,-2],[0,-2],[-1,-2],[0,-2],[0,-2],[0,-2],[-1,-2],[0,-2],[0,-3],[0,-2],[0,-2],[0,-2],[-1,-2],[0,-2],[0,-2],[0,-2],[0,-2],[0,-2],[0,-2],[0,-2],[0,-2],[-1,-3],[0,-2],[0,-2],[0,-2],[0,-2],[0,-1],[0,-1],[0,-2],[0,-2],[0,-1],[0,-1],[0,-2],[0,-2],[1,-2],[0,-2],[0,-2],[0,-2],[0,-2],[0,-2],[0,-2],[0,-2],[0,-3],[0,-2],[1,-2],[0,-2],[0,-2],[0,-2],[0,-2],[1,-2],[0,-2],[0,-2],[0,-2],[0,-2],[1,-2],[0,-2],[0,-2],[1,-2],[0,-2],[0,-2],[0,-2],[1,-2],[0,-2],[0,-2],[1,-2],[0,-2],[0,-2],[1,-2],[0,-2],[1,-2],[0,-2],[0,-2],[1,-2],[0,-2],[1,-2],[0,-1],[1,-2],[0,-2],[1,-2],[0,-2],[1,-2],[0,-2],[1,-2],[0,-2],[1,-2],[0,-2],[1,-2],[0,-2],[1,-2],[1,-2],[0,-1],[1,-2],[0,-2],[1,-2],[1,-2],[0,-2],[1,-1],[0,-2],[1,-1],[0,-1],[1,-2],[0,-1],[1,-2],[0,-1],[1,-2],[0,-1],[1,-2],[0,-1],[1,-2],[1,-1],[0,-2],[1,-1],[0,-2],[1,-1],[1,-1],[0,-2],[1,-1],[0,-2],[1,-1],[1,-2],[0,-1],[1,-2],[1,-1],[0,-1],[1,-2],[1,-1],[0,-2],[1,-1],[1,-1],[0,-2],[1,-1],[1,-2],[0,-1],[1,-1],[1,-2],[0,-1],[1,-2],[1,-1],[1,-1],[0,-2],[1,-1],[1,-1],[1,-2],[0,-1],[1,-2],[1,-1],[1,-1],[0,-2],[1,-1],[1,-1],[1,-2],[1,-1],[0,-1],[1,-2],[1,-1],[1,-1],[1,-2],[0,-1],[1,-1],[-1,-1],[-1,-1],[-1,-1],[-1,-1],[-1,-1],[-1,-1],[-1,-1],[-2,-1],[-1,-1],[-1,-1],[-1,-1],[-1,-1],[-1,-1],[-1,-1],[-1,-1],[-1,-1],[-1,-1],[-1,-1],[-1,-1],[-2,-1],[-1,-1],[-1,-1],[-1,-1],[-1,-1],[-1,-1],[-1,-1],[-1,-1],[-1,-1],[-1,-1],[-1,-1],[-2,-1],[-1,-1],[-1,-1],[-1,-1],[-1,-1],[-1,-1],[-1,-1],[-1,-1],[-1,-1],[-1,-1],[-1,-1],[-1,-1],[-2,-1],[-1,-1],[-1,-1],[-1,-1],[-1,-1],[-1,-1],[-1,-1],[-1,-1],[-1,-1],[-1,-1],[-1,-1],[-1,-1],[-1,-1],[-2,-1],[-1,0],[-1,-1],[-1,-1],[-1,-1],[-1,-1],[-1,-1],[-1,-1],[-1,-1],[0,-1],[1,0],[1,0],[1,0],[0,-1],[1,0],[1,0],[2,-1],[1,0],[2,-1],[1,0],[0,-1],[1,0],[1,0],[1,-1],[2,0],[1,-1],[2,-1],[1,0],[2,-1],[1,-1],[1,0],[2,-1],[1,-1],[2,-1],[1,0],[2,-1],[1,-1],[1,-1],[2,0],[1,-1],[1,-1],[2,-1],[1,-1],[1,-1],[2,-1],[1,0],[1,-1],[2,-1],[1,-1],[1,-1],[1,-1],[1,0],[0,-1],[1,0],[1,-1],[1,-1],[1,0],[0,-1],[2,-1],[1,-1],[1,-1],[1,-1],[1,-1],[2,-1],[1,-1],[1,-1],[1,-1],[1,-1],[1,-1],[1,-1],[2,-1],[1,-1],[1,-2],[1,-1],[1,-1],[1,-1],[1,-1],[1,-1],[1,-1],[1,-2],[1,-1],[1,-1],[1,-1],[1,-1],[2,-2],[1,-2],[2,-2],[1,-3],[2,-2],[1,-2],[1,-2],[2,-2],[1,-2],[2,-3],[1,-2],[1,-2],[1,-2],[2,-3],[1,-2],[1,-2],[1,-2],[1,-3],[1,-2],[1,-3],[1,-2],[1,-2],[1,-3],[1,-2],[1,-3],[1,-2],[0,-2],[1,-3],[1,-2],[0,-3],[1,-2],[1,-3],[0,-2],[1,-3],[0,-3],[1,-2],[0,-3],[1,-2],[0,-3],[1,-2],[0,-3],[0,-3],[0,-2],[1,-3],[0,-2],[0,-3],[0,-3],[0,-2],[0,-3],[0,-3],[0,-2],[0,-3],[0,-2],[0,-3],[0,-1],[-1,-2],[0,-2],[0,-3],[0,-3],[-1,-2],[0,-1],[0,-2],[0,-3],[-1,-2],[0,-1],[0,-1],[0,-1],[-1,-3],[0,-1],[-1,0],[0,-1],[0,-1],[0,-1],[-1,0],[0,-1],[0,-1],[-1,0],[0,-1],[0,-1],[0,-1],[-1,0],[0,-1],[0,-1]],[[7169,2272],[4,2],[3,2],[3,2],[3,2],[4,2],[3,1],[3,2],[4,2],[3,2],[3,2],[4,1],[3,2],[3,2],[4,2],[3,2],[3,1],[3,2],[4,2],[3,2],[3,2],[4,1],[3,2],[3,2],[4,2],[3,2],[2,1],[1,0],[4,2],[3,2],[3,2],[4,2],[3,1],[3,2],[4,2],[3,2],[3,2],[4,1],[3,2],[3,2],[4,2],[3,2],[3,1],[4,2],[3,2],[3,2],[4,1],[3,2],[3,2],[4,2],[3,2],[4,1],[3,2],[3,2],[4,2],[3,1],[3,2],[4,2],[3,2],[3,2],[4,1],[3,2],[3,2],[4,2],[3,1],[4,2],[4,3],[5,2],[5,3],[5,3],[5,2],[5,3],[5,2],[5,3],[5,3],[5,2],[1,0],[4,3],[5,2],[5,3],[5,3],[5,2],[5,3],[5,2],[5,3],[5,3],[5,2],[5,3],[5,2],[1,0],[4,3],[5,2],[5,3],[5,3],[4,1],[1,1],[6,3],[5,2],[5,3],[5,2],[5,3],[5,2],[2,1],[3,2],[3,2],[2,1],[5,2],[5,3],[5,2],[5,3],[5,2],[5,3],[5,2],[5,3],[5,2],[5,3],[2,1],[3,2],[4,1],[1,1],[6,3],[5,2],[5,3],[5,2],[5,3],[5,2],[5,3],[5,2],[5,3],[5,2],[1,1],[4,2],[6,2],[5,3],[5,2],[5,3],[5,2],[5,3]],[[6879,2463],[4,3],[3,3],[3,3],[3,3],[4,4],[3,3],[3,3],[4,3],[3,3],[3,4],[3,3],[4,3],[3,3],[3,3],[3,4],[4,3],[3,3],[3,3],[4,3],[3,3],[3,4],[3,3],[4,3],[3,3],[3,3],[4,4],[3,3],[3,3],[3,3],[4,3],[3,4],[3,3],[4,3],[3,3],[3,3],[4,3],[3,4],[3,3],[4,3],[3,3],[3,3],[3,4],[4,3],[3,3],[3,3],[4,3],[3,3],[3,4],[4,3],[3,3],[3,3],[4,3],[3,3],[4,4],[3,3],[3,3],[4,3],[3,3],[3,3],[4,4],[3,3],[3,3],[4,3],[3,3]],[[6925,2921],[-4,0],[-4,0],[-4,0],[-3,0],[-4,0],[-4,0],[-4,0],[-3,1],[-4,0],[-4,0],[-4,0],[-4,0],[-3,0],[-4,0],[-4,0],[-4,0],[-3,0],[-4,0],[-4,0],[-4,0],[-3,0],[-4,0],[-4,0],[-4,0],[-3,0],[-4,0],[-4,0],[-4,0],[-3,0],[-4,0],[-4,0],[-4,0],[-3,1],[-4,0],[-4,0],[-4,0],[-3,0],[-4,0],[-4,0],[-4,0],[-3,0],[-4,0],[-4,0],[-4,0],[-3,0],[-4,0],[-4,0],[-4,0],[-3,0],[-4,0],[-4,0],[-4,0],[-3,0],[-4,0],[-4,0],[-4,0],[-4,0],[-3,0],[-4,0],[-4,0],[-4,0],[-3,0],[-4,0],[-4,0],[0,-2],[0,-1],[0,-1],[0,-1],[0,-1],[0,-2],[0,-1],[0,-1],[0,-1],[0,-1],[0,-2],[0,-1],[0,-1],[0,-1],[0,-1],[0,-2],[0,-1],[0,-1],[0,-1],[0,-1],[0,-2],[0,-1],[0,-1],[0,-1],[0,-1],[0,-2],[0,-1],[0,-1],[0,-1],[0,-1],[0,-2],[0,-1],[0,-1],[0,-1],[0,-1],[0,-2],[0,-1],[0,-1],[0,-1],[0,-1],[0,-2],[0,-1],[0,-1],[0,-1],[0,-1],[0,-2],[0,-1],[0,-1],[0,-1],[0,-1],[0,-2],[0,-1],[0,-1],[0,-1],[0,-1],[0,-2],[0,-1],[0,-1],[0,-1],[0,-1],[0,-2],[0,-1],[0,-1],[0,-1],[-1,0],[-1,0],[-1,0],[-1,0],[-1,0],[-1,0],[-1,0],[-1,0],[-1,0],[-1,0],[-1,0],[-1,0],[-1,0],[-1,0],[-1,0],[-1,0],[-1,0],[-1,0],[-1,0],[-1,0],[-1,0],[-1,0],[-1,0],[-1,0],[0,-1],[-1,0],[-1,0],[-1,0],[-1,0],[-1,0],[-1,0],[-1,0],[-1,0],[-1,0],[-1,0],[-1,0],[-1,0],[-1,0],[-1,0],[-1,0],[-1,0],[-1,0],[-1,0],[-1,0],[-1,0],[-1,0],[-1,0],[-1,0],[-1,0],[-1,0],[-1,0],[-1,0],[-1,0],[-1,0],[-1,0],[-1,0],[-1,0],[-1,0],[3,-1],[4,-1],[4,0],[3,-1],[4,-1],[3,-1],[4,-1],[3,-2],[4,-1],[3,-1],[3,-2],[4,-1],[3,-2],[3,-1],[3,-2],[3,-2],[3,-1],[3,-2],[3,-2],[3,-2],[3,-2],[3,-2],[3,-3],[3,-2],[2,-2],[3,-3],[3,-2],[2,-2],[3,-3],[2,-2],[2,-3],[3,-3],[2,-2],[2,-3],[2,-3],[2,-3],[2,-3],[2,-3],[2,-3],[2,-3],[1,-3],[2,-3],[2,-3],[1,-3],[2,-3],[1,-4],[1,-3],[2,-3],[1,-4],[1,-3],[1,-3],[1,-4],[1,-3],[1,-4],[0,-3],[1,-4],[0,-3],[1,-4],[0,-4],[1,-3],[0,-4],[0,-4],[0,-3],[0,-4],[-3,0],[-2,0],[-3,0],[-3,0],[-2,0],[-3,0],[-3,0],[-3,0],[-2,0],[-3,0],[-3,0],[-3,0],[-2,0],[-3,0],[-3,0],[-2,0],[-3,0],[-3,0],[-3,0],[-2,0],[-3,0],[-3,0],[-3,0],[-2,0],[-3,0],[-3,0],[-3,0],[-2,0],[-3,0],[-3,0],[-2,0],[-3,0],[-3,0],[-3,0],[-2,0],[-3,0],[-3,0],[-3,0],[-2,0],[-3,0],[-3,0],[-2,0],[-3,0],[-3,0],[-3,0],[-2,0],[-3,0],[-3,0],[-3,0],[-2,0],[-3,0],[-3,0],[-2,0],[-3,0],[-3,0],[-3,0],[-2,0],[-3,0],[-3,0],[-3,0],[-2,0],[-3,0],[-3,0],[-2,0],[-1,-1],[-1,-2],[-2,-2],[-1,-1],[-1,-2],[-1,-2],[-1,-1],[-1,-2],[-1,-2],[-1,-1],[-1,-2],[-1,-2],[-1,-1],[-1,-2],[-1,-2],[-1,-1],[-1,-2],[-1,-2],[-1,-1],[-1,-2],[-1,-2],[-1,-1],[-1,-2],[-1,-2],[-1,-1],[-1,-2],[-1,-2],[-1,-1],[-1,-2],[-1,-2],[-1,-1],[-1,-2],[-1,-2],[-1,-1],[-1,-2],[-1,-2],[-1,-1],[-1,-2],[-1,-2],[-1,-1],[-1,-2],[-1,-2],[-1,0],[0,-1],[-1,-2],[-1,-2],[-1,-1],[-1,-2],[-1,-2],[-1,-1],[-1,-2],[-1,-2],[-1,-1],[-1,-2],[-1,-2],[-1,-1],[-1,-2],[-1,-2],[-1,-1],[-1,-2],[-1,-2],[-1,-1],[-1,-2],[-1,-2],[-1,-1],[0,-1],[0,-1],[0,-1],[1,0],[0,-1],[0,-1],[0,-1],[1,-1],[0,-1],[0,-1],[1,-1],[0,-1],[0,-1],[0,-1],[1,-1],[0,-1],[0,-1],[0,-1],[0,-1],[1,0],[0,-1],[0,-1],[0,-1],[0,-1],[1,-1],[0,-1],[0,-1],[0,-1],[0,-1],[0,-1],[0,-1],[0,-1],[1,0],[0,-1],[0,-1],[0,-1],[0,-1],[0,-1],[0,-1],[0,-1],[0,-1],[0,-1],[0,-1],[0,-1],[0,-1],[0,-1],[0,-1],[0,-1],[0,-1],[0,-1],[0,-1],[0,-1],[0,-1],[0,-1],[0,-1],[0,-1],[0,-1],[0,-1],[0,-1],[0,-1],[0,-1],[-1,-1],[0,-1],[0,-1],[0,-1],[0,-1],[0,-1],[0,-1],[-1,-1],[0,-1],[0,-1],[0,-1],[0,-1],[-1,-1],[0,-1],[0,-1],[0,-1],[0,-1],[-1,-1],[0,-1],[0,-1],[0,-1],[-1,-1],[0,-1],[0,-1],[-1,-1],[0,-1],[0,-1],[-1,-1],[0,-1],[0,-1],[-1,-1],[0,-1],[0,-1],[-1,0],[0,-1],[0,-1],[-1,-1],[0,-1],[-1,-1],[0,-1],[0,-1],[-1,-1],[-1,-1],[0,-1],[0,-1],[-1,0],[0,-1],[-1,-1]],[[6964,2665],[-1,-1],[-1,0],[-1,-1],[-1,0],[-1,0],[-1,-1],[-1,0],[-1,0],[0,-1],[-1,0],[-1,0],[-1,-1],[-1,0],[-1,0],[-1,0],[0,-1],[-1,0],[-1,0],[-1,0],[-1,-1],[-1,0],[-1,0],[-1,0],[0,-1],[-1,0],[-1,0],[-1,0],[-1,-1],[-1,0],[-1,0],[-1,0],[-1,0],[-1,-1],[-1,0],[-1,0],[-1,0],[-1,0],[-1,-1],[-1,0],[-1,0],[-1,0],[-1,0],[-1,0],[-1,-1],[-1,0],[-1,0],[-1,0],[-1,0],[0,4],[0,4],[0,4],[0,5],[0,4],[0,4],[1,4],[0,4],[0,4],[0,5],[0,4],[0,4],[0,4],[0,4],[0,4],[0,5],[0,4],[1,4],[0,4],[0,4],[0,4],[0,5],[0,4],[0,4],[0,4],[0,4],[0,5],[0,4],[0,4],[1,4],[0,4],[0,5],[0,4],[0,4],[0,4],[0,4],[0,5],[0,4],[0,4],[0,4],[1,4],[0,4],[0,5],[0,4],[0,4],[0,4],[0,4],[0,5],[0,4],[0,4],[0,4],[0,5],[1,4],[0,4],[0,4],[0,4],[0,5],[0,4],[0,4],[0,4],[0,4],[0,5],[0,4],[1,4]],[[7106,3041],[-3,-2],[-2,-2],[-3,-2],[-3,-2],[-3,-2],[-3,-1],[-3,-2],[-3,-2],[-3,-2],[-2,-2],[-3,-2],[-3,-2],[-3,-1],[-3,-2],[-3,-2],[-3,-2],[-2,-2],[-3,-2],[-3,-2],[-3,-1],[-3,-2],[-3,-2],[-2,-2],[-3,-2],[-3,-2],[-3,-2],[-3,-2],[-3,-1],[-3,-2],[-2,-2],[-3,-2],[-3,-2],[-3,-2],[-3,-2],[-3,-1],[-2,-2],[-3,-2],[-3,-2],[-3,-2],[-3,-2],[-3,-2],[-2,-2],[-3,-1],[-3,-2],[-3,-2],[-3,-2],[-3,-2],[-2,-2],[-3,-2],[-3,-2],[-3,-1],[-3,-2],[-2,-2],[-3,-2],[-3,-2],[-3,-2],[-3,-2],[-3,-2],[-2,-2],[-3,-1],[-3,-2],[-3,-2],[-3,-2],[-2,-2]],[[9257,3191],[-1,-3],[0,-4],[0,-4],[0,-3],[0,-4],[0,-4],[-1,-3],[0,-4],[0,-4],[0,-3],[0,-4],[0,-4],[-1,-4],[0,-3],[0,-4],[0,-4],[0,-3],[0,-4],[0,-4],[-1,-3],[0,-4],[0,-4],[0,-3],[0,-4],[0,-4],[-1,-3],[0,-4],[0,-4],[0,-3],[0,-4],[0,-4],[0,-3],[-1,-4],[0,-4],[0,-3],[0,-4],[0,-4],[0,-3],[-1,-4],[0,-4],[0,-3],[0,-4],[0,-4],[0,-3],[0,-4],[-1,-4],[0,-3],[0,-4],[0,-4],[0,-3],[0,-4],[0,-4],[-1,-3],[0,-4],[0,-4],[0,-3],[0,-4],[0,-4],[-1,-3],[0,-4],[0,-4],[0,-3],[0,-4],[0,-4]],[[5820,4046],[-4,1],[-3,1],[-3,1],[-4,1],[-3,1],[-4,1],[-3,1],[-3,1],[-4,1],[-3,1],[-4,1],[-3,1],[-3,0],[-4,1],[-3,1],[-4,1],[-3,1],[-3,1],[-4,1],[-3,1],[-4,1],[-3,1],[-3,1],[-4,1],[-3,1],[-4,0],[-3,1],[-3,1],[-4,1],[-3,1],[-4,1],[-3,1],[-3,1],[-4,1],[-3,1],[-4,1],[-3,0],[-4,1],[-3,1],[-3,1],[-4,1],[-3,1],[-4,1],[-3,1],[-3,1],[-4,1],[-3,0],[-4,1],[-3,1],[-4,1],[-3,1],[-3,1],[-4,1],[-3,1],[-4,1],[-3,0],[-3,1],[-4,1],[-3,1],[-4,1],[-3,1],[-4,1],[-3,1],[-3,1],[-3,4],[-3,5],[-3,5],[-3,5],[-3,4],[-3,5],[-3,5],[-3,5],[-3,5],[-3,4],[-3,5],[-3,5],[-3,5],[-3,4],[-3,5],[-3,5],[-3,5],[-3,4],[-3,5],[-3,5],[-4,5],[-3,5],[-3,4],[-3,5],[-3,5],[-3,5],[-3,4],[-3,5],[-3,5],[-3,5],[-3,4],[-3,5],[-3,5],[-3,5],[-3,5],[-3,4],[-3,5],[-3,5],[-3,5],[-4,4],[-3,5],[-3,5],[-3,5],[-3,4],[-3,5],[-3,5],[-3,5],[-3,5],[-3,4],[-4,5],[-3,5],[-3,5],[-3,4],[-3,5],[-3,5],[-3,5],[-3,4],[-4,5],[-3,5],[-3,5],[-3,4],[-3,5],[-3,5],[-3,5],[0,1],[0,1],[0,1],[0,1],[0,1],[0,1],[0,1],[0,1],[0,1],[0,1],[0,1],[-1,0],[0,5],[0,4],[-1,4],[0,4],[-1,4],[-1,4],[-1,4],[-1,4],[-1,4],[-2,4],[-1,4],[-1,4],[-2,3],[-2,4],[-2,4],[-1,3],[-2,4],[-3,3],[-2,4],[-2,3],[-2,4],[-3,3],[-2,3],[-3,3],[-3,3],[-2,3],[-3,3],[-3,3],[-3,3],[-3,3],[-3,3],[-4,2],[-3,3],[-3,3],[-4,2],[-3,2],[-4,3],[-4,2],[-3,2],[-4,2],[-4,2],[-4,2],[-4,2],[-4,1],[-4,2],[-4,2],[-4,1],[-4,1],[-4,2],[-5,1],[-4,1],[-4,1],[-5,1],[-4,1],[-5,0],[-4,1],[-5,0],[-4,1],[-5,0],[-4,0],[-5,0],[-5,0],[-5,0],[-4,0],[-4,0],[-3,0],[-4,-1],[-4,0],[-3,-1],[-4,0],[-3,-1],[-4,-1],[-3,0],[-3,-1],[-4,-1],[-3,-1],[-3,-1],[-4,-1],[-3,-1],[-3,-1],[-3,-1],[-3,-2],[-4,-1],[-3,-1],[-3,-2],[-3,-1],[-3,-1],[-3,-2],[-3,-2],[-2,-1],[-3,-2],[-3,-2],[-3,-1],[-3,-2],[-2,-2],[-3,-2],[-2,-2],[-3,-2],[-3,-2],[-2,-2],[-2,-2],[-3,-2],[-2,-2],[-2,-3],[-3,-2],[-2,-2],[-2,-2],[-2,-3],[-2,-2],[-2,-3],[-2,-2],[-2,-2],[-2,-3],[-2,-3],[-1,-2],[-2,-3],[-2,-2],[-1,-3],[-2,-3],[-1,-3],[-2,-2],[-1,-3],[-1,-3],[-1,-3],[-2,-3],[-1,-2],[-1,-3],[-1,-3],[-3,1],[-3,2],[-3,2],[-3,1],[-3,2],[-3,2],[-3,1],[-3,2],[-4,1],[-3,2],[-3,2],[-3,1],[-3,2],[-3,2],[-3,1],[-3,2],[-3,1],[-3,2],[-3,2],[-3,1],[-4,2],[-3,1],[-3,2],[-3,2],[-3,1],[-3,2],[-3,2],[-3,1],[-3,2],[-3,1],[-4,2],[-3,2],[-3,1],[-3,2],[-3,1],[-3,2],[-3,2],[-3,1],[-3,2],[-3,1],[-4,2],[-3,2],[-3,1],[-3,2],[-3,1],[-3,2],[-3,2],[-3,1],[-3,2],[-4,1],[-3,2],[-3,2],[-3,1],[-3,2],[-3,1],[-3,2],[-3,2],[-4,1],[-3,2],[-3,1],[-3,2],[-3,2],[-3,1],[-3,2],[-1,6],[-1,7],[-1,6],[-1,6],[-2,6],[-1,6],[-2,7],[-2,6],[-1,6],[-2,6],[-2,5],[-3,6],[-2,6],[-3,6],[-2,6],[-3,5],[-3,6],[-3,5],[-3,6],[-3,5],[-3,5],[-4,6],[-3,5],[-4,5],[-3,5],[-4,5],[-4,5],[-4,5],[-4,5],[-5,4],[-4,5],[-4,5],[-5,4],[-5,4],[-4,5],[-5,4],[-5,4],[-5,4],[-5,4],[-5,4],[-5,4],[-6,4],[-5,3],[-6,4],[-5,3],[-6,4],[-6,3],[-5,3],[-6,3],[-6,3],[-6,3],[-6,3],[-6,3],[-7,2],[-6,3],[-6,2],[-7,2],[-6,2],[-6,2],[-7,2],[-7,2],[-6,2],[-7,2],[-7,1],[-3,0],[-3,0],[-3,0],[-3,1],[-4,0],[-3,0],[-3,0],[-3,0],[-3,0],[-3,0],[-3,0],[-3,0],[-4,0],[-3,0],[-3,0],[-3,0],[-3,0],[-3,0],[-3,0],[-3,1],[-4,0],[-3,0],[-3,0],[-3,0],[-3,0],[-3,0],[-3,0],[-4,0],[-3,0],[-3,0],[-3,0],[-3,0],[-3,0],[-3,0],[-3,0],[-4,0],[-3,0],[-3,0],[-3,0],[-3,1],[-3,0],[-3,0],[-3,0],[-4,0],[-3,0],[-3,0],[-3,0],[-3,0],[-3,0],[-3,0],[-4,0],[-3,0],[-3,0],[-3,0],[-3,0],[-3,0],[-3,0],[-3,0],[-4,0],[-3,0],[-3,0],[-3,0],[-3,0],[-3,0],[0,-1],[0,-1],[0,-1],[0,-1],[0,-1],[0,-1],[0,-1],[0,-1],[0,-1],[0,-1],[0,-1],[0,-1],[0,-1],[0,-1],[0,-1],[0,-1],[0,-1],[0,-1],[0,-1],[0,-1],[0,-1],[0,-1],[0,-1],[0,-1],[0,-1],[0,-1],[0,-1],[0,-1],[0,-1],[0,-1],[0,-2],[0,-1],[0,-1],[0,-1],[0,-1],[0,-1],[0,-1],[1,-1],[0,-1],[0,-1],[0,-1],[0,-1],[0,-1],[0,-1],[0,-1],[0,-1],[0,-1],[0,-1],[0,-1],[0,-1],[0,-1],[0,-1],[0,-1],[0,-1],[0,-1],[0,-1],[0,-1],[0,-1],[0,-1],[0,-1],[0,-1],[0,-1],[0,-1],[0,-1],[-2,0],[-1,0],[-2,0],[-2,0],[-2,0],[-2,0],[-1,0],[-2,0],[-2,0],[-2,0],[-1,0],[-2,0],[-2,0],[-2,0],[-1,0],[-2,0],[-2,0],[-2,0],[-1,0],[-2,0],[-2,0],[-2,0],[-1,0],[-2,0],[-2,0],[-2,0],[-1,0],[-2,0],[-2,1],[-2,0],[-2,0],[-1,0],[-2,0],[-2,0],[-2,0],[-1,0],[-2,0],[-2,0],[-2,0],[-1,0],[-2,0],[-2,0],[-2,0],[-1,0],[-2,0],[-2,0],[-2,0],[-1,0],[-2,0],[-2,0],[-2,0],[-2,0],[-1,0],[-2,0],[-2,0],[-2,0],[-1,0],[-2,0],[-2,0],[-2,0],[-1,0],[-2,0],[-2,0],[-2,0],[-4,0],[-4,1],[-5,0],[-4,0],[-4,0],[-4,0],[-5,0],[-4,0],[-4,0],[-5,0],[-4,0],[-4,0],[-5,0],[-4,0],[-4,0],[-5,0],[-4,0],[-4,0],[-4,0],[-5,0],[-4,0],[-4,0],[-5,0],[-4,0],[-4,0],[-5,0],[-4,0],[-4,0],[-5,0],[-4,0],[-4,0],[-4,0],[-5,0],[-4,0],[-4,0],[-5,0],[-4,0],[-4,0],[-5,0],[-4,0],[-4,0],[-5,0],[-4,0],[-4,0],[-5,0],[-4,0],[-4,0],[-4,0],[-5,0],[-4,0],[-4,0],[-5,0],[-4,0],[-4,0],[-5,0],[-4,0],[-4,0],[-5,0],[-4,0],[-4,0],[-4,0],[-5,0],[-4,0],[-4,0],[-8,2],[-7,3],[-7,2],[-8,3],[-7,2],[-7,3],[-8,2],[-7,2],[-7,3],[-8,2],[-7,3],[-7,2],[-8,3],[-7,2],[-7,2],[-8,3],[-7,2],[-7,3],[-8,2],[-7,2],[-8,3],[-7,2],[-7,3],[-8,2],[-7,2],[-7,3],[-8,2],[-7,2],[-8,3],[-7,2],[-7,2],[-8,3],[-7,2],[-8,2],[-7,3],[-8,2],[-7,2],[-7,3],[-8,2],[-7,2],[-8,3],[-7,2],[-8,2],[-7,3],[-8,2],[-7,2],[-8,2],[-7,3],[-7,2],[-8,2],[-7,3],[-8,2],[-7,2],[-8,2],[-7,3],[-8,2],[-7,2],[-8,2],[-7,2],[-8,3],[-7,2],[-8,2],[-7,2],[-8,3],[-1,0],[-1,0],[-1,0],[0,1],[-1,0],[-1,0],[-1,0],[-1,1],[-1,0],[-1,0],[-1,0],[0,1],[-1,0],[-1,0],[-1,0],[-1,1],[-1,0],[-1,0],[-1,1],[-1,0],[-1,0],[-1,0],[-1,1],[-1,0],[-1,0],[-1,1],[-1,0],[-1,0],[-1,0],[0,1],[-1,0],[-1,0],[-1,0],[-1,1],[-1,0],[-1,0],[-1,0],[0,1],[-1,0],[1,0],[0,1],[0,1],[1,0],[0,1],[1,0],[0,1],[1,1],[1,1],[1,1],[0,1],[1,0],[0,1],[1,1],[0,1],[1,0],[0,1],[1,0],[0,1],[1,1],[1,1],[1,1],[0,1],[1,1],[1,1],[0,1],[1,0],[0,1],[1,0],[0,1],[1,1],[1,1],[1,1],[0,1],[1,1],[1,1],[0,1],[1,0],[0,1],[1,0],[0,1],[1,1],[1,1],[0,1],[1,1],[1,1],[1,1],[0,1],[1,0],[-5,0],[-5,-1],[-5,-1],[-5,0],[-5,-1],[-5,0],[-5,-1],[-5,-1],[-5,0],[-5,-1],[-5,0],[-5,-1],[-5,-1],[-5,0],[-5,-1],[-5,-1],[-5,0],[-5,-1],[-5,0],[-5,-1],[-5,-1],[-5,0],[-4,-1],[-5,-1],[-5,0],[-5,-1],[-5,-1],[-5,0],[-5,-1],[-5,-1],[-5,0],[-5,-1],[-5,0],[-5,-1],[-5,-1],[-5,0],[-5,-1],[-5,-1],[-5,0],[-5,-1],[-5,-1],[-5,0],[-5,-1],[-4,-1],[-5,-1],[-5,0],[-5,-1],[-5,-1],[-5,0],[-5,-1],[-5,-1],[-5,0],[-5,-1],[-5,-1],[-5,0],[-5,-1],[-5,-1],[-5,-1],[-5,0],[-5,-1],[-4,-1],[-5,0],[-5,-1],[-5,-1]],[[7727,6258],[1,1],[0,1],[1,0],[0,1],[1,0],[0,1],[1,1],[1,1],[1,0],[0,1],[1,1],[1,1],[1,1],[0,1],[1,0],[0,1],[1,0],[0,1],[1,1],[1,1],[1,1],[1,1],[1,1],[0,1],[1,0],[0,1],[1,0],[0,1],[1,1],[1,1],[1,1],[0,1],[1,0],[1,1],[1,1],[0,1],[1,0],[0,1],[1,0],[0,1],[1,1],[1,1],[1,1],[0,1],[1,0],[0,1],[1,0],[1,1],[0,1],[1,0],[0,1],[1,0],[0,1]],[[7805,6333],[0,1],[1,1],[0,1],[1,1],[0,1],[1,1],[0,1],[1,1],[0,1],[0,1],[1,0],[0,1],[0,1],[1,1],[0,1],[1,1],[0,1],[0,1],[1,0],[0,1],[0,1],[1,1],[0,1],[1,1],[0,1],[1,1],[0,1],[0,1],[1,0],[0,1],[0,1],[1,1],[0,1],[1,1],[0,1],[0,1],[1,0],[0,1],[0,1],[1,1],[0,1],[1,1],[0,1],[1,1],[0,1],[0,1],[1,0],[0,1],[0,1],[1,1],[1,1],[0,1],[0,1],[1,1]],[[8299,6429],[0,-1],[0,-1],[1,-1],[0,-1],[0,-1],[0,-1],[1,-1],[0,-1],[0,-1],[0,-1],[1,-1],[0,-1],[0,-1],[0,-1],[0,-1],[1,-1],[0,-1],[0,-1],[0,-1],[1,-1],[0,-1],[0,-1],[0,-1],[1,-1],[0,-1],[0,-1],[0,-1],[1,-1],[0,-1],[0,-1],[0,-1],[0,-1],[1,-1],[0,-1],[0,-1],[0,-1],[1,-1],[0,-1],[0,-1],[0,-1],[1,-1],[0,-1],[0,-1],[0,-1],[1,-1],[0,-1],[0,-1],[0,-1],[0,-1],[1,-1],[0,-1],[0,-1],[0,-1]],[[7574,6839],[0,1],[-1,0],[-1,1],[0,1],[-1,0],[-1,1],[0,1],[-1,0],[-1,1],[0,1],[-1,0],[0,1],[-1,0],[-1,1],[0,1],[-1,0],[-1,1],[0,1],[-1,0],[-1,1],[0,1],[-1,0],[-1,1],[0,1],[-1,0],[0,1],[-1,0],[0,1],[-1,0],[0,1],[-1,0],[0,1],[-1,0],[0,1],[-1,0],[0,1],[-1,0],[0,1],[-1,0],[0,1],[-1,0],[0,1],[-1,0]],[[9903,6642],[-2,2],[-1,1],[-2,2],[-2,2],[-1,1],[-2,2],[-2,2],[-1,1],[-2,2],[-2,1],[-1,2],[-2,2],[-2,1],[-1,2],[-2,1],[-2,2],[-2,2],[-1,1],[-2,2],[-2,1],[-1,2],[-2,2],[-2,1],[-1,2],[-2,1],[-2,2],[-2,1],[-1,2],[-2,2],[-2,1],[-1,2],[-2,1],[-2,2],[-1,2],[-2,1],[-2,2],[-2,1],[-1,2],[-2,2],[-2,1],[-1,2],[-2,1],[-2,2],[-2,2],[-1,1],[-2,2],[-2,1],[-1,2],[-2,2],[-2,1],[-2,2],[-1,1],[-2,2],[-2,2],[-1,1],[-2,2],[-2,1],[-2,2],[-1,2],[-2,1],[-2,2],[-1,1],[-2,2],[-2,1],[0,3],[0,3],[-1,3],[0,2],[0,3],[0,3],[0,3],[-1,2],[0,3],[0,3],[0,2],[0,3],[-1,3],[0,3],[0,2],[0,3],[0,3],[-1,2],[0,3],[0,3],[0,3],[0,2],[-1,3],[0,3],[0,2],[0,3],[0,3],[-1,3],[0,2],[0,3],[0,3],[-1,2],[0,3],[0,3],[0,3],[0,2],[-1,3],[0,3],[0,2],[0,3],[0,3],[-1,3],[0,2],[0,3],[0,3],[0,3],[-1,2],[0,3],[0,3],[0,2],[-1,3],[0,3],[0,3],[0,2],[0,3],[-1,3],[0,2],[0,3],[0,3],[0,3],[-1,2],[0,3],[0,3],[0,2],[0,2],[0,1],[0,1],[0,1],[0,1],[0,2],[0,1],[0,1],[0,1],[-1,1],[0,2],[0,1],[0,1],[-1,1],[0,1],[-1,1],[0,1],[0,2],[-1,1],[-1,1],[0,1],[-1,1],[0,1],[-1,1],[-1,1],[0,1],[-1,1],[-1,1],[-1,1],[-1,1],[0,2],[-1,0],[-1,1],[-1,1],[-1,1],[-1,1],[-1,1],[-1,1],[-1,1],[-2,1],[-1,1],[-1,1],[-1,0],[-1,1],[-2,1],[-1,1],[-1,1],[-2,0],[-1,1],[-1,1],[-2,1],[-1,0],[-2,1],[-1,0],[-2,1],[-1,1],[-2,0],[-1,1],[-2,0],[-2,1],[-1,0],[-2,1],[-2,0],[-1,1],[-1,0],[-1,0],[-1,0],[-1,0],[-1,0],[0,1],[-1,0],[-1,-1],[-1,-1],[-1,-1],[-1,0],[-1,-1],[-1,-1],[-1,-1],[-1,0],[-1,-1],[-1,-1],[-1,0],[-1,-1],[-1,-1],[-1,0],[-1,-1],[-1,-1],[-1,0],[-1,-1],[-2,0],[-1,-1],[-1,0],[-1,-1],[-1,0],[-2,-1],[-1,0],[-1,-1],[-1,0],[-2,-1],[-1,0],[-1,-1],[-2,0],[-1,0],[-1,-1],[-1,0],[-2,0],[-1,-1],[-2,0],[-1,0],[-1,0],[-2,-1],[-1,0],[-1,0],[-2,0],[-1,0],[-2,-1],[-1,0],[-1,0],[-2,0],[-1,0],[-2,0],[-1,0],[-2,0],[-1,0],[-1,0],[-2,0],[-1,0],[-2,0],[-1,0],[-2,0],[-1,0],[-2,0],[-1,0],[-2,0],[-1,1],[-1,0],[-1,0],[-1,0],[-1,0],[-1,0],[-1,0],[0,1],[-1,0],[-1,0],[-1,0],[-1,0],[-1,0],[0,1],[-1,0],[-1,0],[-1,0],[-1,1],[-1,0],[-1,0],[-1,0],[0,1],[-1,0],[-1,0],[-1,0],[-1,1],[-1,0],[-1,0],[-1,1],[-1,0],[-1,0],[0,1],[-1,0],[-1,0],[0,1],[-1,0],[-1,0],[0,1],[-1,0],[-1,0],[0,1],[-1,0],[-1,0],[0,1],[-1,0],[-1,0],[0,1],[-1,0],[-1,0],[0,1],[-1,0],[-1,0],[0,1],[-1,0],[0,1],[-1,0],[-1,1],[-1,0],[0,1],[-1,0],[-1,1],[-1,0],[0,1],[-1,0],[0,1],[-1,0],[0,1],[-1,0],[0,1],[-1,0],[0,1],[-1,0],[0,1],[-1,0],[0,1],[-1,0],[-2,-1],[-1,-2],[-2,-1],[-2,-2],[-2,-2],[-1,-1],[-2,-2],[-2,-2],[-1,-1],[-2,-2],[-2,-2],[-1,-1],[-2,-2],[-2,-1],[-1,-2],[-2,-2],[-2,-1],[-1,-2],[-2,-2],[-2,-1],[-1,-2],[-2,-1],[-2,-2],[-1,-2],[-2,-1],[-2,-2],[-1,-2],[-2,-1],[-2,-2],[-2,-2],[-1,-1],[-2,-2],[-2,-1],[-1,-2],[-2,-2],[-2,-1],[-1,-2],[-2,-2],[-2,-1],[-1,-2],[-2,-2],[-2,-1],[-1,-2],[-2,-1],[-1,-2],[-2,-2],[-2,-1],[-1,-2],[-2,-2],[-2,-1],[-1,-2],[-2,-2],[-2,-1],[-1,-2],[-2,-1],[-2,-2],[-1,-2],[-2,-1],[-2,-2],[-1,-2],[-2,-1],[-2,-2],[-1,-2],[-2,-1],[0,-1],[0,-2],[0,-1],[0,-1],[0,-1],[0,-1],[1,-1],[0,-1],[0,-2],[0,-1],[0,-1],[0,-1],[0,-1],[-1,-1],[0,-2],[0,-1],[0,-1],[0,-1],[0,-1],[0,-1],[0,-2],[0,-1],[0,-1],[0,-1],[0,-1],[-1,-1],[0,-2],[0,-1],[0,-1],[0,-1],[0,-1],[-1,-1],[0,-2],[0,-1],[0,-1],[0,-1],[-1,-1],[0,-1],[0,-2],[0,-1],[-1,-1],[0,-1],[0,-1],[-1,-1],[0,-2],[0,-1],[-1,-1],[0,-1],[0,-1],[-1,-1],[0,-2],[0,-1],[-1,-1],[0,-1],[-1,-1],[0,-1],[0,-2],[-1,-1],[0,-1],[-1,-1],[0,-1],[-1,-1],[0,-2],[-1,-1],[-1,-2],[-1,-3],[-1,-2],[-1,-2],[-1,-3],[-1,-2],[-2,-2],[-1,-3],[-1,-2],[-2,-2],[-1,-2],[-1,-3],[-2,-2],[-1,-2],[-2,-2],[-1,-2],[-2,-2],[-2,-3],[-1,-2],[-2,-2],[-2,-2],[-1,-2],[-2,-2],[-2,-2],[-2,-2],[-1,-2],[-2,-2],[-2,-2],[-2,-2],[-2,-2],[-2,-2],[-2,-2],[-2,-1],[-2,-2],[-2,-2],[-2,-2],[-2,-2],[-2,-2],[-3,-1],[-2,-2],[-2,-2],[-2,-2],[-3,-1],[-2,-2],[-2,-2],[-2,-1],[-3,-2],[-2,-1],[-3,-2],[-2,-1],[-2,-2],[-3,-2],[-2,-1],[-3,-1],[-2,-2],[-3,-1],[-3,-2],[-2,-1],[-3,-2],[-2,-1],[-3,-1],[-3,-2],[-2,-1],[-3,-1],[-1,-1],[-1,0],[-1,0],[0,-1],[-1,0],[-1,0],[-1,-1],[-1,0],[-1,-1],[-1,0],[-1,-1],[-1,0],[-1,0],[-1,-1],[-1,0],[-1,-1],[-1,0],[-1,-1],[-1,0],[-1,0],[-1,-1],[-1,0],[-1,0],[0,-1],[-1,0],[-1,0],[-1,-1],[-1,0],[-1,0],[-1,-1],[-1,0],[-1,0],[0,-1],[-1,0],[-1,0],[-1,-1],[-1,0],[-1,0],[-1,-1],[-1,0],[-1,0],[-1,0],[0,-1],[-1,0],[-1,0],[-1,-1],[-1,0],[-1,0],[-1,0],[-1,-1],[-1,0],[-1,0],[-1,-1],[-1,0],[-1,0],[-1,-1],[-1,0],[-1,0],[-1,0],[-1,-1],[-1,0],[-1,0],[-1,0],[0,-1],[-1,0],[-1,0],[-1,0],[-1,0],[0,-1],[-1,0],[-1,0],[-1,0],[-1,-1],[-1,0],[-1,0],[-1,0],[-1,0],[0,-1],[-1,0],[-1,0],[-1,0],[-1,0],[0,-1],[-1,0],[-1,0],[-1,0],[-1,0],[-1,-1],[-1,0],[-3,0],[-3,0],[-2,0],[-3,0],[-2,0],[-3,0],[-3,0],[-2,0],[-3,0],[-3,0],[-2,0],[-3,0],[-2,1],[-3,0],[-3,0],[-2,0],[-3,0],[-2,0],[-3,0],[-3,0],[-2,0],[-3,0],[-3,0],[-2,0],[-3,0],[-2,0],[-3,0],[-3,0],[-2,0],[-3,0],[-3,0],[-2,0],[-3,0],[-2,0],[-3,0],[-3,0],[-2,0],[-3,0],[-3,0],[-2,0],[-3,0],[-2,0],[-3,0],[-3,0],[-2,0],[-3,0],[-3,0],[-2,0],[-3,0],[-2,0],[-3,0],[-3,0],[-2,0],[-3,0],[-3,0],[-2,0],[-3,0],[-2,0],[-3,0],[-3,0],[-2,0],[-3,0],[-3,0],[-2,0],[-1,0],[-1,0],[-1,0],[-1,0],[-1,0],[-1,0],[-1,0],[-1,0],[-1,0],[-1,0],[-1,0],[-1,0],[-1,0],[-1,0],[-1,0],[-1,0],[-1,0],[-1,0],[-1,0],[-1,0],[-1,0],[-1,0],[-1,0],[-1,0],[-1,0],[-1,0],[-1,0],[-1,0],[-1,0],[-1,0],[-1,0],[-1,0],[-1,0],[-1,0],[-1,0],[-1,0],[-1,0],[-1,0],[-1,0],[-1,0],[-1,0],[-1,0],[-1,0],[-1,0],[-1,0],[-1,0],[-3,0],[-4,0],[-4,0],[-3,0],[-4,0],[-4,0],[-3,0],[-4,0],[-4,0],[-3,0],[-4,0],[-3,0],[-4,0],[-4,0],[-3,0],[-4,0],[-4,0],[-3,0],[-4,0],[-4,0],[-3,0],[-4,0],[-4,0],[-3,0],[-4,0],[-4,0],[-3,0],[-4,0],[-4,0],[-3,0],[-4,-1],[-3,0],[-4,0],[-4,0],[-3,0],[-4,0],[-4,0],[-3,0],[-4,0],[-4,0],[-3,0],[-4,0],[-4,0],[-3,0],[-4,0],[-4,0],[-3,0],[-4,0],[-4,0],[-3,0],[-4,0],[-3,0],[-4,-1],[-4,0],[-3,0],[-4,0],[-4,0],[-3,0],[-4,0],[-4,0],[-3,0],[-4,0],[-4,0],[-3,0],[-3,-2],[-3,-1],[-2,-2],[-3,-1],[-3,-2],[-2,-1],[-1,-1],[-2,-1],[-2,-1],[-1,0],[-2,-2],[-3,-2],[-3,-1],[-2,-2],[-3,-1],[-3,-2],[-2,-1],[-3,-2],[-3,-1],[-2,-2],[-3,-1],[-3,-2],[-2,-1],[-3,-2],[-3,-2],[-2,-1],[-3,-2],[-3,-1],[-2,-2],[-3,-1],[-3,-2],[-2,-1],[-3,-2],[-2,-2],[-3,-1],[-3,-2],[-2,-1],[-3,-2],[-3,-1],[-2,-2],[-3,-1],[-3,-2],[-1,-1],[-1,0],[-1,-1],[-2,-1],[-3,-2],[-2,-1],[-3,-2],[-1,0],[-1,-1],[-3,-2],[-3,-1],[-2,-2],[-3,-2],[-3,-1],[-2,-2],[-1,0],[-2,-1],[-1,-1],[-2,-1],[-2,-1],[-3,-2],[-2,-1],[-3,-2],[-3,-2],[-2,-1],[-3,-2],[-3,-1],[-2,-2],[-3,-1]],[[6856,7060],[-2,0],[-3,1],[-2,0],[-3,1],[-2,0],[-3,1],[-3,0],[-2,1],[-3,0],[-2,1],[-3,0],[-2,1],[-3,0],[-2,1],[-3,0],[-2,1],[-3,0],[-2,1],[-3,0],[-3,1],[-2,0],[-3,1],[-2,0],[-3,1],[-2,0],[-3,1],[-2,0],[-3,1],[-2,0],[-3,1],[-3,0],[-2,1],[-3,0],[-2,1],[-3,0],[-2,1],[-3,0],[-2,1],[-3,0],[-2,1],[-3,0],[-3,0],[-2,1],[-3,0],[-2,1],[-3,0],[-2,1],[-3,0],[-2,1],[-3,0],[-3,1],[-2,0],[-3,1],[-2,0],[-3,1],[-2,0],[-3,1],[-2,0],[-3,1],[-3,0],[-2,1],[-3,0],[-2,1],[-3,0],[-1,0],[-1,0],[-1,-1],[-2,0],[-1,0],[-1,0],[-1,0],[-1,-1],[-2,0],[-1,0],[-1,0],[-1,0],[-1,-1],[-2,0],[-1,0],[-1,0],[-1,0],[-2,0],[-1,-1],[-1,0],[-1,0],[-2,0],[-1,0],[-1,0],[-1,0],[-2,-1],[-1,0],[-1,0],[-1,0],[-2,0],[-1,0],[-1,0],[-1,0],[-2,0],[-1,-1],[-1,0],[-1,0],[-2,0],[-1,0],[-1,0],[-2,0],[-1,0],[-1,0],[-1,0],[-2,0],[-1,0],[-1,0],[-1,0],[-2,0],[-1,0],[-1,0],[-2,0],[-1,0],[-1,0],[-2,0],[-1,0],[-1,0],[-1,0],[-2,0],[-1,0],[-1,0],[-2,0],[-1,0],[-1,0],[-3,0],[-3,0],[-3,0],[-3,1],[-3,0],[-3,0],[-3,0],[-3,1],[-3,0],[-3,0],[-3,1],[-3,0],[-3,0],[-3,1],[-3,0],[-3,1],[-3,0],[-3,1],[-2,0],[-3,1],[-3,0],[-3,1],[-3,1],[-2,0],[-3,1],[-3,1],[-3,1],[-2,0],[-3,1],[-3,1],[-2,1],[-3,0],[-2,1],[-3,1],[-3,1],[-2,1],[-3,1],[-2,1],[-3,1],[-2,1],[-3,1],[-2,1],[-3,1],[-2,1],[-3,1],[-2,1],[-2,1],[-3,1],[-2,2],[-2,1],[-2,1],[-3,1],[-2,1],[-2,2],[-2,1],[-3,1],[-2,1],[-2,2],[-2,1],[-2,1],[-2,2],[-2,1],[-2,2],[-2,1],[-4,1],[-3,0],[-4,1],[-4,1],[-3,0],[-4,1],[-4,0],[-3,1],[-4,1],[-3,0],[-4,1],[-4,1],[-3,0],[-4,1],[-4,1],[-3,0],[-4,1],[-4,0],[-3,1],[-4,1],[-3,0],[-4,1],[-1,0],[-3,1],[-2,0],[-1,0],[-4,1],[-1,0],[-3,0],[-3,1],[-4,1],[-4,0],[-3,1],[-4,1],[-1,0],[-3,0],[-3,1],[-4,0],[-2,1],[-2,0],[-3,1],[-4,0],[-3,1],[-4,1],[-4,0],[-3,1],[-4,0],[-3,1],[-1,0],[-3,1],[-4,0],[-4,1],[-3,0],[-4,1],[-4,1],[-3,0],[-4,1],[-4,0],[-3,1],[-2,0],[-2,1],[-4,0],[-3,1],[-4,0],[-4,1],[-3,1],[-4,0],[-4,1],[-2,0],[-1,0],[-4,1],[-4,1],[-1,0],[-1,0],[-1,0],[-1,0],[-1,0],[0,1],[-1,0],[-1,0],[-1,0],[-1,0],[-1,0],[-1,0],[0,1],[-1,0],[-1,0],[-1,0],[-1,0],[-1,0],[-1,0],[0,1],[-1,0],[-1,0],[-1,0],[-1,0],[-1,0],[-1,0],[0,2],[0,1],[0,1],[0,1],[-1,1],[0,1],[0,2],[0,1],[0,1],[0,1],[-1,1],[0,1],[0,2],[0,1],[0,1],[0,1],[0,1],[-1,1],[0,2],[0,1],[0,1],[0,1],[0,1],[-1,1],[0,2],[0,1],[0,1],[0,1],[0,1],[-1,1],[0,2],[0,1],[0,1],[0,1],[0,1],[0,1],[-1,2],[0,1],[0,1],[0,1],[0,1],[0,1],[-1,2],[0,1],[0,1],[0,1],[0,1],[0,1],[0,2],[-1,1],[0,1],[0,1],[0,1],[0,1],[0,2],[-1,1],[0,1],[0,1],[0,1],[0,1],[0,2],[0,1],[-1,1],[0,1],[-1,0],[-1,0],[-1,0],[-1,0],[-1,0],[-1,0],[-1,0],[-1,0],[-1,0],[-1,0],[-1,0],[-1,0],[-1,0],[-1,0],[-1,0],[-1,0],[-1,0],[-1,0],[-1,0],[-1,0],[0,1],[-1,0],[-1,0],[-1,0],[-1,0],[-1,0],[-1,0],[-1,0],[-1,0],[-1,0],[-1,0],[-1,0],[-1,0],[-1,0],[-1,0],[-1,0],[-1,0],[-1,0],[-1,0],[-1,0],[-1,0],[-1,0],[-1,0],[-1,0],[-1,0],[-1,0],[-1,0],[-1,0],[-1,0],[-1,0],[-1,0],[-1,0],[-1,0],[-1,0],[-1,0],[-1,0],[0,-1],[0,-1],[0,-1],[0,-2],[0,-1],[0,-1],[0,-1],[0,-1],[0,-2],[0,-1],[0,-1],[0,-1],[0,-1],[0,-2],[0,-1],[0,-1],[0,-1],[0,-1],[0,-2],[0,-1],[0,-1],[0,-1],[0,-1],[0,-2],[0,-1],[0,-1],[0,-1],[0,-1],[0,-1],[0,-2],[0,-1],[0,-1],[0,-1],[0,-1],[0,-2],[0,-1],[0,-1],[-1,-1],[0,-1],[0,-2],[0,-1],[0,-1],[0,-1],[0,-1],[0,-2],[0,-1],[0,-1],[0,-1],[0,-1],[0,-2],[0,-1],[0,-1],[0,-1],[0,-1],[0,-2],[0,-1],[0,-1],[0,-1],[0,-1],[0,-1],[0,-2],[0,-1],[0,-1],[0,-1],[-4,0],[-4,0],[-4,0],[-5,0],[-4,0],[-4,1],[-4,0],[-4,0],[-4,0],[-5,0],[-4,0],[-4,0],[-4,1],[-4,0],[-4,0],[-4,0],[-5,0],[-4,0],[-4,0],[-4,0],[-4,1],[-4,0],[-5,0],[-4,0],[-4,0],[-4,0],[-4,0],[-4,1],[-5,0],[-4,0],[-4,0],[-4,0],[-4,0],[-4,0],[-5,0],[-4,1],[-4,0],[-4,0],[-4,0],[-4,0],[-5,0],[-4,0],[-4,0],[-4,1],[-4,0],[-4,0],[-5,0],[-4,0],[-4,0],[-4,0],[-4,0],[-4,1],[-4,0],[-5,0],[-4,0],[-4,0],[-4,0],[-4,0],[-4,0],[-5,1],[-4,0],[-4,0],[-4,0],[-4,0],[-9,0],[-8,1],[-9,0],[-9,0],[-8,0],[-9,0],[-8,1],[-9,0],[-9,0],[-8,0],[-9,1],[-8,0],[-9,0],[-9,0],[-8,0],[-9,1],[-8,0],[-9,0],[-8,0],[-9,1],[-9,0],[-8,0],[-9,0],[-8,0],[-9,1],[-9,0],[-8,0],[-9,0],[-8,0],[-9,1],[-8,0],[-9,0],[-9,0],[-8,0],[-9,1],[-8,0],[-9,0],[-9,0],[-8,0],[-9,0],[-8,1],[-9,0],[-8,0],[-9,0],[-9,0],[-8,1],[-9,0],[-8,0],[-9,0],[-8,0],[-9,0],[-9,1],[-8,0],[-9,0],[-8,0],[-9,0],[-8,0],[-9,1],[-9,0],[-8,0],[-9,0],[-8,0],[-9,0],[-8,0],[-6,1],[-6,0],[-6,0],[-6,0],[-5,0],[-6,0],[-6,0],[-6,0],[-5,0],[-6,0],[-6,1],[-6,0],[-6,0],[-5,0],[-6,0],[-6,0],[-6,0],[-5,0],[-6,0],[-6,0],[-6,0],[-6,1],[-5,0],[-6,0],[-6,0],[-6,0],[-5,0],[-6,0],[-6,0],[-6,0],[-6,0],[-5,0],[-6,0],[-6,1],[-6,0],[-5,0],[-6,0],[-6,0],[-6,0],[-6,0],[-5,0],[-6,0],[-6,0],[-6,0],[-5,0],[-6,0],[-6,1],[-6,0],[-5,0],[-6,0],[-6,0],[-6,0],[-6,0],[-5,0],[-6,0],[-6,0],[-6,0],[-5,0],[-6,0],[-6,0],[-6,0],[-5,1],[-6,0],[-6,0],[-13,0],[-12,0],[-13,0],[-12,0],[-13,0],[-12,0],[-13,0],[-12,1],[-13,0],[-12,0],[-13,0],[-12,0],[-13,0],[-12,0],[-13,0],[-12,0],[-13,0],[-12,0],[-13,1],[-12,0],[-13,0],[-12,0],[-13,0],[-12,0],[-13,0],[-12,0],[-13,0],[-12,0],[-12,0],[-13,0],[-12,0],[-13,0],[-12,0],[-13,0],[-12,0],[-13,0],[-12,0],[-13,0],[-12,0],[-13,0],[-12,0],[-13,0],[-12,0],[-13,0],[-12,0],[-12,0],[-13,0],[-12,0],[-13,0],[-12,0],[-13,0],[-12,0],[-13,0],[-12,0],[-12,0],[-13,0],[-12,0],[-13,0],[-12,0],[-13,0],[-12,0],[-13,0],[-12,0],[-12,0],[-9,0],[-9,0],[-9,0],[-9,0],[-8,-1],[-9,0],[-9,0],[-9,0],[-9,0],[-9,0],[-8,0],[-9,0],[-9,0],[-9,0],[-9,0],[-8,0],[-9,0],[-9,0],[-9,0],[-9,-1],[-8,0],[-9,0],[-9,0],[-9,0],[-9,0],[-9,0],[-8,0],[-9,0],[-9,0],[-9,0],[-8,0],[-9,-1],[-9,0],[-9,0],[-9,0],[-8,0],[-9,0],[-9,0],[-9,0],[-9,0],[-8,0],[-9,-1],[-9,0],[-9,0],[-9,0],[-8,0],[-9,0],[-9,0],[-9,0],[-8,0],[-9,-1],[-9,0],[-9,0],[-9,0],[-8,0],[-9,0],[-9,0],[-9,0],[-8,-1],[-9,0],[-9,0],[-9,0],[-9,0],[-8,0],[-4,0],[-4,0],[-3,0],[-4,0],[-4,-1],[-4,0],[-3,0],[-4,0],[-4,0],[-3,0],[-4,0],[-4,0],[-4,0],[-3,0],[-4,0],[-4,0],[-3,0],[-4,0],[-4,0],[-4,0],[-3,-1],[-4,0],[-4,0],[-3,0],[-4,0],[-4,0],[-4,0],[-3,0],[-4,0],[-4,0],[-3,0],[-4,0],[-4,0],[-4,0],[-3,0],[-4,-1],[-4,0],[-3,0],[-4,0],[-4,0],[-4,0],[-3,0],[-4,0],[-4,0],[-3,0],[-4,0],[-4,0],[-4,0],[-3,0],[-4,-1],[-4,0],[-3,0],[-4,0],[-4,0],[-4,0],[-3,0],[-4,0],[-4,0],[-3,0],[-4,0],[-4,0],[-4,0],[-3,0],[-4,-1],[-2,0],[-2,0],[-2,0],[-2,0],[-2,0],[-2,0],[-2,0],[-2,0],[-3,0],[-2,0],[-2,0],[-2,0],[-2,0],[-2,0],[-2,0],[-2,0],[-2,0],[-2,0],[-2,0],[-2,0],[-2,0],[-2,-1],[-2,0],[-2,0],[-3,0],[-2,0],[-2,0],[-2,0],[-2,0],[-2,0],[-2,0],[-2,0],[-2,0],[-2,0],[-2,0],[-2,0],[-2,0],[-2,0],[-2,0],[-2,0],[-3,0],[-2,0],[-2,0],[-2,0],[-2,-1],[-2,0],[-2,0],[-2,0],[-2,0],[-2,0],[-2,0],[-2,0],[-2,0],[-2,0],[-2,0],[-2,0],[-3,0],[-2,0],[-2,0],[-2,0],[-2,0],[-2,0],[-2,0],[-2,0],[-12,-1],[-11,0],[-12,0],[-12,0],[-11,-1],[-12,0],[-10,0],[-2,0],[-12,-1],[-7,0],[-4,0],[-12,0],[-12,-1],[-11,0],[-12,0],[-12,0],[-11,-1],[-12,0],[-12,0],[-11,-1],[-12,0],[-12,0],[-11,-1],[-12,0],[-12,0],[-11,-1],[-12,0],[-12,0],[-11,-1],[-12,0],[-12,0],[-11,-1],[-12,0],[-11,0],[-12,-1],[-12,0],[-11,0],[-12,-1],[-12,0],[-11,0],[-12,-1],[-12,0],[-11,-1],[-12,0],[-11,0],[-12,-1],[-12,0],[-11,0],[-12,-1],[-12,0],[-11,-1],[-12,0],[-11,0],[-12,-1],[-12,0],[-11,-1],[-12,0],[-11,0],[-12,-1],[-12,0],[-11,-1],[-12,0],[-11,-1],[-12,0],[-12,0],[-11,-1]],[[1382,7984],[3,2],[4,2],[3,2],[4,3],[3,2],[3,2],[3,2],[3,3],[3,2],[3,3],[3,2],[3,3],[2,2],[3,3],[2,2],[3,3],[2,2],[2,3],[3,3],[2,2],[2,3],[2,3],[2,2],[1,3],[2,3],[2,3],[1,3],[2,2],[1,3],[1,3],[1,3],[2,3],[1,3],[0,3],[1,3],[1,2],[1,3],[0,3],[1,3],[0,3],[0,3],[1,3],[0,3],[0,3],[0,3],[-1,3],[0,3],[0,3],[-1,3],[0,3],[-1,3],[-1,3],[-1,3],[-1,3],[-1,3],[-1,3],[-1,3],[-2,3],[-1,3],[-2,3],[-2,3],[-1,3],[-2,3],[-2,3],[-2,2],[-2,3],[-2,2],[-2,3],[-2,2],[-2,2],[-3,3],[-2,2],[-2,2],[-2,2],[-3,3],[-2,2],[-3,2],[-3,2],[-2,2],[-3,2],[-3,2],[-2,2],[-3,2],[-3,2],[-3,2],[-3,2],[-3,2],[-3,1],[-4,2],[-3,2],[-3,2],[-3,1],[-4,2],[-3,2],[-3,1],[-4,2],[-3,1],[-4,2],[-4,1],[-3,2],[-4,1],[-4,1],[-3,2],[-4,1],[-4,1],[-4,1],[-4,2],[-3,1],[-4,1],[-4,1],[-4,1],[-4,1],[-4,1],[-4,1],[-5,1],[-4,1],[-4,0],[-4,1],[-4,1],[-4,1],[-5,0],[-4,1],[-4,0],[-4,1],[-5,1],[-4,0],[-4,0],[-5,1],[-7,7],[-7,7],[-7,6],[-6,7],[-7,7],[-7,7],[-7,7],[-7,6],[-7,7],[-7,7],[-7,7],[-7,7],[-7,7],[-8,6],[-7,7],[-7,7],[-7,7],[-7,6],[-7,7],[-7,7],[-8,7],[-7,6],[-7,7],[-7,7],[-7,7],[-8,6],[-7,7],[-7,7],[-7,7],[-8,6],[-7,7],[-7,7],[-8,6],[-7,7],[-8,7],[-7,7],[-7,6],[-8,7],[-7,7],[-8,6],[-7,7],[-8,7],[-7,6],[-8,7],[-7,7],[-8,6],[-8,7],[-7,6],[-8,7],[-8,7],[-7,6],[-8,7],[-8,7],[-7,6],[-8,7],[-8,6],[-7,7],[-8,7],[-8,6],[-8,7],[-8,6],[-7,7],[-8,6],[-8,7],[-4,-2],[-4,-1],[-3,-2],[-4,-1],[-4,-2],[-4,-2],[-3,-1],[-4,-2],[-4,-1],[-4,-2],[-3,-1],[-4,-2],[-4,-2],[-3,-1],[-4,-2],[-4,-1],[-4,-2],[-3,-2],[-4,-1],[-4,-2],[-3,-1],[-4,-2],[-4,-2],[-3,-1],[-4,-2],[-4,-1],[-4,-2],[-3,-2],[-4,-1],[-4,-2],[-3,-1],[-4,-2],[-4,-2],[-3,-1],[-4,-2],[-4,-1],[-3,-2],[-4,-2],[-4,-1],[-3,-2],[-4,-1],[-4,-2],[-3,-2],[-4,-1],[-4,-2],[-3,-2],[-4,-1],[-4,-2],[-3,-1],[-4,-2],[-3,-2],[-4,-1],[-4,-2],[-3,-2],[-4,-1],[-4,-2],[-3,-1],[-4,-2],[-4,-2],[-3,-1],[-4,-2],[-3,-1],[-4,-2],[-4,-2],[-3,1],[-2,2],[-3,1],[-3,1],[-3,1],[-3,1],[-2,2],[-3,1],[-3,1],[-3,1],[-3,1],[-2,2],[-3,1],[-3,1],[-3,1],[-3,1],[-3,2],[-2,1],[-3,1],[-3,1],[-3,1],[-3,1],[-3,2],[-2,1],[-3,1],[-3,1],[-3,1],[-3,2],[-3,1],[-2,1],[-3,1],[-3,1],[-3,1],[-3,2],[-3,1],[-2,1],[-3,1],[-3,1],[-3,2],[-3,1],[-3,1],[-3,1],[-2,1],[-3,1],[-3,2],[-3,1],[-3,1],[-3,1],[-3,1],[-2,1],[-3,2],[-1,0],[-2,1],[-3,1],[-3,1],[-3,1],[-3,2],[-2,1],[-3,1],[-3,1],[-3,1],[-3,1],[-3,2],[-3,1],[-3,1],[-1,1],[-2,0],[-2,1],[-1,1],[-2,0],[-2,1],[-2,1],[-1,0],[-2,1],[-2,1],[-1,0],[-2,1],[-2,1],[-2,1],[-1,0],[-2,1],[-2,1],[-1,0],[-2,1],[-2,1],[-2,0],[-1,1],[-2,1],[-2,0],[-1,1],[-2,1],[-2,1],[-2,0],[-1,1],[-2,1],[-2,0],[-2,1],[-1,1],[-2,0],[-2,1],[-1,1],[-2,0],[-2,1],[-2,1],[-1,1],[-2,0],[-2,1],[-1,1],[-2,0],[-2,1],[-2,1],[-1,0],[-2,1],[-2,1],[-2,0],[-1,1],[-2,1],[-2,0],[-1,1],[-2,1],[-2,0],[-2,1],[-1,1],[-2,1],[-2,0],[-2,1],[-1,1],[-2,0],[-2,1],[-3,1],[-4,2],[-3,1],[-4,2],[-3,1],[-4,1],[-4,2],[-3,1],[-4,1],[-3,2],[-4,1],[-3,2],[-4,1],[-3,1],[-4,2],[-3,1],[-4,2],[-4,1],[-3,1],[-4,2],[-3,1],[-4,1],[-3,2],[-4,1],[-4,2],[-3,1],[-4,1],[-3,2],[-4,1],[-3,1],[-4,2],[-4,1],[-3,1],[-4,2],[-3,1],[-4,2],[-3,1],[-4,1],[-4,2],[-3,1],[-4,1],[-3,2],[-4,1],[-4,1],[-3,2],[-4,1],[-3,2],[-4,1],[-4,1],[-3,2],[-4,1],[-4,1],[-3,2],[-4,1],[-3,1],[-4,2],[-4,1],[-3,1],[-4,2],[-3,1],[-4,2],[-4,1],[-3,1],[-4,2],[0,19],[0,20],[0,20],[0,19],[0,20],[0,19],[0,20],[0,19],[0,20],[0,19],[0,20],[0,19],[0,20],[0,19],[0,19],[0,20],[0,19],[0,19],[0,20],[0,19],[0,19],[0,19],[0,19],[0,20],[0,19],[0,19],[0,19],[0,19],[0,7],[0,12],[0,19],[0,19],[0,19],[0,19],[0,19],[0,18],[0,19],[0,19],[1,19],[0,18],[0,19],[0,19],[0,18],[0,19],[0,19],[0,18],[0,19],[0,18],[0,19],[0,13],[0,5],[0,19],[0,18],[0,18],[0,19],[0,18],[0,18],[0,18],[0,19],[0,18],[0,18],[0,18],[0,18],[0,18],[0,18],[0,18]]]}