{"type":"Topology","transform":{"scale":[0.005626645764576457,0.005609193819381938],"translate":[-125.58919,11.044593]},"objects":{"waterbodies":{"type":"GeometryCollection","geometries":[{"type":"Polygon","arcs":[[0]]},{"type":"Polygon","arcs":[[1]]},{"type":"Polygon","arcs":[[2]]},{"type":"Polygon","arcs":[[3]]},{"type":"Polygon","arcs":[[4]]},{"type":"Polygon","arcs":[[5]]},{"type":"Polygon","arcs":[[6]]},{"type":"Polygon","arcs":[[7]]},{"type":"Polygon","arcs":[[8]]},{"type":"Polygon","arcs":[[9]]},{"type":"Polygon","arcs":[[10]]},{"type":"Polygon","arcs":[[11]]},{"type":"Polygon","arcs":[[12]]},{"type":"Polygon","arcs":[[13]]},{"type":"Polygon","arcs":[[14]]},{"type":"Polygon","arcs":[[15]]},{"type":"Polygon","arcs":[[16]]},{"type":"Polygon","arcs":[[17]]},{"type":"Polygon","arcs":[[18]]},{"type":"Polygon","arcs":[[19]]},{"type":"Polygon","arcs":[[20],[21]]},{"type":"Polygon","arcs":[[22]]}]}},"arcs":[[[7297,17],[-1,0],[-1,-1],[-2,-1],[-1,0],[-1,-1],[-2,0],[-1,-1],[-2,-1],[-1,0],[-1,-1],[-2,0],[-1,-1],[-1,0],[-1,0],[-1,-1],[-2,0],[-1,-1],[-1,0],[-2,-1],[-1,0],[-2,0],[-1,-1],[-2,0],[-1,-1],[-2,0],[-1,0],[-2,-1],[-1,0],[-2,0],[-1,-1],[-2,0],[-1,0],[-2,-1],[-1,0],[-2,0],[-1,0],[-2,-1],[-1,0],[-2,0],[-1,0],[-2,0],[-2,0],[-1,0],[-2,-1],[-1,0],[-2,0],[-1,0],[-2,0],[-1,0],[-2,0],[-2,0],[-1,0],[-2,0],[-1,0],[-2,0],[-2,0],[-1,0],[-2,0],[-1,0],[-2,1],[-2,0],[-1,0],[-2,0],[-1,0],[-2,0],[-4,1],[-5,1],[-4,0],[-4,1],[-4,1],[-4,1],[-4,2],[-4,1],[-4,1],[-4,2],[-4,1],[-4,2],[-3,2],[-4,1],[-4,2],[-3,2],[-4,2],[-3,2],[-4,3],[-3,2],[-3,2],[-3,3],[-4,2],[-3,3],[-3,3],[-3,2],[-3,3],[-2,3],[-3,3],[-3,3],[-2,3],[-3,3],[-2,3],[-3,3],[-2,4],[-2,3],[-3,3],[-2,4],[-2,3],[-2,4],[-1,3],[-2,4],[-2,4],[-1,3],[-2,4],[-1,4],[-1,4],[-2,4],[-1,4],[-1,4],[-1,4],[0,4],[-1,4],[-1,4],[0,4],[-1,4],[0,4],[0,4],[0,5],[0,4],[0,4],[0,4],[0,5],[1,4],[0,1],[0,1],[0,1],[0,1],[0,1],[1,1],[0,1],[0,1],[0,1],[0,1],[0,1],[1,1],[0,1],[0,1],[0,1],[0,1],[1,1],[0,1],[0,1],[0,1],[0,1],[1,0],[0,1],[0,1],[0,1],[1,1],[3,-3],[4,-3],[4,-3],[4,-3],[4,-3],[3,-3],[4,-3],[4,-3],[4,-3],[3,-3],[4,-3],[4,-3],[4,-3],[3,-3],[4,-3],[4,-3],[4,-3],[3,-3],[4,-3],[4,-4],[4,-3],[3,-3],[4,-3],[4,-3],[4,-3],[3,-3],[4,-3],[4,-3],[4,-3],[3,-3],[4,-3],[4,-3],[4,-3],[3,-3],[4,-3],[4,-3],[3,-3],[4,-3],[4,-3],[4,-3],[3,-3],[4,-3],[4,-3],[4,-4],[3,-3],[4,-3],[4,-3],[3,-3],[4,-3],[4,-3],[3,-3],[4,-3],[4,-3],[4,-3],[3,-3],[4,-3],[4,-3],[3,-3],[4,-3],[4,-3],[3,-3],[4,-3],[4,-4],[3,-3]],[[4075,1661],[0,-1],[0,-1],[0,-1],[0,-1],[1,-1],[0,-1],[0,-1],[0,-1],[0,-1],[0,-1],[0,-1],[0,-1],[0,-1],[0,-1],[0,-1],[0,-1],[1,-1],[0,-1],[0,-1],[0,-1],[0,-1],[0,-1],[0,-1],[0,-1],[0,-1],[0,-1],[0,-1],[0,-1],[0,-1],[1,-1],[0,-1],[0,-1],[0,-1],[0,-1],[0,-1],[0,-1],[0,-1],[0,-1],[0,-1],[0,-1],[0,-1],[1,-1],[0,-1],[0,-1],[0,-1],[-2,1],[-3,0],[-2,1],[-2,0],[-2,1],[-2,0],[-2,1],[-2,0],[-2,1],[-3,0],[-2,1],[-2,0],[-2,1],[-2,0],[-2,0],[-2,1],[-3,0],[-2,1],[-2,0],[-2,1],[-2,0],[-2,1],[-2,0],[-3,1],[-2,0],[-2,0],[-2,1],[-2,0],[-2,1],[-2,0],[-3,1],[-2,0],[-2,1],[-2,0],[-2,1],[-2,0],[-2,0],[-3,1],[-2,0],[-2,1],[-2,0],[-2,1],[-2,0],[-2,1],[-3,0],[-2,1],[-2,0],[-2,0],[-2,1],[-2,0],[-2,1],[-3,0],[-2,1],[-2,0],[-2,1],[-2,0],[-2,0],[-2,1],[-3,0],[-2,1],[-2,0],[-2,1],[-2,0],[-2,1],[2,0],[2,0],[2,0],[2,1],[2,0],[2,0],[2,0],[2,1],[2,0],[3,0],[2,0],[2,1],[2,0],[2,0],[2,0],[2,1],[2,0],[2,0],[2,0],[2,1],[2,0],[3,0],[2,0],[2,1],[2,0],[2,0],[2,0],[2,1],[2,0],[2,0],[2,0],[2,1],[2,0],[3,0],[2,0],[2,1],[2,0],[2,0],[2,0],[2,1],[2,0],[2,0],[2,0],[2,1],[2,0],[3,0],[2,0],[2,1],[2,0],[2,0],[2,0],[2,0],[2,1],[2,0],[1,0],[1,0],[2,0],[3,1],[2,0],[2,0],[2,0],[2,1],[2,0],[2,0],[2,0]],[[8001,2826],[0,-1],[0,-1],[0,-1],[-1,-1],[0,-1],[0,-1],[-1,-1],[0,-1],[-1,-1],[0,-1],[0,-1],[-1,-1],[0,-1],[-1,-1],[-1,-1],[-1,-1],[0,-1],[-1,-1],[-1,-1],[-1,-1],[-1,-1],[-1,-1],[-1,-1],[-1,-1],[-1,0],[-1,-1],[-1,-1],[-1,-1],[-1,0],[-1,-1],[-1,0],[-1,-1],[-1,0],[-1,-1],[-1,0],[-1,0],[-1,-1],[-1,0],[-1,0],[-1,-1],[-1,0],[-1,0],[-1,-1],[-1,0],[-1,0],[-1,0],[-1,0],[-1,-1],[-1,0],[-2,0],[-1,0],[-1,0],[-1,0],[-1,0],[-1,0],[-1,0],[-1,0],[-2,0],[-1,1],[-1,0],[-1,0],[-1,0],[-1,0],[-1,1],[-1,0],[-1,0],[-2,1],[-1,0],[-1,0],[-1,1],[-1,0],[-1,1],[-1,0],[-1,1],[-1,0],[0,1],[-1,0],[-1,1],[-1,0],[-1,1],[-1,0],[-1,1],[-1,1],[-1,1],[-1,1],[-1,1],[-1,1],[-1,1],[0,1],[-1,0],[-1,1],[0,1],[-1,1],[0,1],[-1,0],[0,1],[-1,1],[0,1],[-1,1],[0,1],[0,1],[-1,1],[0,1],[0,1],[-1,1],[0,1],[0,1],[-1,1],[0,1],[0,1],[0,1],[0,1],[0,1],[0,1],[0,1],[0,1],[0,1],[0,2],[0,1],[0,1],[1,1],[0,1],[0,1],[0,1],[1,1],[0,1],[0,1],[1,1],[0,1],[1,1],[0,1],[1,1],[0,1],[1,1],[0,1],[1,1],[1,0],[0,1],[1,1],[1,1],[0,1],[1,0],[1,1],[0,1],[1,0],[1,1],[1,1],[1,0],[0,1],[1,1],[1,0],[1,1],[1,0],[1,1],[1,0],[1,1],[1,0],[1,1],[1,0],[1,1],[1,0],[1,0],[1,1],[1,0],[1,0],[1,1],[1,0],[1,0],[1,0],[1,1],[1,0],[1,0],[1,0],[1,0],[2,0],[1,0],[1,0],[1,0],[1,0],[1,0],[1,0],[1,0],[2,0],[1,0],[1,-1],[1,0],[1,0],[1,0],[1,-1],[1,0],[2,0],[1,-1],[1,0],[1,0],[1,-1],[1,0],[1,-1],[1,0],[1,-1],[1,0],[0,-1],[1,0],[1,-1],[1,-1],[1,0],[1,-1],[1,-1],[1,-1],[1,-1],[1,0],[0,-1],[1,-1],[1,-1],[1,-1],[1,-1],[0,-1],[1,-1],[1,-1],[0,-1],[1,-1],[0,-1],[1,-1],[0,-1],[0,-1],[1,-1],[0,-1],[1,-1],[0,-1],[0,-1],[0,-1],[1,-1],[0,-1],[0,-1],[0,-1],[0,-1],[0,-1],[0,-1],[0,-1],[0,-1],[0,-1],[0,-1],[0,-1],[0,-1],[-1,-1]],[[2425,5332],[-1,-1],[-2,0],[-1,-1],[-1,-1],[-2,0],[-1,-1],[-2,-1],[-1,-1],[-1,0],[-2,-1],[-1,-1],[-1,0],[-2,-1],[-1,-1],[-1,0],[-2,-1],[-1,-1],[-2,-1],[-1,0],[-1,-1],[-2,-1],[-1,0],[-1,-1],[-2,-1],[-1,0],[-2,-1],[-1,-1],[-1,0],[-2,-1],[-1,-1],[-1,-1],[-2,0],[-1,-1],[-1,-1],[-2,0],[-1,-1],[-2,-1],[-1,0],[-1,-1],[-2,-1],[-1,-1],[-1,0],[-2,-1],[-1,-1],[-1,0],[-2,-1],[-1,-1],[-2,0],[-1,-1],[-1,-1],[-2,-1],[-1,0],[-1,-1],[-2,-1],[-1,0],[-1,-1],[-2,-1],[-1,0],[-1,-1],[-2,-1],[-1,-1],[-2,0],[-1,-1],[-1,-1],[-2,3],[-2,2],[-2,2],[-2,3],[-2,2],[-2,2],[-1,3],[-2,2],[-2,2],[-2,2],[-2,3],[-2,2],[-2,2],[-2,3],[-2,2],[-1,2],[-2,3],[-2,2],[-2,2],[-2,3],[-2,2],[-2,2],[-2,3],[-2,2],[-2,2],[-1,2],[-2,3],[-2,2],[-2,2],[-2,3],[-2,2],[-2,2],[-2,3],[-2,2],[-2,2],[-1,3],[-2,2],[-2,2],[-2,3],[-2,2],[-2,2],[-2,2],[-2,3],[-2,2],[-2,2],[-2,3],[-1,2],[-2,2],[-2,3],[-2,2],[-2,2],[-2,3],[-2,2],[-2,2],[-2,2],[-2,3],[-2,2],[-2,2],[-2,3],[-1,2],[-2,2],[-2,3],[-2,2],[-2,2],[1,1],[1,0],[1,1],[1,0],[1,1],[1,0],[1,1],[1,0],[1,1],[2,0],[1,0],[1,1],[1,0],[1,1],[1,0],[1,1],[1,0],[1,1],[1,0],[1,1],[1,0],[1,1],[1,0],[2,1],[1,0],[1,1],[1,0],[1,1],[1,0],[1,1],[1,0],[1,1],[1,0],[1,0],[1,1],[1,0],[1,1],[2,0],[1,1],[1,0],[1,1],[1,0],[1,1],[1,0],[1,1],[1,0],[1,1],[1,0],[1,1],[1,0],[1,1],[2,0],[1,1],[1,0],[1,1],[1,0],[1,0],[1,1],[1,0],[1,1],[1,0],[1,1],[1,0],[1,1],[3,-2],[2,-2],[2,-2],[2,-2],[2,-3],[3,-2],[2,-2],[2,-2],[2,-2],[3,-2],[2,-2],[2,-2],[2,-2],[2,-2],[3,-2],[2,-3],[2,-2],[2,-2],[2,-2],[3,-2],[2,-2],[2,-2],[2,-2],[3,-2],[2,-2],[2,-2],[2,-3],[2,-2],[3,-2],[2,-2],[2,-2],[2,-2],[2,-2],[3,-2],[2,-2],[2,-2],[2,-2],[2,-3],[3,-2],[2,-2],[2,-2],[2,-2],[2,-2],[2,-2],[3,-2],[2,-2],[2,-2],[2,-2],[2,-3],[3,-2],[2,-2],[2,-2],[2,-2],[2,-2],[2,-2],[3,-2],[2,-2],[2,-2],[2,-3],[2,-2],[3,-2],[2,-2],[2,-2],[2,-2]],[[6695,6915],[0,-2],[-1,-2],[0,-1],[-1,-2],[0,-2],[-1,-2],[-1,-1],[0,-2],[-1,-2],[-1,-2],[-1,-1],[-1,-2],[-1,-2],[-1,-1],[-2,-2],[-1,-1],[-1,-2],[-1,-1],[-2,-2],[-1,-1],[-2,-2],[-1,-1],[-2,-2],[-2,-1],[-1,-1],[-2,-1],[-2,-2],[-2,-1],[-2,-1],[-2,-1],[-2,-2],[-2,-1],[-2,-1],[-2,-1],[-2,-1],[-2,-1],[-2,-1],[-3,-1],[-2,-1],[-2,0],[-2,-1],[-3,-1],[-2,-1],[-3,-1],[-2,0],[-3,-1],[-2,0],[-3,-1],[-2,-1],[-3,0],[-2,0],[-3,-1],[-3,0],[-2,-1],[-3,0],[-3,0],[-3,0],[-2,0],[-3,0],[-3,-1],[-3,0],[-3,1],[-2,0],[-3,0],[-3,0],[-3,0],[-3,0],[-2,1],[-3,0],[-3,0],[-2,1],[-3,0],[-3,1],[-2,1],[-3,0],[-2,1],[-3,0],[-2,1],[-3,1],[-2,1],[-3,1],[-2,0],[-2,1],[-2,1],[-3,1],[-2,1],[-2,1],[-2,1],[-2,1],[-2,2],[-2,1],[-2,1],[-2,1],[-2,1],[-2,2],[-1,1],[-2,1],[-2,2],[-1,1],[-2,1],[-1,2],[-2,1],[-1,2],[-1,1],[-2,2],[-1,1],[-1,2],[-1,1],[-1,2],[-1,2],[-1,1],[-1,2],[-1,2],[-1,1],[0,2],[-1,2],[-1,2],[0,1],[-1,2],[0,2],[0,2],[0,1],[-1,2],[0,2],[0,2],[0,2],[0,2],[1,1],[0,2],[0,2],[1,2],[0,2],[1,1],[0,2],[1,2],[1,2],[0,1],[1,2],[1,2],[1,1],[1,2],[1,2],[1,1],[2,2],[1,1],[1,2],[2,1],[1,2],[2,1],[1,2],[2,1],[1,2],[2,1],[2,1],[2,1],[2,2],[1,1],[2,1],[2,1],[2,1],[2,2],[2,1],[3,1],[2,1],[2,1],[2,1],[3,0],[2,1],[2,1],[3,1],[2,1],[3,0],[2,1],[3,1],[2,0],[3,1],[2,0],[3,1],[3,0],[2,1],[3,0],[3,0],[2,1],[3,0],[3,0],[3,0],[3,0],[2,0],[3,0],[3,0],[3,0],[3,0],[3,0],[3,0],[2,0],[3,-1],[3,0],[3,-1],[2,0],[3,-1],[3,0],[2,-1],[3,0],[2,-1],[3,-1],[3,0],[2,-1],[2,-1],[3,-1],[2,-1],[2,-1],[3,0],[2,-1],[2,-1],[2,-2],[2,-1],[2,-1],[2,-1],[2,-1],[2,-1],[2,-1],[2,-2],[2,-1],[2,-1],[1,-2],[2,-1],[2,-1],[1,-2],[2,-1],[1,-2],[1,-1],[2,-2],[1,-1],[1,-2],[1,-1],[1,-2],[1,-2],[1,-1],[1,-2],[1,-1],[1,-2],[1,-2],[0,-2],[1,-1],[0,-2],[1,-2],[0,-2],[1,-1],[0,-2],[0,-2],[0,-2],[0,-2],[0,-1],[0,-2],[0,-2],[0,-2]],[[9231,7043],[0,-1],[-1,0],[0,-1],[0,-1],[-1,-1],[0,-1],[0,-1],[-1,-1],[0,-1],[0,-1],[-1,-1],[0,-1],[0,-1],[0,-1],[-1,0],[0,-1],[0,-1],[0,-1],[0,-1],[-1,0],[0,-1],[0,-1],[0,-1],[0,-1],[-1,-1],[0,-1],[0,-1],[0,-1],[0,-1],[0,-1],[-1,0],[-1,0],[-1,0],[-1,0],[-1,0],[-1,0],[-1,0],[-1,1],[-1,0],[-1,0],[-1,0],[-2,0],[-1,0],[-1,0],[-1,1],[-1,0],[-1,0],[-1,0],[-1,0],[-1,0],[-1,0],[-1,1],[-2,0],[-1,0],[-1,0],[-1,0],[-1,0],[-1,0],[-1,1],[-1,0],[-1,0],[-1,0],[-2,0],[-1,0],[-1,0],[-1,0],[-1,1],[-1,0],[-1,0],[-1,0],[-1,0],[-1,0],[-1,0],[-2,1],[-1,0],[-1,0],[-1,0],[-1,0],[-1,0],[-1,0],[-1,1],[-1,0],[-1,0],[-1,0],[-2,0],[-1,0],[-1,0],[-1,1],[-1,0],[-1,0],[-1,0],[-1,0],[-1,0],[-1,0],[-2,1],[1,0],[0,1],[0,1],[0,1],[0,1],[0,1],[1,0],[0,1],[0,1],[0,1],[0,1],[1,0],[0,1],[0,1],[0,1],[0,1],[1,0],[0,1],[0,1],[0,1],[1,1],[0,1],[0,1],[1,1],[0,1],[0,1],[0,1],[1,0],[0,1],[0,1],[1,1],[0,1],[0,1],[1,0],[0,1],[0,1],[1,3],[2,3],[1,3],[2,3],[1,3],[2,3],[1,3],[2,2],[2,3],[2,3],[2,3],[1,3],[2,3],[3,2],[2,3],[2,3],[2,2],[2,3],[3,3],[2,2],[3,3],[2,2],[3,3],[2,2],[3,3],[3,2],[2,3],[3,2],[3,2],[3,3],[3,2],[3,2],[3,3],[3,2],[3,2],[4,2],[3,2],[3,2],[3,2],[1,1],[3,1],[3,2],[4,2],[3,2],[4,2],[3,2],[4,2],[4,2],[3,1],[4,2],[4,2],[4,2],[4,1],[3,2],[4,1],[4,2],[4,1],[4,2],[4,1],[4,2],[5,1],[4,1],[4,2],[4,1],[4,1],[1,0],[0,-1],[1,-1],[1,0],[0,-1],[1,0],[0,-1],[1,-1],[1,-1],[0,-1],[1,0],[1,-1],[1,-1],[0,-1],[1,0],[0,-1],[1,-1],[1,0],[0,-1],[1,0],[0,-1],[1,-1],[1,-1],[0,-1],[1,0],[1,-1],[1,-1],[0,-1],[1,0],[0,-1],[1,0],[0,-1],[1,-1],[1,0],[0,-1],[1,-1],[1,-1],[1,-1],[0,-1],[1,0],[1,-1],[0,-1],[1,0],[0,-1],[1,0],[0,-1],[1,-1],[1,-1],[1,0],[0,-1],[1,-1],[1,-1],[0,-1],[1,0],[0,-1],[1,0],[-3,-1],[-4,-1],[-3,-1],[-4,-1],[-3,-1],[-3,-2],[-4,-1],[-3,-1],[-3,-1],[-4,-1],[-3,-1],[-3,-2],[-3,-1],[-3,-1],[-3,-2],[-4,-1],[-3,-1],[-3,-2],[-3,-1],[-3,-2],[-2,-1],[-3,-2],[-3,-1],[-3,-2],[-3,-2],[-3,-1],[-2,-2],[-3,-2],[-3,-1],[-2,-2],[-3,-2],[-2,-2],[-3,-1],[-2,-2],[-3,-2],[-2,-2],[-2,-2],[-3,-2],[-2,-2],[-2,-2],[-2,-2],[-2,-2],[-2,-2],[-2,-2],[-2,-2],[-2,-2],[-2,-2],[-2,-2],[-2,-3],[-2,-2],[-1,-2],[-2,-2],[-2,-3],[-1,-2],[-2,-2],[-1,-2],[-2,-3],[-1,-2],[-1,-3],[-1,-2],[-2,-2],[-1,-3],[-1,-2],[-1,-3]],[[5407,6735],[-1,0],[-1,1],[0,1],[-1,1],[0,1],[-1,0],[0,1],[-1,1],[0,1],[-1,1],[0,1],[-1,0],[0,1],[0,1],[-1,1],[0,1],[-1,1],[-1,1],[0,1],[-1,1],[0,1],[-1,1],[-1,1],[0,1],[-1,1],[0,1],[0,1],[-1,0],[0,1],[-1,1],[0,1],[-1,1],[0,1],[-1,0],[0,1],[-1,1],[0,1],[-1,1],[-1,1],[0,1],[0,1],[-1,1],[0,1],[-1,0],[0,1],[-1,1],[0,1],[-1,1],[0,1],[-1,0],[0,1],[-1,1],[0,1],[-1,1],[0,1],[-1,1],[0,1],[-1,1],[0,1],[-1,1],[1,0],[2,0],[2,0],[3,1],[2,0],[2,0],[2,0],[2,0],[3,0],[2,1],[2,0],[2,0],[2,1],[2,0],[1,1],[1,0],[2,0],[2,1],[2,0],[2,1],[2,0],[2,1],[2,1],[2,1],[1,0],[2,1],[2,1],[2,1],[1,0],[2,1],[2,1],[1,1],[2,1],[1,1],[2,1],[1,1],[2,1],[1,1],[1,1],[2,1],[1,1],[1,1],[1,2],[2,1],[1,1],[1,1],[1,1],[1,2],[1,1],[1,1],[0,2],[1,1],[1,1],[1,2],[0,1],[1,1],[0,2],[1,1],[0,1],[1,2],[0,1],[0,2],[1,1],[0,2],[0,1],[0,2],[0,1],[0,1],[0,1],[0,1],[0,1],[0,1],[-1,1],[0,1],[0,1],[0,1],[-1,1],[0,1],[0,1],[0,1],[-1,0],[0,1],[0,1],[-1,1],[0,1],[-1,1],[0,1],[-1,0],[0,1],[0,1],[-1,0],[0,1],[-1,1],[0,1],[-1,0],[0,1],[-1,1],[-1,1],[-1,1],[0,1],[-1,0],[0,1],[-1,0],[0,1],[-1,0],[0,1],[-1,0],[0,1],[-1,0],[2,1],[2,0],[2,1],[2,0],[2,0],[2,1],[2,0],[1,0],[2,1],[2,0],[2,0],[2,1],[2,0],[2,0],[2,1],[2,0],[2,1],[2,0],[2,0],[2,1],[2,0],[2,0],[2,1],[2,0],[2,0],[2,1],[2,0],[2,0],[2,1],[2,0],[2,1],[2,0],[2,0],[2,1],[2,0],[2,0],[2,1],[1,0],[2,0],[2,1],[2,0],[2,0],[2,1],[2,0],[2,0],[2,1],[2,0],[2,1],[2,0],[2,0],[2,1],[2,0],[2,0],[2,1],[2,0],[2,0],[2,1],[2,0],[2,0],[2,1],[2,0],[2,0],[2,1],[2,0],[-1,-1],[-1,-1],[-1,-1],[-1,-2],[-1,-1],[-1,-1],[-1,-1],[-1,-1],[-1,-2],[-2,-1],[-1,-1],[-1,-1],[-1,-1],[-1,-2],[-1,-1],[-1,-1],[-1,-1],[-1,-1],[-1,-2],[-1,-1],[-1,-1],[-1,-1],[-1,-1],[-1,-2],[-1,-1],[-1,-1],[-1,-1],[-1,-1],[-1,-2],[-1,-1],[-1,-1],[-1,-1],[-1,-1],[-1,-2],[-1,-1],[-1,-1],[-1,-1],[-1,-1],[-1,-2],[-1,-1],[-1,-1],[-1,-1],[-1,-1],[-1,-2],[-1,-1],[-1,-1],[-2,-1],[-1,-1],[-1,-2],[-1,-1],[-1,-1],[-1,-1],[-1,-1],[-1,-2],[-1,-1],[-1,-1],[-1,-1],[-1,-1],[-1,-2],[-1,-1],[-1,-1],[-1,-1],[-1,-1],[-1,-2],[1,0],[1,-1],[1,0],[2,-1],[1,0],[1,-1],[1,-1],[1,0],[1,-1],[1,0],[1,-1],[1,0],[1,-1],[1,0],[1,-1],[2,0],[1,-1],[1,-1],[1,0],[1,-1],[1,0],[1,-1],[1,0],[1,-1],[1,0],[1,-1],[2,0],[1,-1],[1,-1],[1,0],[1,-1],[1,0],[1,-1],[1,0],[1,-1],[1,0],[1,-1],[1,-1],[1,0],[2,-1],[1,0],[1,-1],[1,0],[1,-1],[1,0],[1,-1],[1,0],[1,-1],[1,-1],[1,0],[2,-1],[1,0],[1,-1],[1,0],[1,-1],[1,0],[1,-1],[1,-1],[1,0],[1,-1],[1,0],[1,-1],[1,0],[2,-1],[-2,-1],[-1,-1],[-1,0],[-2,-1],[-1,-1],[-1,-1],[-2,-1],[-1,-1],[-1,0],[-2,-1],[-1,-1],[-1,-1],[-2,-1],[-1,-1],[-1,-1],[-2,0],[-1,-1],[-2,-1],[-1,-1],[-1,-1],[-2,-1],[-1,0],[-1,-1],[-2,-1],[-1,-1],[-1,-1],[-2,-1],[-1,-1],[-1,0],[-2,-1],[-1,-1],[-1,-1],[-2,-1],[-1,-1],[-1,-1],[-2,0],[-1,-1],[-1,-1],[-1,-1],[-2,-1],[-1,-1],[-2,0],[-1,-1],[-1,-1],[-1,-1],[-2,-1],[-1,-1],[-1,-1],[-2,0],[-1,-1],[-1,-1],[-2,-1],[-1,-1],[-1,-1],[-2,-1],[-1,0],[-1,-1],[-2,-1],[-1,-1],[-1,-1],[-2,-1],[-1,0],[-1,-1],[-2,-1],[-1,0],[-1,0],[-2,0],[-1,0],[-2,0],[-1,0],[-1,0],[-2,0],[-1,0],[-1,0],[-2,0],[-1,0],[-2,0],[-1,0],[-1,0],[-2,-1],[-1,0],[-1,0],[-2,0],[-1,0],[-2,0],[-1,0],[-1,0],[-2,0],[-1,0],[-1,0],[-2,0],[-1,0],[-1,0],[-2,0],[-1,0],[-2,0],[-1,0],[-1,0],[-2,0],[-1,0],[-1,0],[-2,0],[-1,0],[-2,0],[-1,0],[-1,0],[-2,0],[-1,0],[-1,0],[-2,0],[-1,0],[-2,0],[-1,0],[-1,0],[-2,0],[-1,0],[-1,0],[-2,0],[-1,0],[-1,0],[-2,-1],[-1,0],[-2,0],[-1,0],[-1,0],[-2,0],[-1,0]],[[5261,7154],[-2,-2],[-3,-2],[-2,-3],[-3,-2],[-2,-2],[-3,-2],[-2,-3],[-3,-2],[-2,-2],[-3,-2],[-2,-2],[-3,-3],[-2,-2],[-3,-2],[-2,-2],[-3,-2],[-2,-3],[-3,-2],[-2,-2],[-3,-2],[-2,-3],[-3,-2],[-2,-2],[-3,-2],[-2,-2],[-2,-3],[-3,-2],[-2,-2],[-3,-2],[-2,-2],[-3,-3],[-2,-2],[-1,-1],[-2,-1],[-2,-2],[-3,-3],[-2,-2],[-2,-2],[-3,-2],[-2,-2],[-3,-3],[-2,-2],[-3,-2],[-2,-2],[-3,-3],[-2,-2],[-3,-2],[-2,-2],[-2,-3],[-3,-2],[-2,-2],[-3,-2],[-2,-2],[-3,-3],[-2,-2],[-2,-2],[-3,-2],[-2,-3],[-3,-2],[-2,-2],[-3,-2],[-2,-2],[-2,-3],[-3,-2],[-2,-2],[-1,1],[0,2],[-1,1],[0,2],[0,1],[-1,2],[0,1],[-1,2],[0,1],[0,2],[-1,1],[0,2],[-1,1],[0,2],[-1,1],[0,2],[0,1],[-1,2],[0,1],[-1,2],[0,2],[0,1],[-1,2],[0,1],[-1,2],[0,1],[-1,2],[0,1],[0,2],[-1,1],[0,2],[-1,1],[0,2],[0,1],[-1,2],[0,1],[-1,2],[0,1],[-1,2],[0,1],[0,2],[-1,1],[0,2],[-1,1],[0,2],[-1,1],[0,2],[0,1],[-1,2],[0,1],[-1,2],[0,1],[0,2],[-1,1],[0,2],[-1,1],[0,2],[-1,1],[0,2],[0,1],[-1,2],[0,1],[-1,2],[0,1],[1,1],[1,1],[1,1],[1,1],[1,1],[1,1],[0,1],[1,1],[1,1],[1,1],[1,1],[1,1],[0,1],[1,1],[1,1],[1,1],[1,1],[0,2],[1,1],[1,1],[0,1],[1,1],[1,1],[0,1],[1,1],[1,1],[0,1],[1,1],[0,1],[1,2],[0,1],[1,1],[0,1],[1,1],[0,1],[1,1],[0,1],[1,2],[0,1],[1,1],[0,1],[0,1],[1,1],[0,2],[0,1],[1,1],[0,1],[0,1],[0,1],[1,2],[0,1],[0,1],[0,1],[0,1],[1,2],[0,1],[0,1],[0,1],[0,1],[0,2],[0,1],[0,1],[0,1],[0,1],[0,4],[0,3],[-1,4],[0,3],[-1,3],[-1,3],[0,4],[-2,3],[-1,3],[-1,3],[-1,3],[-2,3],[-1,3],[-2,3],[-2,3],[-2,3],[-2,3],[-2,3],[-3,3],[-2,2],[-3,3],[-2,3],[-3,2],[-3,3],[-3,3],[-3,2],[-3,3],[-3,2],[-3,2],[-4,3],[-3,2],[-4,2],[-3,2],[-4,2],[-4,2],[-4,2],[-4,2],[-4,2],[-4,2],[-4,2],[-4,1],[-5,2],[-4,2],[-4,1],[-5,1],[-5,2],[-4,1],[-5,1],[-5,1],[-5,1],[-4,2],[-5,0],[-5,1],[-5,1],[-5,1],[-6,0],[-5,1],[-5,0],[-5,1],[-5,0],[-6,0],[-5,0],[-6,0],[-5,0],[-1,0],[-1,0],[-1,0],[-1,0],[-1,0],[-1,0],[-1,0],[-3,4],[-3,3],[-2,3],[-3,3],[-3,4],[-3,3],[-3,3],[-3,4],[-3,3],[-3,3],[-3,3],[-3,4],[-3,3],[-3,3],[-3,4],[-3,3],[-3,3],[-3,4],[-3,3],[-3,3],[-3,3],[-3,4],[-3,3],[-3,3],[-3,4],[-3,3],[-3,3],[-3,3],[-3,4],[-3,3],[-3,3],[-3,4],[-3,3],[-3,3],[-3,3],[-3,4],[-3,3],[-3,3],[-3,3],[-3,4],[-3,3],[-3,3],[-3,4],[-3,3],[-3,3],[-4,3],[-3,4],[-3,3],[-3,3],[-3,3],[-3,4],[-3,3],[-3,3],[-3,4],[-3,3],[-3,3],[-3,3],[-3,4],[-3,3],[-3,3],[-3,3],[-4,4],[-3,3],[-3,3],[0,1],[-1,0],[0,1],[-1,0],[0,1],[-1,0],[0,1],[-1,0],[0,1],[-1,0],[0,1],[-1,0],[0,1],[0,1],[-1,0],[0,1],[-1,0],[0,1],[-1,0],[0,1],[-1,1],[0,1],[-1,0],[0,1],[-1,1],[0,1],[-1,0],[0,1],[0,1],[-1,0],[0,1],[-1,1],[0,1],[0,1],[-1,0],[0,1],[0,1],[-1,1],[0,1],[0,1],[-1,0],[0,1],[0,1],[0,1],[-1,1],[0,1],[0,1],[0,1],[0,1],[-1,0],[0,1],[0,1],[0,1],[0,1],[0,1],[0,2],[0,3],[0,2],[0,2],[0,2],[1,2],[0,2],[1,2],[0,2],[1,2],[1,2],[0,2],[1,2],[1,2],[1,2],[2,1],[1,2],[1,2],[2,2],[1,2],[1,1],[2,2],[2,2],[1,2],[2,1],[2,2],[2,1],[2,2],[2,2],[2,1],[2,2],[2,1],[3,1],[2,2],[2,1],[3,1],[2,2],[3,1],[3,1],[2,1],[3,1],[3,2],[2,1],[3,1],[3,1],[3,1],[3,0],[3,1],[3,1],[3,1],[3,1],[4,0],[3,1],[3,1],[3,0],[4,1],[3,0],[3,0],[4,1],[3,0],[4,0],[3,0],[4,1],[3,0],[3,0],[3,0],[3,0],[3,0],[3,0],[2,-1],[3,0],[3,0],[3,0],[2,-1],[3,0],[3,0],[3,-1],[2,0],[3,0],[2,-1],[3,0],[3,-1],[2,0],[3,-1],[2,-1],[3,0],[2,-1],[3,-1],[2,0],[2,-1],[3,-1],[2,-1],[2,0],[3,-1],[2,-1],[2,-1],[2,-1],[2,-1],[2,-1],[2,-1],[2,-1],[3,-1],[1,-1],[2,-1],[2,-1],[2,-1],[2,-2],[2,-1],[1,-1],[2,-1],[2,-1],[1,-2],[2,-1],[2,-1],[1,-1],[2,-2],[1,-1],[1,-2],[2,-1],[1,-1],[1,-2],[1,-1],[2,-2],[1,-1],[1,-2],[1,-1],[1,-2],[1,-1],[0,-1],[5,-6],[5,-7],[6,-7],[5,-7],[5,-6],[5,-7],[5,-7],[5,-6],[5,-7],[6,-7],[5,-6],[5,-7],[5,-7],[5,-7],[5,-6],[5,-7],[5,-7],[5,-6],[5,-7],[6,-7],[5,-7],[5,-6],[5,-7],[5,-7],[5,-7],[5,-6],[5,-7],[5,-7],[5,-7],[5,-6],[5,-7],[5,-7],[5,-7],[5,-6],[4,-7],[5,-7],[5,-7],[5,-6],[5,-7],[5,-7],[5,-7],[5,-7],[5,-6],[5,-7],[5,-7],[4,-7],[5,-6],[5,-7],[5,-7],[5,-7],[5,-7],[5,-6],[4,-7],[5,-7],[5,-7],[5,-7],[5,-6],[4,-7],[5,-7],[5,-7],[5,-7],[5,-6],[4,-7],[5,-7]],[[4918,7003],[-2,-1],[-1,0],[-2,-1],[-2,0],[-1,0],[-2,-1],[-2,0],[-1,0],[-2,-1],[-1,0],[-2,-1],[-2,0],[-1,0],[-2,-1],[-2,0],[-1,0],[-2,-1],[-2,0],[-1,-1],[-2,0],[-1,0],[-2,-1],[-2,0],[-1,0],[-2,-1],[-2,0],[-1,-1],[-2,0],[-2,0],[-1,-1],[-2,0],[-2,0],[-1,-1],[-2,0],[-1,-1],[-2,0],[-2,0],[-1,-1],[-2,0],[-2,0],[-1,-1],[-2,0],[-2,-1],[-1,0],[-2,0],[-1,-1],[-2,0],[-2,-1],[-1,0],[-2,0],[-2,-1],[-1,0],[-2,0],[-2,-1],[-1,0],[-2,-1],[-2,0],[-1,0],[-2,-1],[-1,0],[-2,0],[-2,-1],[-1,0],[-2,-1],[-1,2],[-1,2],[-1,2],[-1,2],[-1,2],[-1,2],[-1,2],[-1,2],[-1,2],[-1,2],[-1,2],[-2,2],[-1,2],[-1,1],[-1,2],[-1,2],[-1,2],[-1,2],[-1,2],[-1,2],[-1,2],[-1,2],[-1,2],[-1,2],[-1,2],[-1,2],[-1,2],[-1,1],[-2,2],[-1,2],[-1,2],[-1,2],[-1,2],[-1,2],[-1,2],[-1,2],[-1,2],[-1,2],[-1,2],[-1,2],[-1,2],[-1,1],[-1,2],[-1,2],[-2,2],[-1,2],[-1,2],[-1,2],[-1,2],[-1,2],[-1,2],[-1,2],[-1,2],[-1,2],[-1,1],[-1,2],[-1,2],[-1,2],[-2,2],[-1,2],[-1,2],[-1,2],[-1,2],[-1,2],[0,1],[-1,0],[0,1],[0,1],[-1,0],[0,1],[-1,1],[0,1],[-1,0],[0,1],[0,1],[-1,0],[0,1],[0,1],[-1,0],[0,1],[-1,1],[0,1],[-1,1],[0,1],[-1,0],[0,1],[0,1],[-1,0],[0,1],[0,1],[-1,0],[0,1],[-1,1],[0,1],[0,1],[1,1],[0,1],[0,1],[1,0],[0,1],[0,1],[0,1],[1,1],[0,1],[0,1],[0,1],[0,1],[1,0],[0,1],[0,1],[0,1],[0,1],[0,1],[0,1],[0,1],[0,1],[0,1],[0,1],[0,1],[0,1],[0,1],[0,2],[0,2],[0,2],[-1,2],[0,2],[0,2],[-1,2],[-1,1],[0,2],[-1,2],[-1,2],[0,2],[-1,1],[-1,2],[-1,2],[-1,2],[-1,1],[-2,2],[-1,2],[-1,1],[-1,2],[-2,1],[-1,2],[-1,2],[-2,1],[-2,2],[-1,1],[-2,2],[-2,1],[-1,1],[-2,2],[-2,1],[-2,2],[-2,1],[-2,1],[-2,2],[-2,1],[-2,1],[-2,1],[-2,1],[-2,1],[-2,2],[-3,1],[-2,1],[-2,1],[-3,1],[-2,1],[-3,1],[-2,1],[-3,0],[-2,1],[-3,1],[-2,1],[-3,1],[-3,0],[-2,1],[-3,1],[-3,0],[-3,1],[-2,0],[-3,1],[-3,0],[-3,1],[-3,0],[0,1],[1,0],[0,1],[0,1],[1,0],[0,1],[0,1],[1,0],[0,1],[0,1],[1,1],[0,1],[1,1],[0,1],[0,1],[1,0],[0,1],[0,1],[1,0],[0,1],[0,1],[1,0],[0,1],[0,1],[1,0],[0,1],[0,1],[1,1],[0,1],[1,1],[0,1],[0,1],[1,0],[0,1],[0,1],[1,0],[0,1],[1,0],[1,0],[1,0],[1,1],[1,0],[1,0],[1,0],[1,0],[1,0],[1,0],[1,0],[1,0],[1,0],[1,0],[1,0],[1,0],[1,0],[1,0],[1,0],[0,1],[4,0],[4,0],[3,0],[4,-1],[4,0],[3,0],[4,0],[3,-1],[4,0],[3,0],[3,-1],[4,0],[3,-1],[3,-1],[4,0],[3,-1],[3,-1],[3,-1],[3,-1],[3,-1],[4,-1],[3,-1],[2,-1],[3,-1],[3,-1],[3,-1],[3,-1],[3,-2],[2,-1],[3,-1],[2,-2],[3,-1],[2,-2],[3,-1],[2,-2],[2,-1],[2,-2],[3,-1],[2,-2],[2,-2],[2,-1],[2,-2],[1,-2],[2,-2],[2,-2],[1,-2],[2,-1],[1,-2],[2,-2],[1,-2],[1,-2],[1,-2],[2,-3],[1,-2],[0,-2],[1,-2],[1,-2],[1,-2],[0,-2],[1,-3],[0,-2],[1,-2],[0,-2],[0,-3],[0,-1],[0,-1],[0,-1],[0,-1],[0,-1],[0,-1],[0,-1],[0,-1],[0,-1],[-1,-1],[0,-1],[0,-1],[0,-1],[0,-1],[0,-1],[-1,-1],[0,-1],[0,-1],[-1,-1],[0,-1],[0,-1],[0,-1],[-1,-1],[0,-1],[-1,-1],[0,-1],[0,-1],[-1,-1],[-1,-1],[0,-1],[-1,-1],[0,-1],[-1,0],[0,-1],[0,-1],[-1,-1],[0,-1],[-1,0],[-1,-1],[0,-1],[-1,-1],[0,-1],[-1,0],[0,-1],[-1,-1],[-1,-1],[-1,-1],[-1,-1],[0,-1],[-1,0],[-1,-1],[0,-1],[-1,-1],[-1,0],[0,-1],[-1,-1],[-1,0],[-1,-1],[2,-1],[2,-2],[2,-1],[2,-1],[2,-1],[2,-1],[1,-1],[2,-2],[2,-1],[2,-1],[2,-1],[2,-1],[2,-1],[2,-2],[2,-1],[1,-1],[2,-1],[2,-1],[2,-2],[2,-1],[2,-1],[2,-1],[2,-1],[2,-2],[1,-1],[2,-1],[2,-1],[2,-1],[2,-1],[2,-2],[2,-1],[2,-1],[1,-1],[2,-1],[2,-2],[2,-1],[2,-1],[2,-1],[2,-1],[2,-1],[1,-2],[2,-1],[2,-1],[2,-1],[2,-1],[2,-2],[2,-1],[1,-1],[2,-1],[2,-1],[2,-2],[2,-1],[2,-1],[2,-1],[2,-1],[1,-1],[2,-2],[2,-1],[2,-1],[2,-1],[2,-1],[2,-2],[1,-1],[2,-1],[1,-1],[0,-1],[0,-1],[1,-1],[0,-1],[1,-1],[0,-1],[1,-1],[0,-1],[0,-1],[1,-1],[0,-1],[1,-1],[0,-1],[0,-1],[1,-1],[0,-1],[1,-1],[0,-1],[1,-1],[0,-1],[0,-1],[1,-1],[0,-1],[1,-1],[0,-1],[0,-1],[1,-1],[0,-1],[1,-1],[0,-1],[0,-1],[1,-1],[0,-1],[1,-1],[0,-1],[1,-1],[0,-1],[0,-1],[1,-1],[0,-1],[1,-1],[0,-1],[0,-1],[1,-1]],[[4574,7355],[1,-1],[0,-1],[1,-2],[1,-1],[0,-2],[1,-1],[1,-1],[0,-2],[1,-1],[1,-1],[0,-2],[1,-1],[1,-1],[1,-2],[0,-1],[1,-1],[1,-2],[0,-1],[1,-1],[1,-2],[0,-1],[1,-2],[1,-1],[0,-1],[1,-2],[1,-1],[0,-1],[1,-2],[1,-1],[0,-1],[1,-2],[1,-1],[1,-1],[0,-2],[1,-1],[1,-2],[0,-1],[1,-1],[1,-2],[0,-1],[1,-1],[1,-2],[0,-1],[1,-1],[1,-2],[0,-1],[1,-1],[1,-2],[0,-1],[1,-1],[1,-2],[0,-1],[1,-2],[1,-1],[0,-1],[1,-2],[1,-1],[0,-1],[1,-2],[1,-1],[1,-1],[0,-2],[1,-1],[1,-1],[-1,-1],[0,-1],[-1,-1],[0,-1],[-1,-1],[-1,-1],[0,-1],[-1,-1],[0,-1],[-1,0],[0,-1],[-1,-1],[0,-1],[-1,-1],[-1,-1],[0,-1],[-1,-1],[0,-1],[-1,0],[0,-1],[-1,-1],[0,-1],[-1,-1],[-1,-1],[0,-1],[-1,-1],[0,-1],[-1,0],[0,-1],[-1,-1],[0,-1],[-1,-1],[-1,-1],[0,-1],[-1,-1],[0,-1],[0,-1],[-1,0],[0,-1],[-1,-1],[0,-1],[-1,-1],[-1,-1],[0,-1],[-1,-1],[0,-1],[-1,0],[0,-1],[-1,-1],[0,-1],[-1,-1],[-1,-1],[0,-1],[-1,-1],[0,-1],[-1,0],[0,-1],[-1,-1],[-1,2],[0,2],[-1,1],[-1,2],[-1,2],[-1,2],[-1,2],[-1,1],[-1,2],[-1,2],[-1,2],[-1,2],[-1,1],[0,2],[-1,2],[-1,2],[-1,2],[-1,1],[-1,2],[-1,2],[-1,2],[-1,2],[-1,1],[-1,2],[-1,2],[0,2],[-1,2],[-1,1],[-1,2],[-1,2],[-1,2],[-1,2],[-1,1],[-1,2],[-1,2],[-1,2],[-1,2],[-1,1],[0,2],[-1,2],[-1,2],[-1,2],[-1,1],[-1,2],[-1,2],[-1,2],[-1,2],[-1,1],[-1,2],[-1,2],[-1,2],[-1,2],[0,1],[-1,2],[-1,2],[-1,2],[-1,2],[-1,1],[-1,2],[-1,2],[-1,2],[-1,2],[-1,1],[-1,2],[0,1],[0,1],[-1,0],[0,1],[0,1],[-1,0],[0,1],[-1,1],[1,1],[1,1],[1,1],[0,1],[1,0],[0,1],[1,1],[0,1],[1,0],[0,1],[1,0],[0,1],[0,1],[1,0],[0,1],[1,1],[0,1],[1,0],[0,1],[0,1],[1,1],[0,1],[1,1],[0,1],[0,1],[1,0],[0,1],[0,1],[1,1],[0,1],[0,1],[0,1],[1,1],[0,1],[0,1],[0,1],[0,1],[0,1],[1,0],[0,1],[0,1],[0,1],[0,1],[0,1],[0,1],[0,1],[0,1],[0,1],[-1,2],[0,2],[0,2],[-1,2],[0,2],[-1,2],[0,2],[-1,2],[-1,2],[-1,2],[-1,2],[-1,1],[-1,2],[-1,2],[-1,2],[-2,1],[-1,2],[-2,2],[-1,1],[-2,2],[-1,2],[-2,1],[-2,2],[-2,1],[-1,2],[-2,1],[-2,2],[-2,1],[-2,1],[-3,2],[-2,1],[-2,1],[-2,2],[-3,1],[-2,1],[-3,1],[-2,1],[-3,1],[-2,1],[-3,1],[-2,1],[-3,1],[-3,1],[-3,1],[-3,1],[-2,0],[-3,1],[-3,1],[-3,0],[-3,1],[-3,1],[-3,0],[-3,1],[-3,0],[-3,0],[-4,1],[-3,0],[-3,0],[-3,0],[-3,0],[-4,0],[-3,0],[-3,0],[-4,0],[-1,0],[-1,0],[-1,0],[-1,0],[-1,0],[-1,0],[-1,0],[-1,0],[-1,0],[-1,0],[-1,0],[-1,0],[-1,-1],[-1,0],[-1,0],[-1,0],[-1,0],[-1,0],[-1,0],[-1,0],[-1,-1],[-1,0],[-1,0],[-1,0],[-1,0],[-1,0],[-1,0],[-1,-1],[-1,0],[-1,0],[-1,0],[-1,0],[-1,-1],[0,1],[-1,0],[0,1],[0,1],[-1,1],[0,1],[-1,1],[0,1],[-1,0],[0,1],[0,1],[-1,1],[0,1],[-1,0],[0,1],[0,1],[-1,1],[0,1],[-1,0],[0,1],[-1,1],[0,1],[0,1],[-1,0],[0,1],[0,1],[-1,0],[0,1],[0,1],[-1,0],[0,1],[0,1],[-1,0],[0,1],[-1,1],[0,1],[0,1],[-1,0],[0,1],[-1,1],[0,1],[-1,1],[0,1],[-1,1],[0,1],[-1,1],[1,1],[2,1],[1,0],[1,1],[1,0],[1,1],[2,1],[1,0],[1,1],[1,0],[2,1],[1,0],[1,1],[2,0],[1,1],[1,0],[2,1],[1,1],[1,0],[2,0],[1,1],[2,0],[1,1],[1,0],[2,1],[1,0],[2,1],[1,0],[2,0],[1,1],[2,0],[1,1],[2,0],[1,0],[2,1],[1,0],[2,0],[1,1],[2,0],[1,0],[2,1],[1,0],[2,0],[2,0],[1,1],[2,0],[1,0],[2,0],[2,1],[1,0],[2,0],[1,0],[2,0],[2,1],[1,0],[2,0],[2,0],[1,0],[2,0],[2,0],[1,0],[2,1],[2,0],[1,0],[5,0],[4,0],[3,0],[4,0],[4,0],[4,-1],[4,0],[4,0],[4,-1],[4,0],[3,-1],[4,0],[4,-1],[4,0],[3,-1],[4,-1],[3,-1],[4,-1],[3,0],[4,-1],[3,-1],[3,-2],[4,-1],[3,-1],[3,-1],[3,-1],[3,-2],[3,-1],[3,-1],[3,-2],[3,-1],[3,-2],[3,-1],[2,-2],[3,-1],[2,-2],[3,-2],[2,-1],[3,-2],[2,-2],[2,-2],[2,-2],[2,-2],[2,-2],[2,-2],[2,-2],[2,-2],[1,-2],[2,-2],[1,-2],[2,-2],[1,-2],[1,-2],[1,-3],[2,-2],[1,-2],[0,-2],[1,-3],[1,-2],[1,-2],[0,-3],[0,-2],[1,-3],[0,-2],[0,-1],[0,-1],[0,-1],[0,-2],[0,-1],[0,-1],[0,-1],[0,-1],[0,-1],[0,-1],[-1,-1],[0,-2],[0,-1],[0,-1],[0,-1],[-1,-1],[0,-1],[0,-1],[0,-1],[-1,-1],[0,-1],[-1,-2],[0,-1],[0,-1],[-1,-1],[0,-1],[-1,-1],[0,-1],[-1,-1],[0,-1],[-1,-1],[0,-1],[-1,-1],[-1,-1],[0,-1],[-1,-1],[-1,-1],[0,-1],[-1,-1],[-1,-1],[0,-1],[-1,-1],[-1,-1],[-1,-1],[-1,-1],[0,-1],[-1,-1],[-1,-1],[-1,-1],[-1,-1],[-1,-1],[-1,0],[-1,-1],[-1,-1],[-1,-1],[-1,-1],[-1,-1],[-1,-1],[-1,-1],[-1,0],[-1,-1],[-1,-1],[-1,-1],[-1,-1]],[[4631,7544],[-1,-1],[-1,-1],[0,-1],[-1,0],[0,-1],[-1,-1],[0,-1],[-1,0],[0,-1],[-1,-1],[-1,0],[0,-1],[-1,-1],[0,-1],[-1,0],[0,-1],[-1,-1],[-1,-1],[-1,-1],[0,-1],[-1,0],[0,-1],[-1,-1],[0,-1],[-1,0],[0,-1],[-1,-1],[-1,0],[0,-1],[-1,-1],[0,-1],[-1,0],[0,-1],[-1,-1],[0,-1],[-1,0],[-1,-1],[0,-1],[-1,0],[0,-1],[-1,-1],[0,-1],[-1,0],[0,-1],[-1,-1],[-1,0],[0,-1],[-1,-1],[0,-1],[-1,0],[0,-1],[-1,-1],[0,-1],[-1,0],[-1,-1],[0,-1],[-1,0],[0,-1],[-1,-1],[0,-1],[-1,0],[0,-1],[-4,1],[-4,1],[-4,1],[-3,1],[-4,1],[-4,1],[-3,2],[-4,1],[-4,1],[-4,1],[-3,1],[-4,1],[-4,1],[-4,1],[-3,1],[-4,1],[-4,1],[-4,1],[-3,2],[-4,1],[-4,1],[-4,1],[-3,1],[-4,1],[-4,1],[-4,1],[-3,1],[-4,1],[-4,1],[-4,1],[-3,1],[-4,1],[-4,2],[-4,1],[-3,1],[-4,1],[-4,1],[-4,1],[-3,1],[-4,1],[-4,1],[-4,1],[-3,1],[-4,1],[-4,1],[-4,1],[-4,1],[-3,2],[-4,1],[-4,1],[-4,1],[-3,1],[-4,1],[-4,1],[-4,1],[-3,1],[-4,1],[-4,1],[-4,1],[-4,1],[-3,1],[-4,1],[-4,1],[-4,1],[3,3],[2,2],[3,2],[2,2],[3,2],[2,2],[2,3],[3,2],[2,2],[3,2],[2,2],[3,2],[2,3],[3,2],[2,2],[2,2],[3,2],[2,2],[3,2],[2,3],[2,2],[1,0],[2,2],[3,2],[2,2],[3,2],[2,3],[2,2],[3,2],[2,2],[3,2],[2,2],[3,2],[2,3],[3,2],[2,2],[3,2],[2,2],[3,2],[2,3],[3,2],[2,2],[3,2],[2,2],[3,2],[2,2],[3,3],[2,2],[2,2],[3,2],[2,2],[3,2],[2,2],[3,3],[2,2],[3,2],[2,2],[3,2],[2,2],[3,2],[2,3],[3,2],[2,2],[3,2],[2,2],[0,-1],[-1,0],[0,-1],[-1,-1],[-1,-1],[0,-1],[-1,0],[-1,-1],[0,-1],[-1,-1],[0,-1],[-1,-1],[-1,-1],[0,-1],[-1,-1],[0,-1],[-1,-1],[-1,-1],[0,-1],[-1,-1],[0,-1],[-1,-1],[0,-1],[-1,-1],[0,-1],[-1,-1],[0,-1],[0,-1],[-1,-1],[0,-1],[-1,-1],[0,-1],[0,-1],[0,-1],[-1,-1],[0,-1],[0,-1],[0,-1],[0,-1],[-1,0],[0,-1],[0,-1],[0,-1],[0,-1],[0,-1],[-1,-1],[0,-1],[0,-1],[0,-1],[0,-1],[0,-1],[0,-1],[0,-1],[0,-1],[0,-1],[0,-1],[0,-1],[0,-1],[0,-1],[1,-2],[0,-3],[0,-2],[1,-2],[0,-3],[1,-2],[1,-2],[0,-2],[1,-3],[1,-2],[1,-2],[1,-2],[1,-2],[1,-2],[2,-2],[1,-2],[1,-3],[2,-2],[1,-2],[2,-2],[2,-2],[1,-1],[2,-2],[2,-2],[2,-2],[2,-2],[2,-2],[2,-2],[2,-1],[2,-2],[2,-2],[2,-2],[3,-1],[2,-2],[2,-2],[3,-1],[2,-2],[3,-1],[3,-2],[2,-1],[3,-2],[3,-1],[3,-2],[2,-1],[3,-1],[3,-2],[3,-1],[3,-1],[3,-1],[3,-1],[3,-1],[4,-2],[3,-1],[3,-1],[3,-1],[4,-1],[3,0],[3,-1],[4,-1],[3,-1],[4,-1],[3,0],[4,-1],[3,-1]],[[4062,8454],[-2,-2],[-2,-1],[-3,-2],[-2,-2],[-2,-2],[-2,-2],[-2,-2],[-2,-2],[-2,-1],[-2,-2],[-2,-2],[-2,-2],[-3,-2],[-2,-2],[-2,-1],[-2,-2],[-2,-2],[-2,-2],[-2,-2],[-2,-2],[-2,-2],[-2,-1],[-3,-2],[-2,-2],[-2,-2],[-2,-2],[-2,-2],[-2,-1],[-2,-2],[-2,-2],[-2,-2],[-2,-2],[-2,-2],[-3,-2],[-2,-1],[-2,-2],[-2,-2],[-2,-2],[-2,-2],[-2,-2],[-2,-2],[-2,-1],[-2,-2],[-2,-2],[-2,-2],[-2,-2],[-3,-2],[-2,-1],[-2,-2],[-2,-2],[-2,-2],[-2,-2],[-2,-2],[-2,-2],[-2,-1],[-2,-2],[-2,-2],[-2,-2],[-2,-2],[-2,-2],[-2,-2],[-2,-1],[-3,-2],[-2,-2],[-1,0],[-1,1],[-2,0],[-1,1],[-2,0],[-1,1],[-2,0],[-1,1],[-2,0],[-1,0],[-1,1],[-2,0],[-1,1],[-2,0],[-1,1],[-2,0],[-1,1],[-1,0],[-2,1],[-1,0],[-2,1],[-1,0],[-2,1],[-1,0],[-1,0],[-2,1],[-1,0],[-2,1],[-1,0],[-2,1],[-1,0],[-2,1],[-1,0],[-1,1],[-2,0],[-1,1],[-2,0],[-1,0],[-2,1],[-1,0],[-2,1],[-1,0],[-1,1],[-2,0],[-1,1],[-2,0],[-1,1],[-2,0],[-1,1],[-1,0],[-2,0],[-1,1],[-2,0],[-1,1],[-2,0],[-1,1],[-2,0],[-1,1],[-1,0],[-2,1],[-1,0],[-2,1],[-1,0],[-2,0],[3,2],[2,2],[2,2],[3,1],[2,2],[2,2],[3,2],[2,1],[2,2],[3,2],[2,1],[2,2],[3,2],[2,2],[2,1],[3,2],[2,2],[2,2],[3,1],[2,2],[2,2],[3,1],[2,2],[2,2],[3,2],[2,1],[2,2],[3,2],[2,2],[2,1],[3,2],[2,2],[3,1],[2,2],[2,2],[3,2],[2,1],[2,2],[3,2],[2,1],[2,2],[3,2],[2,2],[2,1],[3,2],[2,2],[3,1],[2,2],[2,2],[3,2],[2,1],[2,2],[3,2],[2,1],[3,2],[2,2],[2,2],[3,1],[2,2],[2,2],[3,1],[2,2],[3,2],[2,2],[1,-1],[1,0],[2,0],[1,-1],[1,0],[1,0],[1,-1],[1,0],[2,0],[1,-1],[1,0],[1,0],[1,-1],[1,0],[2,0],[1,-1],[1,0],[1,0],[1,-1],[1,0],[2,0],[1,-1],[1,0],[1,0],[1,-1],[1,0],[2,0],[1,-1],[1,0],[1,0],[1,-1],[1,0],[2,0],[1,-1],[1,0],[1,0],[1,-1],[1,0],[2,0],[1,-1],[1,0],[1,0],[1,-1],[1,0],[2,0],[1,-1],[1,0],[1,0],[1,-1],[2,0],[1,0],[1,-1],[1,0],[1,0],[1,-1],[2,0],[1,0],[1,-1],[1,0],[1,0],[1,-1],[1,0],[2,0],[1,-1]],[[4106,8107],[-4,-1],[-4,-2],[-4,-1],[-3,-1],[-4,-1],[-4,-1],[-5,-2],[-4,-1],[-4,-1],[-4,0],[-4,-1],[-5,-1],[-4,-1],[-5,-1],[-4,0],[-5,-1],[-4,0],[-5,-1],[-5,0],[-4,-1],[-5,0],[-5,0],[-2,0],[-2,0],[-2,-1],[-2,0],[-2,0],[-1,0],[-2,0],[-2,0],[-2,0],[-2,0],[-2,0],[-2,0],[-2,0],[-2,1],[-2,0],[-2,0],[-2,0],[-1,0],[-2,0],[-2,0],[-2,0],[-2,0],[-2,0],[-2,1],[-2,0],[-1,0],[-2,0],[-2,0],[-2,1],[-2,0],[-2,0],[-1,0],[-2,0],[-2,1],[-2,0],[-2,0],[-2,0],[-1,1],[-2,0],[-2,0],[-2,1],[-1,0],[-2,0],[-2,1],[-2,0],[-1,0],[-2,1],[-2,0],[-1,0],[-2,1],[-2,0],[-2,1],[-1,0],[-2,0],[-2,1],[-1,0],[-2,1],[-1,0],[-2,1],[-2,0],[-1,1],[-2,0],[-2,1],[-1,0],[1,0],[1,0],[1,0],[1,-1],[1,0],[1,0],[1,0],[1,0],[1,0],[1,0],[1,-1],[1,0],[1,0],[1,0],[1,0],[1,0],[1,0],[1,0],[1,0],[1,0],[0,-1],[1,0],[1,0],[1,0],[1,0],[1,0],[1,0],[1,0],[1,0],[1,0],[1,0],[1,0],[1,0],[1,0],[1,0],[1,0],[1,0],[1,0],[0,-1],[1,0],[1,0],[1,0],[1,0],[1,0],[1,0],[1,0],[1,0],[1,0],[1,0],[1,0],[1,0],[1,0],[1,0],[1,1],[1,0],[1,0],[1,0],[1,0],[1,0],[3,0],[4,0],[4,0],[4,1],[3,0],[4,1],[3,0],[4,1],[3,0],[4,1],[3,1],[4,0],[3,1],[3,1],[4,1],[3,1],[3,1],[3,1],[3,1],[3,1],[3,1],[3,1],[3,1],[3,1],[3,2],[2,1],[3,1],[3,2],[2,1],[3,1],[2,2],[2,1],[3,2],[2,1],[2,2],[2,1],[2,2],[2,2],[2,1],[2,2],[1,2],[2,2],[2,1],[1,2],[2,2],[1,2],[1,2],[1,2],[1,1],[2,2],[0,2],[1,2],[1,2],[1,2],[0,2],[1,2],[0,2],[1,2],[0,2],[0,2],[0,2],[0,3],[0,2],[0,2],[-1,1],[0,2],[0,1],[0,1],[-1,2],[0,1],[-1,2],[0,1],[-1,1],[-1,2],[0,1],[-1,1],[-1,2],[0,1],[-1,1],[-1,2],[-1,1],[-1,1],[-1,1],[-1,2],[-1,1],[-1,1],[-1,1],[-1,2],[-1,1],[-1,1],[-2,1],[-1,1],[-1,1],[-2,2],[-1,1],[-1,1],[-2,1],[-1,1],[-2,1],[-1,1],[-2,1],[-2,1],[-1,1],[-2,1],[-2,1],[-1,1],[-2,1],[-2,1],[-2,1],[-2,1],[-1,0],[-2,1],[-2,1],[-2,1],[-2,1],[-2,1],[-2,0],[-2,1],[-2,1],[-2,1],[-2,0],[-2,1],[-3,1],[-2,0],[-2,1],[-2,0],[-2,1],[-3,1],[1,0],[1,1],[1,1],[1,0],[1,1],[1,1],[1,0],[0,1],[1,1],[1,1],[1,0],[1,1],[1,1],[1,0],[1,1],[1,1],[1,1],[1,1],[1,1],[1,0],[1,1],[1,1],[1,0],[1,1],[0,1],[1,0],[1,1],[1,1],[1,0],[1,1],[1,1],[1,1],[1,1],[1,1],[1,0],[1,1],[1,1],[1,0],[1,1],[1,1],[0,1],[1,0],[1,1],[1,1],[1,0],[1,1],[1,1],[1,0],[1,1],[0,1],[1,0],[1,1],[1,1],[1,1],[1,0],[1,1],[1,1],[1,0],[0,1],[1,1],[1,0],[1,1],[2,1],[1,2],[2,1],[2,1],[1,1],[2,2],[1,1],[2,1],[2,1],[1,2],[2,1],[2,1],[1,2],[2,1],[2,1],[1,1],[2,2],[1,1],[2,1],[2,1],[1,2],[2,1],[2,1],[1,1],[2,2],[1,1],[2,1],[2,1],[1,2],[2,1],[2,1],[1,1],[2,2],[2,1],[1,1],[2,2],[1,1],[2,1],[2,1],[1,2],[2,1],[2,1],[1,1],[2,2],[2,1],[1,1],[2,1],[2,2],[1,1],[2,1],[2,1],[1,2],[2,1],[1,1],[2,1],[2,2],[1,1],[2,1],[2,1],[1,2],[2,1],[2,1],[1,1],[2,2],[2,-1],[2,0],[2,-1],[2,-1],[2,0],[2,-1],[2,0],[2,-1],[2,0],[2,-1],[2,0],[2,-1],[2,-1],[2,0],[2,-1],[2,0],[2,-1],[2,0],[2,-1],[2,0],[2,-1],[2,-1],[2,0],[2,-1],[2,0],[2,-1],[2,0],[2,-1],[2,0],[2,-1],[2,-1],[2,0],[2,-1],[2,0],[2,-1],[2,0],[2,-1],[2,0],[2,-1],[2,-1],[2,0],[2,-1],[2,0],[2,-1],[2,0],[2,-1],[2,0],[2,-1],[2,-1],[2,0],[2,-1],[2,0],[2,-1],[2,0],[2,-1],[2,-1],[2,0],[2,-1],[2,0],[2,-1],[2,0],[2,-1],[2,0],[2,-1],[-1,-2],[-2,-3],[-1,-2],[-2,-2],[-1,-3],[-2,-2],[-1,-2],[-2,-3],[-2,-2],[-1,-2],[-2,-3],[-1,-2],[-2,-2],[-1,-3],[-2,-2],[-1,-2],[-2,-3],[-1,-2],[-2,-2],[-2,-3],[-1,-2],[-2,-2],[0,-1],[-1,-2],[-2,-2],[-1,-2],[-2,-3],[-1,-2],[-2,-2],[-1,-3],[-2,-2],[-1,-2],[-2,-3],[-1,-2],[-2,-2],[-1,-3],[-2,-2],[-2,-2],[-1,-3],[-2,-2],[-1,-2],[-2,-3],[-1,-2],[-2,-2],[-1,-3],[-2,-2],[-1,-2],[-2,-3],[-1,-2],[-2,-2],[-1,-3],[-2,-2],[-1,-2],[-2,-3],[-1,-2],[-2,-2],[-1,-3],[-2,-2],[-1,-2],[-2,-3],[-1,-2],[-2,-2],[-1,-3],[-2,-2],[-1,-2],[0,-3],[-1,-2],[0,-3],[-1,-3],[0,-2],[-1,-3],[-1,-2],[0,-3],[-1,-2],[-2,-3],[-1,-2],[-1,-2],[-1,-3],[-2,-2],[-2,-3],[-1,-2],[-2,-2],[-2,-2],[-2,-3],[-2,-2],[-2,-2],[-2,-2],[-3,-2],[-2,-2],[-2,-2],[-3,-2],[-3,-2],[-2,-2],[-3,-2],[-3,-2],[-3,-2],[-3,-2],[-3,-2],[-3,-1],[-4,-2],[-3,-2],[-3,-1],[-4,-2],[-3,-2],[-4,-1],[-3,-2],[-4,-1]],[[2690,8474],[-1,-2],[-2,0],[-2,0],[-1,1],[-2,0],[-2,0],[-2,0],[-2,0],[-1,0],[-2,0],[-2,0],[-2,1],[-2,0],[-2,0],[-1,0],[-2,0],[-2,0],[-2,0],[-2,0],[-2,0],[-1,1],[-2,0],[-2,0],[-2,0],[-2,0],[-1,0],[-2,0],[-2,0],[-2,0],[-2,1],[-2,0],[-1,0],[-2,0],[-2,0],[-2,0],[-2,0],[-2,0],[-1,1],[-2,0],[-2,0],[-2,0],[-2,0],[-2,0],[-1,0],[-2,0],[-2,0],[-2,1],[-2,0],[-1,0],[-2,0],[-2,0],[-2,0],[-2,0],[-2,0],[-1,0],[-2,1],[-1,0],[-1,0],[-2,0],[-2,0],[-2,0],[-1,0],[-2,0],[-2,0],[-2,0],[-2,1],[1,4],[1,4],[1,4],[1,5],[2,3],[0,1],[1,4],[2,4],[2,5],[2,4],[3,4],[2,4],[3,4],[2,4],[3,4],[3,4],[3,4],[4,3],[3,4],[4,4],[4,4],[4,3],[4,4],[4,4],[5,3],[4,4],[5,3],[4,4],[5,3],[5,3],[6,4],[5,3],[6,3],[5,3],[6,3],[6,3],[6,3],[6,3],[6,2],[6,3],[7,3],[6,2],[7,3],[7,2],[7,3],[7,2],[7,2],[7,2],[7,2],[8,2],[7,2],[8,2],[8,2],[5,1],[3,1],[8,1],[8,2],[8,1],[8,2],[8,1],[9,1],[8,1],[9,1],[8,1],[9,1],[9,1],[6,0],[6,1],[7,0],[6,0],[6,1],[6,0],[7,0],[6,0],[6,0],[6,0],[7,0],[6,0],[6,0],[6,0],[6,-1],[6,0],[6,0],[6,-1],[6,0],[6,-1],[6,0],[6,-1],[6,0],[6,-1],[6,-1],[6,0],[6,-1],[6,-1],[5,-1],[6,-1],[6,-1],[5,-1],[6,-1],[5,-1],[6,-1],[5,-1],[6,-1],[5,-1],[6,-2],[5,-1],[5,-1],[6,-2],[5,-1],[5,-2],[5,-1],[5,-2],[5,-1],[5,-2],[5,-2],[5,-1],[5,-2],[4,-2],[5,-2],[3,-1],[2,-1],[4,-1],[5,-2],[4,-2],[5,-2],[4,-2],[4,-2],[5,-2],[4,-3],[4,-2],[4,-2],[-1,0],[-1,0],[-2,0],[-1,0],[-1,0],[-1,-1],[-1,0],[-2,0],[-1,0],[-1,0],[-1,0],[-1,0],[-2,0],[-1,0],[-1,-1],[-1,0],[-2,0],[-1,0],[-1,0],[-1,0],[-1,0],[-2,0],[-1,0],[-1,-1],[-1,0],[-1,0],[-2,0],[-1,0],[-1,0],[-1,0],[-1,0],[-2,0],[-1,-1],[-1,0],[-1,0],[-1,0],[-2,0],[-1,0],[-1,0],[-1,0],[-2,0],[-1,-1],[-1,0],[-1,0],[-1,0],[-2,0],[-1,0],[-1,0],[-1,0],[-1,0],[-2,-1],[-1,0],[-1,0],[-1,0],[-1,0],[-2,0],[-1,0],[-1,0],[-1,0],[-1,-1],[-2,0],[-1,0],[-1,0],[-1,0],[-6,-1],[-6,0],[-6,-1],[-6,0],[-6,-1],[-6,0],[-6,-1],[-5,0],[-6,-1],[-6,-1],[-6,0],[-6,-1],[-6,0],[-6,-1],[-6,0],[-6,-1],[-5,-1],[-6,0],[-6,-1],[-6,0],[-6,-1],[-6,0],[-6,-1],[-6,-1],[-5,0],[-6,-1],[-6,0],[-6,-1],[-6,0],[-6,-1],[-6,-1],[-6,0],[-5,-1],[-6,0],[-6,-1],[-6,-1],[-6,0],[-6,-1],[-6,0],[-5,-1],[-6,-1],[-6,0],[-6,-1],[-6,0],[-6,-1],[-6,-1],[-5,0],[-6,-1],[-6,0],[-6,-1],[-6,-1],[-6,0],[-6,-1],[-5,0],[-6,-1],[-6,-1],[-6,0],[-6,-1],[-6,0],[-5,-1],[-6,-1],[-6,0],[-6,-1],[-1,0],[-5,-1],[-2,-1],[-3,-1],[-2,-1],[-3,-1],[-2,-1],[-3,-1],[-2,-1],[-2,-2],[-3,-1],[-2,-1],[-2,-1],[-3,-1],[-2,-1],[-2,-2],[-2,-1],[-3,-1],[-2,-1],[-2,-2],[-2,-1],[-2,-1],[-2,-1],[-2,-2],[-2,-1],[-3,-1],[-2,-2],[-2,-1],[-2,-1],[-1,-2],[-2,-1],[-2,-1],[-2,-2],[-2,-1],[-2,-1],[-2,-2],[-2,-1],[-1,-2],[-2,-1],[-2,-1],[-2,-2],[-1,-1],[-2,-2],[-2,-1],[-1,-2],[-2,-1],[-1,-2],[-2,-1],[-1,-2],[-2,-1],[-1,-2],[-2,-1],[-1,-2],[-2,-1],[-1,-2],[-2,-1],[-1,-2],[-1,-1],[-1,-2],[-2,-1],[-1,-2],[-1,-1],[-1,-2],[-2,-2],[-1,-1]],[[2953,9208],[-1,0],[-2,0],[-2,0],[-2,0],[-2,0],[-2,0],[-1,0],[-2,0],[-2,1],[-2,0],[-2,0],[-2,0],[-2,0],[-1,0],[-2,0],[-2,0],[-2,0],[-2,0],[-2,0],[-2,0],[-1,0],[-2,0],[-2,0],[-2,0],[-2,0],[-2,0],[-2,0],[-1,0],[-2,0],[-2,0],[-2,0],[-2,0],[-2,0],[-2,0],[-2,0],[-1,0],[-2,0],[-2,0],[-2,0],[-2,-1],[-2,0],[-2,0],[-2,0],[-1,0],[-2,0],[-2,0],[-2,0],[-2,0],[-2,0],[-2,0],[-2,0],[-2,0],[-1,-1],[-2,0],[-2,0],[-2,0],[-2,0],[-2,0],[-2,0],[-2,0],[-2,0],[-2,-1],[-1,0],[-2,0],[-9,0],[-8,-1],[-8,-1],[-9,-1],[-8,-1],[-8,-1],[-8,-1],[-8,-1],[-8,-1],[-8,-1],[-7,-1],[-8,-2],[-8,-1],[-7,-1],[-8,-2],[-7,-2],[-7,-1],[-8,-2],[-7,-1],[-7,-2],[-7,-2],[-7,-2],[-7,-2],[-7,-2],[-6,-2],[-7,-2],[-7,-2],[-6,-2],[-6,-2],[-7,-3],[-6,-2],[-6,-2],[-6,-3],[-6,-2],[-6,-3],[-5,-2],[-6,-3],[-6,-2],[-5,-3],[-5,-3],[-6,-2],[-5,-3],[-5,-3],[-5,-3],[-5,-3],[-4,-2],[-5,-3],[-5,-3],[-4,-3],[-4,-3],[-5,-4],[-4,-3],[-4,-3],[-4,-3],[-3,-3],[-4,-3],[-4,-4],[-3,-3],[-3,-3],[-4,-4],[-3,-3],[-3,-3],[-3,-4],[-2,-3],[-1,-1],[-1,-1],[0,-1],[-1,0],[0,-1],[-1,-1],[0,-1],[-1,0],[-1,-1],[0,-1],[-1,-1],[0,-1],[-1,0],[0,-1],[-1,-1],[0,-1],[-1,0],[0,-1],[-1,-1],[0,-1],[-1,-1],[-1,-1],[0,-1],[-1,-1],[0,-1],[-1,0],[0,-1],[0,-1],[-1,-1],[0,-1],[-1,0],[0,-1],[0,-1],[-1,-1],[-1,-1],[0,-1],[0,-1],[-1,-1],[0,-1],[-1,-1],[0,-1],[0,-1],[-1,-1],[0,-1],[-1,-1],[0,-1],[0,-1],[-1,0],[0,-1],[0,-1],[-1,-1],[0,-1],[0,-1],[-1,-1],[0,-1],[0,-1],[0,-1],[-1,-1],[-4,-1],[-4,0],[-4,0],[-4,-1],[-4,0],[-4,0],[-4,0],[-4,-1],[-5,0],[-4,0],[-4,-1],[-4,0],[-4,0],[-4,-1],[-4,0],[-4,0],[-4,-1],[-4,0],[-4,0],[-4,0],[-5,-1],[-4,0],[-4,0],[-4,-1],[-4,0],[-4,0],[-4,-1],[-4,0],[-4,0],[-4,-1],[-4,0],[-5,0],[-4,-1],[-4,0],[-4,0],[-4,-1],[-4,0],[-4,0],[-4,0],[-4,-1],[-4,0],[-4,0],[-4,-1],[-4,0],[-5,0],[-4,-1],[-4,0],[-4,0],[-4,-1],[-4,0],[-4,0],[-4,-1],[-4,0],[-4,0],[-4,-1],[-4,0],[-4,0],[-5,-1],[-4,0],[-4,0],[-4,-1],[-4,0],[-4,0],[-4,-1],[-1,-3],[-1,-2],[-2,-3],[-1,-3],[-2,-3],[-2,-2],[-1,-3],[-2,-3],[-2,-3],[-2,-2],[-2,-3],[-3,-2],[-2,-3],[-3,-3],[-1,-1],[-1,-1],[-3,-3],[-3,-2],[-2,-3],[-3,-2],[-3,-3],[-3,-2],[-4,-2],[-3,-3],[-3,-2],[-4,-2],[-3,-3],[-4,-2],[-4,-2],[-3,-2],[-4,-2],[-4,-2],[-4,-2],[-4,-3],[-4,-2],[-5,-2],[-4,-1],[-4,-2],[-5,-2],[-4,-2],[-5,-2],[-5,-2],[-4,-1],[-5,-2],[-5,-2],[-5,-1],[-5,-2],[-5,-1],[-5,-2],[-6,-1],[-5,-1],[-5,-2],[-6,-1],[-5,-1],[-6,-1],[-5,-2],[-6,-1],[-6,-1],[-5,-1],[-6,-1],[-6,-1],[-6,0],[-6,-1],[-6,-1],[-6,-1],[-8,0],[-7,-1],[-8,-1],[-7,0],[-8,0],[-7,-1],[-8,0],[-7,0],[-7,0],[-8,0],[-7,0],[-7,0],[-8,0],[-7,1],[-7,0],[-7,0],[-8,1],[-7,1],[-7,0],[-7,1],[-7,1],[-7,1],[-7,1],[-6,1],[-7,1],[-7,2],[-6,1],[-7,1],[-7,2],[-6,1],[-6,2],[-7,1],[-6,2],[-6,2],[-6,2],[-6,2],[-6,2],[-6,2],[-6,2],[-5,2],[-6,2],[-5,3],[-6,2],[-5,2],[-5,3],[-5,2],[-5,3],[-5,2],[-4,3],[-5,3],[-4,3],[-2,1],[-3,2],[-4,2],[-4,3],[-4,3],[-4,3],[-4,4],[-3,3],[-4,3],[-3,3],[-3,3],[-3,4],[-3,3],[-3,4],[3,-1],[2,0],[2,0],[2,-1],[3,0],[2,0],[2,0],[2,-1],[2,0],[3,0],[2,0],[2,0],[2,-1],[3,0],[2,0],[2,0],[2,0],[3,0],[2,-1],[2,0],[3,0],[2,0],[2,0],[2,0],[3,0],[2,0],[2,0],[3,-1],[2,0],[2,0],[3,0],[2,0],[2,0],[3,0],[2,0],[2,0],[3,0],[2,0],[2,0],[3,0],[2,0],[2,0],[3,1],[2,0],[2,0],[3,0],[2,0],[2,0],[3,0],[2,0],[3,0],[2,1],[2,0],[3,0],[2,0],[2,0],[3,0],[2,1],[2,0],[3,0],[2,0],[3,1],[2,0],[2,0],[6,1],[6,0],[5,1],[6,1],[5,1],[5,1],[6,1],[5,1],[5,1],[5,1],[5,1],[5,1],[5,1],[5,2],[5,1],[5,1],[5,2],[4,1],[5,1],[4,2],[5,1],[4,2],[5,2],[4,1],[4,2],[4,2],[4,1],[4,2],[4,2],[4,2],[4,2],[4,1],[3,2],[4,2],[3,2],[4,2],[3,2],[3,2],[3,3],[3,2],[3,2],[3,2],[3,2],[3,2],[3,3],[2,2],[3,2],[2,3],[2,2],[3,2],[2,3],[2,2],[2,2],[2,3],[1,2],[2,3],[2,2],[1,3],[2,2],[1,3],[1,2],[1,3],[1,3],[1,2],[-2,1],[-2,2],[-2,1],[-3,2],[-2,1],[-2,1],[-2,2],[-2,1],[-3,2],[-2,1],[-2,1],[-2,2],[-2,1],[-3,2],[-2,1],[-2,1],[-2,2],[-3,1],[-2,2],[-2,1],[-2,1],[-2,2],[-3,1],[-2,1],[-2,2],[-2,1],[-2,2],[-3,1],[-2,1],[-2,2],[-2,1],[-3,2],[-2,1],[-2,1],[-2,2],[-2,1],[-3,1],[-2,2],[-2,1],[-2,2],[-3,1],[-2,1],[-2,2],[-2,1],[-3,2],[-2,1],[-2,1],[-2,2],[-3,1],[-2,1],[-2,2],[-2,1],[-2,2],[-3,1],[-2,1],[-2,2],[-2,1],[-3,1],[-2,2],[-2,1],[-2,2],[-3,1],[-2,1],[-2,2],[-1,0],[-2,1],[-1,1],[-1,1],[-1,0],[-2,1],[-1,1],[-1,1],[-1,0],[-2,1],[-1,1],[-1,1],[-1,0],[-1,1],[-2,1],[-1,1],[-1,0],[-1,1],[-2,1],[-1,1],[-1,0],[-1,1],[-2,1],[-1,1],[-1,0],[-1,1],[-1,1],[-2,1],[-1,0],[-1,1],[-1,1],[-2,1],[-1,0],[-1,1],[-1,1],[-2,1],[-1,0],[-1,1],[-1,1],[-2,1],[-1,0],[-1,1],[-1,1],[-2,1],[-1,0],[-1,1],[-1,1],[-1,1],[-2,0],[-1,1],[-1,1],[-1,1],[-2,0],[-1,1],[-1,1],[-1,1],[-2,0],[-1,1],[-1,1],[-1,1],[-2,0],[-1,1],[-1,1],[-1,1],[2,-1],[3,-1],[3,0],[3,-1],[2,0],[3,-1],[3,-1],[3,0],[2,-1],[3,0],[3,-1],[3,0],[2,-1],[3,-1],[3,0],[2,-1],[3,0],[3,-1],[3,0],[2,-1],[3,-1],[3,0],[3,-1],[2,0],[3,-1],[3,-1],[2,0],[3,-1],[3,0],[3,-1],[2,0],[3,-1],[3,-1],[3,0],[2,-1],[3,0],[3,-1],[2,0],[3,-1],[3,-1],[3,0],[2,-1],[3,0],[3,-1],[3,-1],[2,0],[3,-1],[3,0],[2,-1],[3,-1],[3,0],[3,-1],[2,0],[3,-1],[3,0],[2,-1],[3,-1],[3,0],[3,-1],[2,0],[3,-1],[3,-1],[2,0],[3,-1],[1,0],[1,0],[1,0],[1,0],[0,-1],[1,0],[1,0],[1,0],[1,0],[0,-1],[1,0],[1,0],[1,0],[1,0],[1,0],[0,-1],[1,0],[1,0],[1,0],[1,0],[0,-1],[1,0],[1,0],[1,0],[1,0],[1,0],[0,-1],[1,0],[1,0],[1,0],[1,0],[1,-1],[1,0],[1,0],[1,0],[1,0],[0,-1],[1,0],[1,0],[1,0],[1,0],[1,-1],[1,0],[1,0],[1,0],[1,0],[1,-1],[1,0],[1,0],[1,0],[1,-1],[1,0],[1,0],[1,0],[1,0],[1,-1],[1,0],[1,0],[1,0],[1,-1],[1,0],[1,0],[1,0],[1,0],[1,-1],[1,0],[1,0],[1,0],[1,-1],[1,0],[1,0],[1,0],[1,0],[1,-1],[1,0],[1,0],[1,0],[1,0],[1,-1],[1,0],[1,0],[1,0],[1,-1],[1,0],[1,0],[1,0],[1,0],[1,-1],[1,0],[1,0],[1,0],[1,-1],[1,0],[1,0],[1,0],[2,-2],[2,-1],[2,-1],[2,-1],[2,-2],[2,-1],[2,-1],[2,-1],[2,-2],[2,-1],[2,-1],[2,-1],[2,-1],[3,-1],[2,-2],[2,-1],[2,-1],[3,-1],[2,-1],[3,-1],[2,-1],[2,-1],[3,-1],[2,-1],[3,-1],[2,-1],[3,-1],[2,-1],[3,-1],[2,-1],[3,-1],[3,-1],[2,-1],[3,-1],[3,-1],[2,-1],[3,-1],[3,0],[3,-1],[2,-1],[3,-1],[3,-1],[3,0],[3,-1],[3,-1],[2,-1],[3,0],[3,-1],[3,-1],[3,-1],[3,0],[3,-1],[3,0],[3,-1],[3,-1],[3,0],[3,-1],[3,0],[3,-1],[3,-1],[4,0],[3,-1],[3,0],[3,-1],[2,0],[3,0],[2,0],[2,-1],[2,0],[3,0],[2,-1],[2,0],[3,0],[2,0],[2,-1],[2,0],[3,0],[2,0],[2,-1],[3,0],[2,0],[2,0],[3,0],[2,0],[2,-1],[3,0],[2,0],[2,0],[3,0],[2,0],[2,0],[3,0],[2,-1],[2,0],[3,0],[2,0],[2,0],[3,0],[2,0],[3,0],[2,0],[2,0],[3,0],[2,0],[3,0],[2,0],[2,0],[3,0],[2,0],[3,0],[2,0],[2,0],[3,0],[2,0],[3,1],[2,0],[3,0],[2,0],[2,0],[3,0],[2,0],[3,0],[2,1],[3,0],[2,0],[2,0],[3,0],[2,1],[3,0],[3,0],[3,1],[3,0],[3,0],[3,1],[3,0],[3,0],[3,1],[2,0],[3,0],[3,1],[3,0],[3,1],[2,0],[3,1],[3,0],[3,1],[2,0],[3,1],[3,0],[2,1],[3,0],[3,1],[2,0],[3,1],[3,0],[2,1],[3,1],[2,0],[3,1],[2,0],[3,1],[2,1],[3,0],[2,1],[3,1],[2,0],[3,1],[2,1],[3,1],[2,0],[2,1],[3,1],[2,1],[2,0],[3,1],[2,1],[2,1],[2,1],[3,0],[2,1],[2,1],[2,1],[2,1],[2,1],[3,1],[2,0],[2,1],[2,1],[2,1],[2,1],[2,1],[2,1],[0,1],[1,2],[0,1],[1,1],[1,2],[0,1],[1,1],[1,2],[0,1],[1,2],[1,1],[1,1],[1,2],[0,1],[1,1],[1,2],[1,1],[1,1],[1,1],[1,2],[1,1],[1,1],[1,2],[2,1],[1,1],[1,1],[1,2],[1,1],[2,1],[1,1],[1,2],[2,1],[1,1],[1,1],[2,1],[1,2],[2,1],[1,1],[2,1],[1,1],[2,2],[2,1],[1,1],[2,1],[2,1],[1,1],[2,1],[2,1],[2,2],[1,1],[2,1],[2,1],[2,1],[2,1],[2,1],[2,1],[2,1],[2,1],[2,1],[2,1],[2,1],[2,1],[2,1],[2,1],[2,1],[2,1],[2,1],[2,0],[2,1],[2,1],[2,1],[2,1],[2,1],[2,0],[3,1],[2,1],[2,1],[2,0],[2,1],[3,1],[2,1],[2,0],[2,1],[3,1],[2,1],[2,0],[3,1],[2,1],[2,0],[3,1],[2,1],[3,0],[2,1],[3,1],[2,0],[3,1],[2,0],[3,1],[2,0],[3,1],[2,1],[3,0],[2,1],[3,0],[3,1],[2,0],[3,1],[3,0],[2,0],[3,1],[3,0],[2,1],[3,0],[3,1],[3,0],[3,0],[2,1],[3,0],[3,0],[3,1],[3,0],[2,0],[3,1],[3,0],[3,0],[3,0],[3,1],[3,0],[5,0],[5,1],[5,0],[4,0],[5,0],[5,1],[5,0],[5,0],[5,0],[5,0],[4,0],[5,0],[5,0],[5,0],[5,-1],[4,0],[5,0],[5,0],[4,-1],[5,0],[5,0],[4,-1],[5,0],[5,-1],[4,0],[5,-1],[4,0],[5,-1],[4,0],[5,-1],[4,-1],[5,0],[4,-1],[4,-1],[4,-1],[5,0],[4,-1],[4,-1],[4,-1],[4,-1],[5,-1],[4,-1],[4,-1],[4,-1],[4,-1],[3,-1],[4,-2],[4,-1],[4,-1],[4,-1],[3,-1],[4,-2],[4,-1],[3,-1],[4,-2],[3,-1],[4,-2],[3,-1],[3,-1],[4,-2],[3,-1],[3,-2],[3,-1],[3,-2]],[[1417,9884],[-2,-2],[-2,-2],[-2,-2],[-1,-2],[-2,-1],[-2,-2],[-2,-2],[-2,-2],[-2,-2],[-2,-1],[-2,-2],[-2,-2],[-2,-2],[-2,-2],[-2,-2],[-2,-1],[-2,-2],[-2,-2],[-1,-2],[-2,-2],[-2,-1],[-2,-2],[-2,-2],[-2,-2],[-2,-2],[-2,-1],[-2,-2],[-2,-2],[-2,-2],[-2,-2],[-1,-2],[-2,-1],[-2,-2],[-2,-2],[-2,-2],[-2,-2],[-2,-1],[-2,-2],[-2,-2],[-2,-2],[-1,-2],[-2,-2],[-2,-1],[-2,-2],[-2,-2],[-2,-2],[-2,-2],[-2,-1],[-2,-2],[-2,-2],[-1,-2],[-2,-2],[-2,-2],[-2,-1],[-2,-2],[-2,-2],[-2,-2],[-2,-2],[-1,-2],[-2,-1],[-2,-2],[-2,-2],[-2,-2],[-2,-2],[-2,1],[-2,0],[-2,1],[-2,0],[-2,1],[-2,0],[-2,1],[-2,0],[-2,0],[-2,1],[-2,0],[-2,1],[-2,0],[-2,0],[-3,1],[-2,0],[-2,0],[-2,1],[-2,0],[-2,0],[-3,0],[-2,1],[-2,0],[-2,0],[-2,0],[-3,1],[-2,0],[-2,0],[-2,0],[-3,0],[-2,1],[-2,0],[-3,0],[-2,0],[-2,0],[-2,0],[-3,0],[-2,0],[-2,0],[-3,0],[-2,0],[-2,0],[-3,1],[-2,0],[-2,0],[-3,-1],[-2,0],[-3,0],[-2,0],[-2,0],[-3,0],[-2,0],[-2,0],[-3,0],[-2,0],[-2,0],[-3,-1],[-2,0],[-3,0],[-2,0],[-2,0],[-3,-1],[-2,0],[-2,0],[-5,-1],[-5,0],[-4,-1],[-5,-1],[-4,0],[-4,-1],[-4,-1],[-5,-1],[-4,-1],[-4,0],[-4,-1],[-4,-1],[-3,-1],[-4,-2],[-4,-1],[-3,-1],[-4,-1],[-3,-1],[-4,-1],[-3,-2],[-3,-1],[-3,-1],[-3,-2],[-3,-1],[-3,-1],[-3,-2],[-2,-1],[-3,-2],[-2,-1],[-3,-2],[-2,-1],[-2,-2],[-2,-2],[-2,-1],[-2,-2],[-2,-2],[-2,-1],[-2,-2],[-1,-2],[-2,-1],[-1,-2],[-1,-2],[-1,-2],[-1,-1],[-1,-2],[-1,-2],[-1,-2],[-1,-2],[0,-2],[0,-2],[-1,-1],[0,-2],[0,-2],[0,-2],[0,-2],[1,-2],[0,-2],[0,-2],[1,-2],[1,-1],[1,-2],[1,-2],[1,-2],[1,-2],[0,-1],[1,0],[0,-1],[1,0],[0,-1],[0,-1],[1,0],[0,-1],[1,0],[0,-1],[1,0],[0,-1],[1,0],[0,-1],[1,0],[-5,-2],[-4,-1],[-4,-2],[-5,-1],[-4,-2],[-4,-1],[-5,-2],[-4,-1],[-4,-2],[-5,-1],[-4,-2],[-4,-1],[-5,-2],[-4,-1],[-4,-2],[-5,-1],[-4,-2],[-4,-1],[-5,-2],[-4,-1],[-4,-2],[-5,-1],[-4,-2],[-4,-1],[-4,-2],[-5,-1],[-4,-2],[-4,-1],[-5,-2],[-4,-1],[-4,-2],[-5,-2],[-4,-1],[-4,-2],[-4,-1],[-5,-2],[-4,-1],[-4,-2],[-4,-1],[-5,-2],[-4,-1],[-4,-2],[-5,-1],[-4,-2],[-4,-1],[-4,-2],[-5,-1],[-4,-2],[-4,-2],[-4,-1],[-5,-2],[-4,-1],[-4,-2],[-4,-1],[-5,-2],[-4,-1],[-4,-2],[-4,-1],[-4,-2],[-5,-1],[-4,-2],[-4,-2],[-4,-1],[-5,-2],[0,1],[-1,1],[-1,1],[0,1],[-1,0],[0,1],[-1,0],[0,1],[-1,0],[0,1],[-1,0],[0,1],[-1,1],[-1,0],[0,1],[-1,0],[0,1],[-1,0],[0,1],[-1,0],[0,1],[-1,0],[0,1],[-1,0],[0,1],[-1,0],[-1,1],[-1,0],[0,1],[-1,0],[0,1],[-1,0],[0,1],[-1,0],[0,1],[-1,0],[-1,0],[0,1],[-1,0],[0,1],[-1,0],[-1,1],[-1,0],[0,1],[-1,0],[-1,1],[-1,1],[-1,0],[-1,1],[-1,1],[-1,0],[0,1],[-1,0],[-1,0],[3,2],[4,2],[3,1],[3,2],[3,1],[3,2],[3,1],[3,2],[4,2],[3,1],[3,2],[3,1],[3,2],[3,2],[4,1],[3,2],[3,1],[3,2],[3,2],[3,1],[4,2],[3,1],[3,2],[3,1],[3,2],[3,2],[4,1],[3,2],[3,1],[3,2],[3,2],[4,1],[3,2],[3,1],[3,2],[3,1],[4,2],[3,2],[3,1],[3,2],[3,1],[4,2],[3,1],[3,2],[3,2],[3,1],[4,2],[3,1],[3,2],[3,1],[3,2],[4,2],[3,1],[3,2],[3,1],[4,2],[3,1],[3,2],[3,2],[3,1],[4,2],[3,1],[3,2],[3,1],[-1,1],[-1,0],[-2,0],[-1,1],[-1,0],[-2,0],[-1,0],[-1,1],[-1,0],[-2,0],[-1,1],[-1,0],[-2,0],[-1,0],[-1,1],[-2,0],[-1,0],[-1,0],[-2,1],[-1,0],[-1,0],[-2,1],[-1,0],[-1,0],[-2,0],[-1,1],[-1,0],[-2,0],[-1,0],[-1,1],[-2,0],[-1,0],[-1,1],[-2,0],[-1,0],[-1,0],[-2,1],[-1,0],[-1,0],[-2,0],[-1,1],[-1,0],[-2,0],[-1,1],[-1,0],[-2,0],[-1,0],[-1,1],[-2,0],[-1,0],[-1,1],[-2,0],[-1,0],[-1,0],[-2,1],[-1,0],[-1,0],[-1,0],[-2,1],[-1,0],[-1,0],[-2,1],[-1,0],[-1,0],[-3,-1],[-3,-2],[-4,-1],[-3,-1],[-3,-2],[-3,-1],[-3,-1],[-3,-2],[-3,-1],[-3,-2],[-3,-1],[-3,-1],[-2,-2],[-3,-1],[-3,-1],[-3,-2],[-3,-1],[-3,-1],[-3,-2],[-3,-1],[-3,-2],[-3,-1],[-3,-1],[-3,-2],[-3,-1],[-3,-1],[-3,-2],[-3,-1],[-3,-1],[-3,-2],[-3,-1],[-3,-2],[-3,-1],[-3,-1],[-3,-2],[-3,-1],[-3,-1],[-3,-2],[-3,-1],[-3,-2],[-3,-1],[-3,-1],[-3,-2],[-3,-1],[-3,-1],[-3,-2],[-3,-1],[-3,-2],[-2,-1],[-3,-1],[-3,-2],[-3,-1],[-3,-1],[-3,-2],[-3,-1],[-3,-2],[-3,-1],[-3,-1],[-3,-2],[-3,-1],[-3,-1],[-3,-2],[-3,-1],[-3,-2],[-3,1],[-4,1],[-3,1],[-4,1],[-3,1],[-4,1],[-3,1],[-4,1],[-4,1],[-3,1],[-4,0],[-4,1],[-4,1],[-4,1],[-4,0],[-3,1],[-4,1],[-4,0],[-4,1],[-4,1],[-4,0],[-4,1],[-4,0],[-4,1],[-4,0],[-4,1],[-5,0],[-4,1],[-4,0],[-4,0],[-4,1],[-4,0],[-5,0],[-4,1],[-4,0],[-4,0],[-5,0],[-4,0],[-4,0],[-4,1],[-5,0],[-4,0],[-4,0],[-5,0],[-4,0],[-4,0],[-5,-1],[-4,0],[-4,0],[-5,0],[-4,0],[-4,0],[-5,-1],[-4,0],[-5,0],[-4,-1],[-4,0],[-5,0],[-4,-1],[-4,0],[-5,-1],[-4,0],[-4,-1],[-5,0],[0,-1],[-1,0],[-1,0],[-1,0],[-1,0],[-1,0],[-1,0],[-1,0],[0,-1],[-1,0],[-1,0],[-1,0],[6,3],[7,2],[6,3],[6,2],[7,3],[6,2],[6,3],[7,2],[6,3],[7,2],[6,3],[6,2],[7,3],[6,2],[7,3],[6,3],[6,2],[7,3],[6,2],[7,3],[6,2],[7,3],[6,2],[6,3],[7,2],[6,3],[7,2],[6,3],[7,2],[6,3],[7,2],[6,3],[7,2],[6,3],[7,2],[6,3],[7,2],[6,3],[7,2],[6,2],[7,3],[6,2],[7,3],[6,2],[7,3],[7,2],[6,3],[7,2],[6,3],[7,2],[6,3],[7,2],[7,3],[6,2],[7,3],[6,2],[7,2],[7,3],[6,2],[7,3],[7,2],[6,3],[7,2],[7,3],[-13,0],[-12,0],[-13,0],[-12,0],[-12,1],[-13,0],[-12,0],[-13,0],[-12,0],[-12,0],[-13,1],[-12,0],[-12,0],[-13,0],[-12,0],[-13,0],[-12,1],[-12,0],[-13,0],[-12,0],[-13,0],[-12,0],[-12,0],[-13,0],[-12,1],[-13,0],[-12,0],[-12,0],[-13,0],[-12,0],[-13,0],[-12,0],[-12,0],[-13,0],[-12,1],[-13,0],[-12,0],[-12,0],[-13,0],[-12,0],[-13,0],[-12,0],[-13,0],[-12,0],[-12,0],[-13,0],[-12,0],[-13,0],[-12,0],[-12,0],[-13,0],[-12,0],[-13,0],[-12,0],[-12,0],[-13,0],[-12,0],[-13,0],[-12,0],[-12,0],[-13,0],[-12,0],[-13,0],[-12,0],[13,2],[12,2],[13,2],[13,3],[13,2],[12,2],[13,2],[13,2],[13,2],[12,2],[13,2],[13,3],[13,2],[12,2],[13,2],[13,2],[13,2],[13,2],[13,2],[13,2],[12,2],[13,2],[13,3],[13,2],[13,2],[13,2],[13,2],[13,2],[13,2],[13,2],[13,2],[12,2],[13,2],[13,2],[13,2],[13,2],[13,2],[13,2],[13,2],[13,2],[13,2],[14,2],[13,2],[13,2],[13,2],[13,2],[13,2],[13,2],[13,2],[13,2],[13,2],[13,1],[14,2],[13,2],[13,2],[13,2],[13,2],[13,2],[14,2],[13,2],[13,2],[13,2],[13,1],[14,2],[6,1],[6,1],[6,1],[6,1],[6,1],[6,0],[6,1],[6,1],[6,1],[6,1],[6,1],[6,0],[6,1],[6,1],[6,1],[7,1],[6,1],[6,1],[6,0],[6,1],[6,1],[6,1],[6,1],[6,1],[6,0],[6,1],[6,1],[7,1],[6,1],[6,0],[6,1],[6,1],[6,1],[6,1],[6,1],[6,0],[7,1],[6,1],[6,1],[6,1],[6,1],[6,0],[6,1],[6,1],[6,1],[7,1],[6,0],[6,1],[6,1],[6,1],[6,1],[6,0],[6,1],[7,1],[6,1],[6,1],[6,0],[6,1],[6,1],[6,1],[7,1],[6,0],[6,1],[6,1],[-4,-2],[-5,-1],[-4,-2],[-5,-2],[-4,-2],[-5,-1],[-4,-2],[-5,-2],[-4,-1],[-5,-2],[-4,-2],[-5,-2],[-4,-1],[-5,-2],[-4,-2],[-5,-1],[-4,-2],[-4,-2],[-5,-2],[-4,-1],[-5,-2],[-4,-2],[-5,-1],[-4,-2],[-5,-2],[-4,-2],[-4,-1],[-5,-2],[-4,-2],[-5,-1],[-4,-2],[-4,-2],[-5,-2],[-4,-1],[-5,-2],[-4,-2],[-5,-2],[-4,-1],[-4,-2],[-5,-2],[-4,-1],[-5,-2],[-4,-2],[-4,-2],[-5,-1],[-4,-2],[-4,-2],[-5,-2],[-4,-1],[-5,-2],[-4,-2],[-4,-2],[-5,-1],[-4,-2],[-4,-2],[-5,-2],[-4,-1],[-4,-2],[-5,-2],[-4,-2],[-4,-1],[-5,-2],[-4,-2],[-4,-1],[4,-2],[4,-1],[5,-2],[4,-1],[5,-1],[5,-2],[4,-1],[5,-1],[5,-2],[4,-1],[5,-1],[5,-1],[5,-1],[5,-1],[5,-1],[5,-1],[5,-1],[5,-1],[5,-1],[6,-1],[5,-1],[5,-1],[5,-1],[6,0],[5,-1],[5,-1],[6,-1],[5,0],[6,-1],[5,-1],[6,0],[5,-1],[6,0],[5,-1],[6,0],[5,0],[6,-1],[6,0],[5,0],[6,-1],[6,0],[6,0],[5,0],[6,0],[6,-1],[6,0],[5,0],[6,0],[6,0],[6,1],[6,0],[5,0],[6,0],[6,0],[6,0],[6,1],[6,0],[6,0],[6,1],[5,0],[6,1],[6,0],[6,1],[6,1],[2,0],[3,0],[2,0],[2,1],[3,0],[2,0],[2,0],[2,1],[3,0],[2,0],[2,1],[3,0],[2,0],[2,1],[2,0],[3,0],[2,1],[2,0],[2,0],[2,1],[3,0],[2,0],[2,1],[2,0],[2,0],[2,1],[3,0],[2,1],[2,0],[2,0],[2,1],[2,0],[2,1],[2,0],[3,0],[2,1],[2,0],[2,1],[2,0],[2,1],[2,0],[2,1],[2,0],[2,0],[2,1],[2,0],[2,1],[2,0],[2,1],[2,0],[2,1],[2,0],[2,1],[2,0],[1,1],[2,0],[2,1],[2,0],[2,1],[2,0],[2,1],[2,1],[1,0],[2,1]],[[9981,9835],[0,1],[-1,0],[-1,0],[-1,0],[-1,0],[-1,0],[-1,0],[0,1],[-1,0],[-1,0],[-1,0],[-1,0],[-1,0],[-1,0],[-1,1],[-1,0],[-1,0],[-1,0],[-1,0],[-1,0],[-1,0],[0,1],[-1,0],[-1,0],[-1,0],[-1,0],[-1,0],[-1,0],[-1,0],[-1,1],[-1,0],[-5,0],[-5,1],[-5,0],[-5,1],[-6,0],[-5,1],[-5,0],[-5,1],[-6,0],[-5,0],[-5,0],[-5,1],[-5,0],[-6,0],[-5,0],[-5,0],[-5,0],[-5,0],[-5,0],[-6,0],[-5,0],[-5,0],[-5,-1],[-5,0],[-5,0],[-5,-1],[-5,0],[-5,0],[-5,-1],[-5,0],[-5,-1],[-5,0],[-5,-1],[-5,0],[-4,-1],[-5,-1],[-5,0],[-5,-1],[-4,-1],[-5,-1],[-5,-1],[-4,0],[-5,-1],[-4,-1],[-5,-1],[-4,-1],[-4,-1],[-5,-1],[-4,-1],[-4,-1],[-4,-2],[-5,-1],[-4,-1],[-4,-1],[-4,-1],[-4,-2],[-3,-1],[-4,-1],[-4,-2],[-4,-1],[-3,-2],[-4,-1],[-4,-1],[-3,-2],[1,3],[0,2],[1,3],[0,3],[1,2],[0,3],[1,3],[1,2],[0,3],[1,3],[0,2],[1,3],[0,3],[1,2],[1,3],[0,3],[1,2],[0,3],[1,3],[0,2],[1,3],[1,3],[0,2],[1,3],[0,3],[1,2],[0,3],[1,3],[1,2],[0,3],[1,3],[0,2],[1,3],[0,3],[1,2],[1,3],[0,3],[1,2],[0,3],[1,3],[1,2],[0,3],[1,3],[0,2],[1,3],[0,3],[1,2],[1,3],[0,2],[1,3],[0,3],[1,2],[1,3],[0,3],[1,2],[0,3],[1,3],[1,2],[0,3],[1,3],[0,2],[1,3],[1,3],[0,2],[2,-1],[2,-1],[1,-2],[2,-1],[2,-1],[2,-2],[2,-1],[2,-1],[2,-2],[2,-1],[2,-1],[2,-1],[2,-2],[3,-1],[2,-1],[2,-1],[3,-2],[2,-1],[2,-1],[3,-1],[2,-1],[3,-1],[3,-1],[2,-2],[3,-1],[3,-1],[2,-1],[3,-1],[3,-1],[3,-1],[3,-1],[2,-1],[3,-1],[3,-1],[3,-1],[3,-1],[4,-1],[3,-1],[3,-1],[3,-1],[3,-1],[3,0],[4,-1],[3,-1],[3,-1],[4,-1],[3,0],[4,-1],[3,-1],[4,-1],[3,0],[4,-1],[3,-1],[4,-1],[4,0],[3,-1],[4,0],[4,-1],[3,-1],[4,0],[4,-1],[4,0],[4,-1],[4,0],[2,-1],[2,0],[2,0],[2,0],[2,0],[1,-1],[2,0],[2,0],[2,0],[2,0],[2,-1],[2,0],[2,0],[2,0],[2,0],[2,0],[2,-1],[2,0],[2,0],[2,0],[2,0],[2,0],[2,0],[2,0],[2,-1],[2,0],[2,0],[1,0],[2,0],[2,0],[2,0],[2,0],[2,0],[2,0],[2,0],[2,0],[2,0],[2,0],[2,-1],[2,0],[2,0],[2,0],[2,0],[2,0],[2,0],[1,0],[2,0],[2,0],[2,0],[2,0],[2,0],[2,0],[2,0],[2,0],[2,1],[2,0],[2,0],[2,0],[1,0],[2,0],[2,0],[2,0],[2,0],[2,0],[0,-1],[-1,-1],[0,-1],[0,-2],[0,-1],[-1,-1],[0,-1],[0,-1],[-1,-1],[0,-2],[0,-1],[0,-1],[-1,-1],[0,-1],[0,-1],[-1,-2],[0,-1],[0,-1],[0,-1],[-1,-1],[0,-1],[0,-2],[-1,-1],[0,-1],[0,-1],[0,-1],[-1,-1],[0,-2],[0,-1],[-1,-1],[0,-1],[0,-1],[0,-1],[-1,-2],[0,-1],[0,-1],[0,-1],[-1,-1],[0,-1],[0,-2],[-1,-1],[0,-1],[0,-1],[0,-1],[-1,-1],[0,-2],[0,-1],[-1,-1],[0,-1],[0,-1],[0,-1],[-1,-2],[0,-1],[0,-1],[-1,-1],[0,-1],[0,-1],[0,-2],[-1,-1],[0,-1],[0,-1],[0,-1],[-1,-1],[0,-2]],[[8195,5596],[-2,0],[-2,-1],[-2,-1],[-2,-1],[-2,-1],[-2,0],[-2,-1],[-2,-1],[-2,-1],[-2,-1],[-2,0],[-2,-1],[-2,-1],[-3,-1],[-2,-1],[-2,0],[-2,-1],[-2,-1],[-2,-1],[-2,-1],[-2,0],[-2,-1],[-2,-1],[-2,-1],[-2,-1],[-2,-1],[-2,0],[-2,-1],[-2,-1],[-3,-1],[-2,-1],[-2,-1],[-2,0],[-2,-1],[-2,-1],[-2,-1],[-2,-1],[-2,0],[-2,-1],[-3,-1],[-2,-1],[-2,-1],[-2,-1],[-2,0],[-2,-1],[-2,-1],[-2,-1],[-2,-1],[-2,-1],[-2,0],[-3,-1],[-2,-1],[-2,-1],[-2,-1],[-2,-1],[-2,0],[-2,-1],[-2,-1],[-2,-1],[-2,-1],[-2,-1],[-3,-1],[-2,0],[-2,-1],[-2,-1],[-2,-1],[-2,-1],[-2,-1],[-2,0],[-2,-1],[-2,-1],[-2,-1],[-2,-1],[-3,-1],[-2,0],[-2,-1],[-2,-1],[-2,-1],[-2,-1],[-2,-1],[-2,0],[-2,-1],[-2,-1],[-2,-1],[-2,-1],[-3,-1],[-2,0],[-2,-1],[-2,-1],[-3,-1],[-7,-3],[-7,-3],[-7,-3],[-7,-3],[-8,-3],[-7,-3],[-7,-3],[-7,-3],[-7,-3],[-7,-3],[-7,-3],[-8,-3],[-7,-3],[-7,-2],[-7,-3],[-7,-3],[-7,-3],[-7,-3],[-7,-3],[-3,-1],[-5,-2],[-7,-3],[-7,-3],[-7,-3],[-1,0],[0,-1],[-6,-2],[-5,-2],[-1,-1],[-3,-1],[-3,-1],[-3,-1],[-3,-2],[-3,-1],[-1,0],[-1,-1],[-1,0],[-1,0],[0,-1],[-1,0],[-1,0],[0,-1],[-1,0],[-1,0],[-1,0],[-2,-1],[-2,-1],[-2,-1],[-3,-1],[-2,-1],[-2,-1],[-3,0],[-2,-1],[-2,-1],[-3,-1],[-2,-1],[-2,0],[-3,-1],[-2,-1],[-3,0],[-2,-1],[-2,-1],[-3,0],[-2,-1],[-3,0],[-2,-1],[-3,-1],[-2,0],[-3,-1],[-2,0],[-3,0],[-2,-1],[-3,0],[-2,-1],[-3,0],[-2,-1],[-3,0],[-3,0],[-2,-1],[-3,0],[-2,0],[-3,0],[-3,-1],[-2,0],[-3,0],[-2,0],[-3,0],[-3,-1],[-2,0],[-3,0],[-3,0],[-2,0],[-3,0],[-3,0],[-2,0],[-3,0],[-3,0],[-2,0],[-3,0],[-3,0],[-2,1],[-3,0],[-3,0],[-2,0],[-3,0],[-3,1],[-3,0],[-2,0],[-3,0],[-3,1],[-3,0],[-3,1],[-3,0],[-3,0],[-3,1],[-3,0],[-2,1],[-3,1],[-3,0],[-3,1],[-3,0],[-3,1],[-3,1],[-2,0],[-3,1],[-3,1],[-3,1],[-2,0],[-3,1],[-3,1],[-2,1],[-3,1],[-3,1],[-2,0],[-3,1],[-2,1],[-3,1],[-3,1],[-2,1],[-3,1],[-2,1],[-3,2],[-2,1],[-2,1],[-3,1],[-2,1],[-3,1],[-2,1],[-2,2],[-3,1],[-2,1],[-2,1],[-3,2],[-2,1],[-2,1],[-2,2],[-2,1],[-3,1],[-2,2],[-2,1],[-2,1],[-2,2],[-2,1],[-2,2],[-2,1],[-2,2],[-2,1],[-2,2],[-2,1],[-2,2],[-2,2],[-2,1],[-1,2],[0,1],[1,1],[1,0],[1,1],[0,1],[1,1],[1,1],[1,1],[1,1],[0,1],[1,0],[1,1],[1,1],[1,1],[0,1],[1,1],[1,1],[1,0],[1,1],[0,1],[1,1],[1,1],[1,1],[1,1],[0,1],[1,0],[1,1],[1,1],[1,1],[0,1],[1,1],[1,1],[1,0],[1,1],[0,1],[1,1],[1,1],[1,1],[1,1],[0,1],[1,0],[1,1],[1,1],[1,1],[0,1],[1,1],[1,1],[1,1],[1,0],[0,1],[1,1],[1,1],[1,1],[1,1],[0,1],[1,0],[1,1],[1,1],[1,1],[0,1],[1,1],[1,1],[1,1],[1,0],[1,0],[1,-1],[1,0],[1,0],[1,-1],[1,0],[1,0],[1,-1],[1,0],[1,0],[1,-1],[1,0],[1,0],[1,-1],[1,0],[1,0],[1,0],[1,-1],[1,0],[1,0],[1,-1],[1,0],[1,0],[1,-1],[1,0],[1,0],[1,0],[1,-1],[1,0],[1,0],[1,0],[1,0],[1,-1],[1,0],[1,0],[1,0],[1,-1],[1,0],[1,0],[1,0],[1,0],[1,0],[1,-1],[1,0],[1,0],[1,0],[1,0],[1,-1],[1,0],[1,0],[1,0],[1,0],[1,0],[1,0],[1,-1],[1,0],[1,0],[1,0],[1,0],[1,0],[1,0],[4,-1],[5,0],[4,-1],[5,0],[4,0],[4,0],[5,0],[4,0],[5,0],[4,0],[4,0],[5,1],[4,0],[4,1],[4,0],[5,1],[4,1],[4,0],[4,1],[4,1],[4,1],[4,1],[4,1],[4,1],[4,1],[4,1],[4,2],[4,1],[4,2],[3,1],[4,2],[4,1],[3,2],[4,2],[3,1],[4,2],[3,2],[4,2],[3,2],[3,2],[3,2],[3,2],[3,2],[3,3],[3,2],[3,2],[3,2],[3,3],[2,2],[3,3],[3,2],[2,3],[2,3],[3,2],[2,3],[2,3],[2,3],[2,2],[2,3],[2,3],[2,3],[2,3],[1,3],[2,3],[2,1],[2,0],[2,0],[2,1],[1,0],[2,0],[2,0],[2,1],[2,0],[2,0],[2,1],[2,0],[2,0],[1,0],[2,1],[2,0],[2,0],[2,1],[2,0],[2,0],[2,1],[2,0],[2,0],[1,0],[2,1],[2,0],[2,0],[2,1],[2,0],[2,0],[2,0],[2,1],[2,0],[1,0],[2,1],[2,0],[2,0],[2,1],[2,0],[2,0],[2,0],[2,1],[2,0],[1,0],[2,1],[2,0],[2,0],[2,0],[2,1],[2,0],[2,0],[2,1],[2,0],[2,0],[1,0],[2,1],[2,0],[2,0],[2,1],[2,0],[2,0],[2,0],[2,1],[2,0],[1,0],[1,0],[1,0],[0,1],[1,0],[1,0],[1,0],[1,0],[1,-1],[1,0],[1,-1],[1,-1],[1,0],[1,-1],[1,0],[0,-1],[1,0],[1,0],[0,-1],[1,0],[1,-1],[1,0],[1,-1],[1,0],[1,-1],[1,0],[1,-1],[1,0],[1,0],[1,-1],[1,0],[1,0],[0,-1],[1,0],[1,0],[1,0],[0,-1],[1,0],[1,0],[1,-1],[1,0],[1,0],[1,0],[1,-1],[1,0],[1,0],[1,0],[1,0],[1,-1],[1,0],[1,0],[1,0],[1,0],[1,-1],[1,0],[1,0],[1,0],[2,0],[2,0],[2,0],[2,-1],[1,0],[2,0],[2,0],[2,0],[2,0],[1,0],[2,1],[2,0],[2,0],[1,0],[2,0],[2,0],[1,1],[2,0],[2,0],[1,1],[2,0],[2,0],[1,1],[2,0],[1,1],[2,0],[2,1],[1,0],[2,1],[1,0],[2,1],[1,0],[2,1],[1,1],[2,0],[1,1],[1,1],[2,1],[1,0],[1,1],[2,1],[1,1],[1,1],[1,1],[2,0],[1,1],[1,1],[1,1],[1,1],[1,1],[1,1],[1,1],[1,1],[1,1],[1,1],[1,1],[1,2],[1,1],[1,1],[1,1],[0,1],[1,1],[1,2],[2,0],[2,0],[1,0],[2,1],[4,0],[3,1],[4,0],[4,1],[3,0],[4,1],[4,0],[3,1],[4,0],[4,1],[3,0],[4,1],[4,0],[3,1],[4,0],[4,1],[3,0],[4,1],[4,0],[3,1],[4,0],[4,1],[3,0],[4,1],[4,0],[3,1],[4,0],[4,1],[3,0],[4,1],[4,0],[3,1],[4,0],[4,1],[3,0],[4,1],[4,0],[3,1],[4,0],[4,1],[3,0],[4,1],[4,0],[3,1],[4,0],[4,1],[3,0],[4,1],[4,0],[3,1],[4,0],[4,1],[3,0],[4,1],[4,0],[3,1],[4,0],[4,1],[3,0],[2,0],[1,0],[1,1],[3,0],[1,0],[3,1],[0,-2],[-1,-1],[-1,-1],[0,-1],[-1,-1],[0,-1],[-1,-1],[-1,-1],[0,-1],[-1,-1],[0,-1],[-1,-1],[-1,-1],[0,-1],[-1,-1],[0,-1],[-1,-1],[-1,-1],[0,-1],[-1,-1],[0,-1],[-1,-1],[-1,-1],[0,-1],[-1,-1],[0,-1],[-1,-1],[-1,-1],[0,-1],[-1,-1],[-1,-1],[0,-1],[-1,-1],[0,-1],[-1,-1],[-1,-1],[0,-1],[-1,-1],[0,-1],[-1,-1],[-1,-1],[0,-1],[-1,-1],[0,-1],[-1,-1],[-1,-1],[0,-1],[-1,-1],[0,-1],[-1,-1],[-1,-1],[0,-1],[-1,-1],[0,-1],[-1,-1],[-1,-1],[0,-1],[-1,-1],[0,-1],[-1,-1],[-1,-1],[0,-1],[-1,-1],[0,-1],[-2,-1],[-3,-1],[-2,-1],[-2,-1],[-2,0],[-2,-1],[-2,-1],[-2,-1],[-1,0],[-2,-1],[-1,0],[-2,-1],[-2,-1],[-5,-2],[-1,0],[-2,-1],[-4,-1],[-2,-1],[-1,0],[-1,-1],[-3,-1],[-2,-1],[-2,-1],[-2,0],[-2,-1],[-2,-1],[-2,-1],[-1,0],[-2,-1],[-3,-1],[-2,-1],[-2,-1],[-2,-1],[-2,-1],[-3,0],[-2,-1],[-2,-1],[-2,-1],[-2,-1]],[[7301,6326],[-4,1],[-5,0],[-4,1],[-5,0],[-4,1],[-5,0],[-4,1],[-5,0],[-4,1],[-5,0],[-4,1],[-5,0],[-4,1],[-4,0],[-5,1],[-4,0],[-5,1],[-4,0],[-5,1],[-4,0],[-5,1],[-4,0],[-5,1],[-4,0],[-5,1],[-4,0],[-4,1],[-5,0],[-4,1],[-5,0],[-4,1],[-5,0],[-4,1],[-5,0],[-4,1],[-5,0],[-4,1],[-5,0],[-4,1],[-5,0],[-4,1],[-4,0],[-5,1],[-4,0],[-5,1],[-4,0],[-5,1],[-4,0],[-5,1],[-4,0],[-5,1],[-4,0],[-5,1],[-4,0],[-5,1],[-4,0],[-5,1],[-4,0],[-5,0],[-4,1],[-4,0],[-5,1],[-4,0],[-5,1],[-2,-1],[-2,-2],[-2,-1],[-1,-1],[-2,-1],[-2,-1],[-2,-2],[-2,-1],[-2,-1],[-3,-1],[-2,-1],[-2,-1],[-2,-1],[-2,-1],[-2,-1],[-2,-1],[-3,-1],[-2,-1],[-2,-1],[-2,-1],[-3,-1],[-2,0],[-2,-1],[-2,-1],[-3,-1],[-2,-1],[-3,0],[-2,-1],[-2,-1],[-3,-1],[-2,0],[-3,-1],[-2,0],[-3,-1],[-2,-1],[-3,0],[-2,-1],[-3,0],[-2,-1],[-3,0],[-2,0],[-3,-1],[-3,0],[-2,0],[-3,-1],[-2,0],[-3,0],[-3,-1],[-2,0],[-3,0],[-3,0],[-2,0],[-3,0],[-3,-1],[-3,0],[-2,0],[-3,0],[-3,0],[-3,0],[-2,1],[-3,0],[-3,0],[-3,0],[-2,0],[-4,0],[-3,1],[-3,0],[-4,0],[-3,1],[-3,0],[-3,1],[-3,0],[-4,1],[-3,0],[-3,1],[-3,1],[-3,0],[-3,1],[-3,1],[-3,1],[-3,0],[-3,1],[-3,1],[-3,1],[-3,1],[-2,1],[-3,1],[-3,1],[-3,1],[-2,1],[-3,1],[-3,2],[-2,1],[-3,1],[-3,1],[-2,2],[-3,1],[-2,1],[-2,1],[-3,2],[-2,1],[-3,2],[-2,1],[-2,2],[-2,1],[-2,2],[-3,1],[-2,2],[-2,1],[-2,2],[-2,2],[-2,1],[-2,2],[-2,2],[-1,1],[-2,2],[-2,2],[-2,2],[-1,2],[-2,1],[-2,2],[-1,2],[-2,2],[-1,2],[-2,2],[-1,2],[-1,2],[-2,2],[-2,-1],[-2,0],[-2,0],[-2,-1],[-2,0],[-3,-1],[-2,0],[-2,0],[-2,-1],[-2,0],[-2,0],[-2,-1],[-3,0],[-2,0],[-2,-1],[-2,0],[-2,-1],[-2,0],[-2,0],[-3,-1],[-2,0],[-2,0],[-2,-1],[-2,0],[-2,-1],[-2,0],[-3,0],[-2,-1],[-2,0],[-2,0],[-2,-1],[-2,0],[-2,-1],[-3,0],[-2,0],[-2,-1],[-2,0],[-2,0],[-2,-1],[-2,0],[-3,-1],[-2,0],[-2,0],[-2,-1],[-2,0],[-2,0],[-2,-1],[-3,0],[-2,-1],[-2,0],[-2,0],[-2,-1],[-2,0],[-2,0],[-3,-1],[-2,0],[-2,-1],[-2,0],[-2,0],[-2,-1],[-2,0],[-3,-1],[-2,0],[-2,0],[3,2],[3,2],[2,3],[3,2],[3,2],[2,2],[3,3],[3,2],[3,2],[2,2],[3,3],[3,2],[2,2],[3,3],[3,2],[3,2],[2,2],[3,3],[3,2],[2,2],[3,2],[3,3],[3,2],[2,2],[3,2],[3,3],[3,2],[2,2],[3,3],[3,2],[2,2],[3,2],[3,3],[3,2],[2,2],[3,2],[3,3],[3,2],[2,2],[3,2],[3,3],[3,2],[2,2],[3,3],[3,2],[3,2],[2,2],[3,3],[3,2],[3,2],[2,2],[3,3],[3,2],[3,2],[3,2],[2,3],[3,2],[3,2],[3,2],[2,3],[3,2],[3,2],[3,2],[2,3],[-7,-3],[-8,-3],[-8,-3],[-7,-2],[-8,-3],[-8,-3],[-8,-3],[-7,-2],[-8,-3],[-8,-3],[-7,-3],[-8,-2],[-8,-3],[-7,-3],[-8,-3],[-8,-3],[-7,-2],[-8,-3],[-8,-3],[-7,-3],[-8,-2],[-8,-3],[-7,-3],[-8,-3],[-8,-3],[-7,-2],[-8,-3],[-7,-3],[-8,-3],[-8,-3],[-7,-2],[-8,-3],[-7,-3],[-8,-3],[-8,-3],[-7,-3],[-8,-2],[-7,-3],[-8,-3],[-8,-3],[-7,-3],[-8,-3],[-7,-3],[-8,-2],[-7,-3],[-8,-3],[-8,-3],[-7,-3],[-8,-3],[-7,-3],[-8,-2],[-7,-3],[-8,-3],[-7,-3],[-8,-3],[-7,-3],[-8,-3],[-7,-3],[-8,-2],[-7,-3],[-8,-3],[-7,-3],[-8,-3],[-7,-3],[-1,0],[-1,0],[-1,0],[-1,0],[-1,0],[-1,1],[-1,0],[-1,0],[-1,0],[-1,0],[-1,0],[-1,0],[-1,0],[-1,0],[-1,0],[-1,0],[-1,0],[-1,0],[0,1],[-1,0],[-1,0],[-1,0],[-1,0],[-1,0],[-1,0],[-1,0],[-1,0],[-1,0],[-1,0],[-1,0],[-1,0],[-1,1],[-1,0],[-1,0],[-1,0],[-1,0],[-1,0],[0,2],[0,1],[0,2],[-1,1],[0,2],[0,1],[-1,2],[0,1],[-1,2],[0,1],[-1,2],[0,1],[-1,2],[-1,1],[-1,2],[0,1],[-1,1],[-1,2],[-1,1],[-1,1],[-1,2],[-1,1],[-2,1],[-1,2],[-1,1],[-1,1],[-1,1],[-2,1],[-1,2],[-2,1],[-1,1],[-2,1],[-1,1],[-2,1],[-1,1],[-2,1],[-1,1],[-2,1],[-2,1],[-2,1],[-1,1],[-2,0],[-2,1],[-2,1],[-2,1],[-2,0],[-2,1],[-2,1],[-2,0],[-2,1],[-2,1],[-2,0],[-2,1],[-2,0],[-2,1],[-3,0],[-2,0],[-2,1],[-2,0],[-3,0],[-2,0],[-2,1],[-3,0],[-2,0],[-2,0],[-2,0],[-2,0],[-3,0],[-2,0],[-2,0],[-2,0],[-2,-1],[-2,0],[-2,0],[-2,0],[-2,0],[-2,-1],[-2,0],[-2,-1],[-2,0],[-2,0],[-2,-1],[-2,0],[-2,-1],[-2,0],[-2,-1],[-2,-1],[-2,0],[-2,-1],[-1,-1],[-2,0],[-2,-1],[-2,-1],[-1,0],[-2,-1],[-2,-1],[-1,-1],[-2,-1],[-1,-1],[-2,-1],[-1,-1],[-2,-1],[-1,-1],[-2,-1],[-1,-1],[-1,-1],[-2,-1],[-1,-1],[-1,-1],[-1,-1],[-2,-1],[-1,-1],[-1,-2],[-1,-1],[-1,-1],[-1,-1],[-1,-1],[-1,-2],[-1,-1],[-1,-1],[0,-2],[-1,-1],[-1,-1],[-1,-2],[0,-1],[-1,-1],[0,-2],[-1,-1],[-2,0],[-2,0],[-2,0],[-2,0],[-2,1],[-2,0],[-2,0],[-2,0],[-2,0],[-2,0],[-2,0],[-2,1],[-2,0],[-2,0],[-2,0],[-2,0],[-2,0],[-2,0],[-2,0],[-2,1],[-2,0],[-2,0],[-3,0],[-2,0],[-2,0],[-2,0],[-2,1],[-2,0],[-2,0],[-2,0],[-2,0],[-2,0],[-2,0],[-2,1],[-2,0],[-2,0],[-2,0],[-2,0],[-2,0],[-2,0],[-2,1],[-2,0],[-2,0],[-2,0],[-2,0],[-2,0],[-2,0],[-2,0],[-2,1],[-2,0],[-2,0],[-2,0],[-2,0],[-2,0],[-2,0],[-2,1],[-3,0],[-2,0],[-2,0],[-2,0],[-2,0],[-2,0],[-2,0],[-2,1],[8,3],[7,3],[7,4],[7,3],[8,4],[7,3],[7,4],[8,3],[7,4],[7,3],[8,3],[7,4],[8,3],[7,4],[7,3],[8,3],[7,4],[7,3],[8,4],[7,3],[8,3],[7,4],[7,3],[8,4],[7,3],[8,3],[7,4],[8,3],[7,4],[7,3],[8,3],[7,4],[8,3],[7,3],[8,4],[7,3],[8,3],[7,4],[8,3],[7,3],[8,4],[7,3],[8,3],[7,4],[8,3],[7,4],[8,3],[7,3],[8,3],[7,4],[8,3],[7,3],[8,4],[7,3],[8,3],[7,4],[8,3],[8,3],[7,4],[8,3],[7,3],[8,3],[8,4],[7,3],[4,5],[4,5],[5,5],[4,4],[5,5],[4,5],[5,4],[5,5],[5,4],[5,5],[6,4],[5,4],[6,4],[5,5],[6,4],[6,4],[6,4],[6,3],[6,4],[6,4],[7,3],[6,4],[7,3],[6,4],[7,3],[7,3],[7,3],[7,3],[7,3],[7,3],[7,3],[8,3],[7,2],[8,3],[7,2],[8,3],[8,2],[7,2],[8,2],[8,2],[8,2],[8,2],[8,2],[9,1],[8,2],[8,1],[9,1],[8,2],[8,1],[9,1],[9,1],[8,0],[9,1],[9,1],[8,0],[9,1],[9,0],[9,0],[9,0],[9,0],[8,0],[9,-1],[9,0],[9,-1],[3,0],[2,0],[2,0],[2,0],[3,-1],[2,0],[2,0],[2,0],[3,0],[2,-1],[2,0],[2,0],[2,0],[3,0],[2,-1],[2,0],[2,0],[2,-1],[3,0],[2,0],[2,0],[2,-1],[2,0],[3,0],[2,-1],[2,0],[2,0],[2,-1],[2,0],[2,0],[3,-1],[2,0],[2,0],[2,-1],[2,0],[2,-1],[2,0],[2,0],[2,-1],[3,0],[2,-1],[2,0],[2,0],[2,-1],[2,0],[2,-1],[2,0],[2,-1],[2,0],[2,-1],[2,0],[2,-1],[2,0],[2,-1],[2,0],[2,-1],[2,0],[3,-1],[2,0],[2,-1],[2,0],[1,-1],[2,0],[2,-1],[0,-1],[0,-3],[-1,-4],[0,-3],[0,-3],[0,-4],[0,-3],[0,-3],[1,-3],[0,-4],[1,-3],[1,-3],[1,-3],[1,-3],[1,-4],[1,-3],[1,-3],[2,-3],[1,-3],[2,-3],[1,-3],[2,-3],[2,-2],[2,-3],[2,-3],[3,-3],[2,-3],[2,-2],[3,-3],[2,-3],[3,-2],[3,-3],[3,-2],[3,-3],[3,-2],[3,-2],[3,-3],[3,-2],[4,-2],[3,-2],[4,-2],[3,-2],[4,-2],[4,-2],[4,-2],[3,-2],[4,-2],[4,-1],[5,-2],[4,-1],[4,-2],[4,-1],[5,-2],[4,-1],[4,-1],[5,-1],[4,-1],[5,-1],[5,-1],[4,-1],[5,-1],[5,0],[5,-1],[5,-1],[5,0],[1,0],[1,0],[1,0],[1,0],[1,0],[1,-1],[1,0],[1,0],[1,0],[1,0],[1,0],[1,0],[1,0],[1,0],[1,0],[1,0],[1,0],[1,0],[1,0],[1,0],[1,0],[1,0],[1,0],[1,0],[1,0],[1,0],[1,0],[1,0],[1,0],[1,0],[1,0],[1,0],[1,0],[1,0],[1,0],[1,0],[1,0],[1,0],[1,0],[1,0],[1,0],[1,1],[1,0],[1,0],[1,0],[1,0],[1,0],[1,0],[1,0],[1,0],[1,0],[1,0],[1,0],[1,0],[0,1],[1,0],[1,0],[1,0],[1,0],[1,0],[1,0],[1,0],[1,0],[1,1],[1,0],[1,0],[1,0],[1,0],[1,0],[1,0],[0,1],[1,0],[1,0],[1,0],[1,0],[1,0],[1,0],[0,1],[1,0],[1,0],[1,0],[1,0],[1,0],[0,1],[1,0],[1,0],[1,0],[1,0],[1,0],[0,1],[1,0],[1,-4],[1,-4],[1,-4],[1,-4],[2,-4],[1,-4],[1,-4],[1,-4],[1,-3],[2,-4],[1,-4],[1,-4],[1,-4],[1,-4],[1,-4],[2,-4],[1,-4],[1,-4],[1,-4],[1,-3],[1,-4],[2,-4],[1,-4],[1,-4],[1,-4],[1,-4],[1,-4],[2,-4],[1,-4],[1,-4],[1,-4],[1,-3],[1,-4],[2,-4],[1,-4],[1,-4],[1,-4],[1,-4],[1,-4],[2,-4],[1,-4],[1,-4],[1,-4],[1,-3],[1,-4],[1,-4],[2,-4],[1,-4],[1,-4],[1,-4],[1,-4],[1,-4],[1,-4],[2,-4],[1,-4],[1,-3],[1,-4],[1,-4],[1,-4],[1,-4],[2,-4],[1,-4],[1,-4],[1,-4]],[[8781,5814],[0,-2],[-2,-1],[-1,-2],[-2,-1],[-2,-2],[-2,-1],[-1,-1],[-2,-2],[-2,-1],[-2,-1],[-2,-2],[-2,-1],[-2,-1],[-1,-2],[-2,-1],[-2,-1],[-2,-2],[-2,-1],[-2,-1],[-2,-1],[-2,-1],[-2,-2],[-2,-1],[-2,-1],[-2,-1],[-3,-1],[-2,-1],[-2,-1],[-2,-2],[-2,-1],[-2,-1],[-2,-1],[-3,-1],[-2,-1],[-2,-1],[-2,-1],[-2,-1],[-3,-1],[-2,-1],[-2,-1],[-2,0],[-3,-1],[-2,-1],[-2,-1],[-3,-1],[-2,-1],[-2,-1],[-3,0],[-2,-1],[-3,-1],[-2,-1],[-2,0],[-3,-1],[-2,-1],[-3,-1],[-2,0],[-2,-1],[-3,0],[-2,-1],[-3,-1],[-2,0],[-3,-1],[-2,0],[-3,-1],[-2,0],[-2,-1],[-2,0],[-1,0],[-2,-1],[-1,0],[-2,0],[-2,0],[-1,-1],[-2,0],[-1,0],[-2,-1],[-2,0],[-1,0],[-2,0],[-1,0],[-2,-1],[-2,0],[-1,0],[-2,0],[-2,0],[-1,-1],[-2,0],[-1,0],[-2,0],[-2,0],[-1,0],[-2,0],[-2,-1],[-1,0],[-2,0],[-2,0],[-1,0],[-2,0],[-2,0],[-1,0],[-2,0],[-2,0],[-1,0],[-2,0],[-2,-1],[-1,0],[-2,0],[-2,0],[-1,0],[-2,0],[-2,0],[-1,0],[-2,0],[-2,0],[-1,1],[-2,0],[-2,0],[-1,0],[-2,0],[-2,0],[-1,0],[-2,0],[-2,0],[-2,0],[-1,0],[-2,0],[-2,1],[-1,0],[-2,0],[-1,0],[-2,1],[-1,1],[-1,0],[-1,1],[-2,0],[-1,1],[-1,0],[-2,1],[-1,1],[-1,0],[-2,1],[-1,0],[-1,1],[-2,0],[-1,1],[-1,0],[-2,1],[-1,0],[-1,1],[-2,0],[-1,1],[-1,0],[-2,1],[-1,0],[-2,1],[-1,0],[-1,0],[-2,1],[-1,0],[-1,1],[-2,0],[-1,1],[-2,0],[-1,1],[-2,0],[-1,0],[-1,1],[-2,0],[-1,0],[-2,1],[-1,0],[-2,1],[-1,0],[-2,0],[-1,1],[-2,0],[-1,0],[-2,1],[-1,0],[-2,0],[-1,1],[-2,0],[-1,0],[-2,1],[-1,0],[-2,0],[-1,0],[-2,1],[-1,0],[-2,0],[-1,0],[-2,1],[-2,0],[-2,0],[-1,0],[-1,1],[-3,0],[-2,0],[-3,1],[-1,0],[-1,0],[-1,0],[-1,0],[-3,0],[-2,1],[-3,0],[-2,0],[-2,0],[-3,0],[-1,0],[-1,1],[-3,0],[-1,0],[-1,0],[-2,0],[-3,0],[-2,0],[-3,0],[-2,0],[-2,0],[-3,0],[-2,0],[-2,0],[-3,0],[-2,0],[-2,0],[-2,0],[-1,0],[-2,0],[-1,0],[-2,0],[-1,0],[-1,0],[-1,-1],[-1,0],[-2,0],[-1,0],[-2,0],[-2,0],[-3,0],[-1,0],[-1,-1],[-2,0],[-1,0],[-1,0],[-3,0],[-2,-1],[-2,0],[-3,0],[-2,0],[-2,-1],[-2,0],[-3,-1],[-2,0],[-2,0],[-2,-1],[-3,0],[-2,-1],[-2,0],[-2,0],[-2,-1],[-1,0],[-2,0],[-2,-1],[-2,0],[-1,-1],[-1,0],[-2,0],[-3,-1],[-1,0],[-1,-1],[-2,0],[-1,-1],[-2,0],[-1,0],[-2,-1],[-1,0],[-1,-1],[-2,0],[-1,0],[-1,-1],[-2,0],[-1,-1],[-1,0],[-2,-1],[-1,0],[-2,0],[-1,-1],[-1,0],[-2,-1],[-1,0],[-1,-1],[-1,0],[-2,-1],[-1,0],[-1,-1],[-2,0],[-1,-1],[-1,0],[-2,-1],[-1,0],[-1,-1],[-1,-1],[-2,0],[-1,-1],[-1,0],[-2,-1],[-1,0],[-1,-1],[-1,-1],[-2,0],[-1,-1],[-1,0],[-1,-1],[-2,-1],[-1,0],[-1,-1],[-1,0],[-1,-1],[-2,-1],[-1,0],[-1,-1],[-1,-1],[-1,0],[-2,-1],[-1,-1],[-1,0],[-1,-1],[-1,-1],[-1,0],[-2,-1],[-1,-1],[-1,0],[-1,-1],[-1,-1],[-1,0],[-1,0],[-2,0],[-1,1],[-1,0],[-1,1],[-1,0],[-1,0],[-2,1],[-1,0],[-1,1],[-1,0],[-1,0],[-1,1],[-2,0],[-1,1],[-1,0],[-1,0],[-1,1],[-1,0],[-2,1],[-1,0],[-1,0],[-1,1],[-1,0],[-1,0],[-2,1],[-1,0],[-1,1],[-1,0],[-1,0],[-1,1],[-2,0],[-1,1],[-1,0],[-1,0],[-1,1],[-1,0],[-2,1],[-1,0],[-1,0],[-1,1],[-1,0],[-1,1],[-2,0],[-1,0],[-1,1],[-1,0],[-1,1],[-1,0],[-2,0],[-1,1],[-1,0],[-1,1],[-1,0],[-2,0],[-1,1],[-1,0],[-1,0],[-1,1],[-1,0],[-2,1],[-1,0],[-1,0],[-1,1],[2,4],[3,4],[2,4],[3,3],[3,4],[3,4],[3,3],[3,4],[3,4],[3,3],[4,3],[3,4],[4,3],[3,3],[4,3],[4,4],[4,3],[4,3],[4,3],[4,2],[4,3],[5,3],[4,3],[5,2],[4,3],[5,2],[4,2],[5,3],[5,2],[5,2],[5,2],[5,2],[5,2],[5,2],[5,2],[6,1],[5,2],[5,2],[6,1],[5,1],[6,2],[5,1],[6,1],[5,1],[6,1],[6,1],[6,1],[5,0],[6,1],[6,0],[6,1],[6,0],[6,0],[6,0],[6,0],[5,0],[6,0],[6,0],[7,0],[6,-1],[6,-1],[6,0],[6,-1],[6,-1],[1,0],[1,0],[1,0],[1,0],[0,-1],[1,0],[5,1],[5,1],[4,1],[5,1],[5,1],[4,1],[5,1],[5,1],[4,1],[5,1],[4,1],[5,1],[5,1],[4,1],[5,1],[5,1],[5,1],[4,1],[5,1],[5,1],[4,1],[5,1],[5,0],[4,1],[5,1],[5,1],[4,1],[5,1],[5,1],[4,1],[5,1],[5,1],[4,1],[5,1],[5,1],[4,1],[5,1],[5,1],[4,1],[5,1],[5,0],[5,1],[4,1],[5,1],[5,1],[4,1],[5,1],[5,1],[4,1],[5,1],[5,1],[4,1],[5,1],[5,1],[5,0],[4,1],[5,1],[5,1],[4,1],[5,1],[5,1],[4,1],[5,1],[5,1],[0,-2],[1,-2],[0,-2],[1,-1],[0,-2],[1,-2],[0,-2],[1,-2],[0,-1],[0,-2],[1,-2],[0,-2],[1,-2],[0,-1],[1,-2],[0,-2],[1,-2],[0,-1],[1,-2],[0,-2],[1,-2],[0,-2],[0,-1],[1,-2],[0,-2],[1,-2],[0,-2],[1,-1],[0,-2],[1,-2],[0,-2],[1,-2],[0,-1],[0,-2],[1,-2],[0,-2],[1,-1],[0,-2],[1,-2],[0,-2],[1,-2],[0,-1],[1,-2],[0,-2],[1,-2],[0,-2],[0,-1],[1,-2],[0,-2],[1,-2],[0,-2],[1,-1],[0,-2],[1,-2],[0,-2],[0,-2],[1,-1],[0,-2],[1,-2],[0,-2],[1,-1],[0,-2],[1,-2]],[[7822,6236],[2,-1],[3,0],[2,0],[2,0],[2,-1],[3,0],[2,0],[2,-1],[2,0],[3,0],[2,-1],[2,0],[3,0],[2,0],[2,-1],[2,0],[3,0],[2,-1],[2,0],[3,0],[2,-1],[2,0],[2,0],[3,0],[2,-1],[2,0],[2,0],[3,-1],[2,0],[2,0],[3,-1],[2,0],[2,0],[2,0],[3,-1],[2,0],[2,0],[3,-1],[2,0],[2,0],[2,-1],[3,0],[2,0],[2,0],[2,-1],[3,0],[2,0],[2,-1],[3,0],[2,0],[2,-1],[2,0],[3,0],[2,-1],[2,0],[2,0],[3,0],[2,-1],[2,0],[3,0],[2,-1],[2,0],[2,0],[3,-1],[2,-2],[2,-2],[2,-2],[2,-2],[2,-3],[2,-2],[2,-2],[2,-2],[2,-3],[2,-2],[2,-2],[2,-2],[2,-2],[2,-3],[2,-2],[2,-2],[2,-2],[2,-3],[2,-2],[2,-2],[2,-2],[2,-3],[2,-2],[2,-2],[2,-2],[2,-2],[2,-3],[2,-2],[2,-2],[3,-2],[2,-3],[2,-2],[2,-2],[2,-2],[2,-2],[2,-3],[2,-2],[2,-2],[2,-2],[2,-3],[2,-2],[2,-2],[2,-2],[2,-3],[2,-2],[2,-2],[2,-2],[2,-2],[2,-3],[2,-2],[2,-2],[2,-2],[2,-3],[2,-2],[2,-2],[2,-2],[2,-3],[2,-2],[2,-2],[2,-2],[2,-2],[2,-3],[2,-2],[2,-2],[0,-2],[0,-2],[0,-2],[0,-1],[0,-2],[1,-2],[0,-2],[0,-2],[0,-1],[0,-2],[0,-2],[1,-2],[0,-2],[0,-2],[0,-1],[0,-2],[0,-2],[1,-2],[0,-2],[0,-1],[0,-2],[0,-2],[0,-2],[1,-2],[0,-1],[0,-2],[0,-2],[0,-2],[0,-2],[1,-2],[0,-1],[0,-2],[0,-2],[0,-2],[0,-2],[1,-1],[0,-2],[0,-2],[0,-2],[0,-2],[1,-1],[0,-2],[0,-2],[0,-2],[0,-2],[0,-2],[1,-1],[0,-2],[0,-2],[0,-2],[0,-2],[0,-1],[1,-2],[0,-2],[0,-2],[0,-2],[0,-1],[0,-2],[1,-2],[0,-2],[0,-2],[0,-2],[0,-1],[0,-2],[-1,0],[-1,0],[-1,0],[-1,0],[-1,0],[-1,0],[-1,0],[-1,0],[-1,0],[-1,1],[-1,0],[-1,0],[-1,0],[-1,0],[-1,0],[-1,0],[-1,0],[-1,0],[-1,0],[-1,0],[0,1],[-1,0],[-1,0],[-1,0],[-1,0],[-1,0],[-1,0],[-1,0],[-1,0],[-4,1],[-5,1],[-5,1],[-5,1],[-5,0],[-4,1],[-5,1],[-5,2],[-4,1],[-5,1],[-4,1],[-5,1],[-4,2],[-4,1],[-5,2],[-4,1],[-4,2],[-4,1],[-4,2],[-4,2],[-4,2],[-4,1],[-4,2],[-4,2],[-4,2],[-4,2],[-3,2],[-4,2],[-4,2],[-3,3],[-4,2],[-3,2],[-4,2],[-3,3],[-3,2],[-3,2],[-3,3],[-3,2],[-4,3],[-2,2],[-3,3],[-3,3],[-3,2],[-3,3],[-2,3],[-3,3],[-2,2],[-3,3],[-2,3],[-2,3],[-3,3],[-2,3],[-2,3],[-2,3],[-2,3],[-2,3],[-2,3],[-1,3],[-2,3],[-2,3],[-1,3],[-2,4],[-1,3],[-1,3],[-1,0],[-1,0],[-1,0],[-1,0],[-1,0],[-1,0],[0,-1],[-1,0],[-1,0],[-1,0],[-1,0],[-1,0],[-1,0],[-1,0],[-1,0],[-1,0],[-1,0],[-1,0],[-1,0],[-1,-1],[-1,0],[-1,0],[-1,0],[-1,0],[-1,0],[-1,0],[-1,0],[-1,0],[-1,0],[-1,0],[-1,0],[-1,-1],[-1,0],[-1,0],[-1,0],[-1,0],[-1,0],[-1,0],[-1,0],[-1,0],[-1,0],[-1,0],[-1,0],[-1,0],[-1,-1],[-1,0],[1,-2],[2,-1],[2,-2],[1,-2],[2,-2],[1,-2],[2,-2],[1,-2],[1,-2],[2,-2],[1,-2],[1,-2],[2,-2],[1,-2],[1,-2],[1,-2],[1,-2],[2,-2],[1,-2],[1,-2],[1,-2],[1,-2],[1,-3],[1,-2],[0,-2],[1,-2],[1,-2],[1,-2],[1,-2],[0,-3],[1,-2],[1,-2],[0,-2],[1,-2],[0,-3],[1,-2],[0,-2],[1,-2],[0,-2],[1,-3],[0,-2],[0,-2],[1,-2],[0,-3],[0,-2],[0,-2],[0,-3],[0,-2],[0,-2],[0,-2],[0,-3],[0,-2],[0,-2],[0,-3],[0,-2],[0,-2],[-1,-3],[0,-2],[0,-2],[-1,-3],[0,-2],[-1,-2],[0,-3],[-1,-2],[0,-1],[0,-1],[0,-2],[-1,-1],[0,-1],[0,-1],[-1,-1],[0,-2],[-1,-1],[0,-1],[0,-1],[-1,-1],[0,-2],[-1,-1],[0,-1],[0,-1],[-1,-1],[0,-2],[-1,-1],[0,-1],[-1,-1],[0,-1],[-1,-1],[0,-2],[-1,-1],[0,-1],[-1,-1],[-1,-1],[0,-1],[-1,-1],[0,-2],[-1,-1],[-1,-1],[0,-1],[-1,-1],[0,-1],[-1,-1],[-1,-1],[0,-2],[-1,-1],[-1,-1],[0,-1],[-1,-1],[-1,-1],[0,-1],[-1,-1],[-1,-1],[-1,-1],[0,-1],[-1,-1],[-1,-1],[-1,-1],[0,-2],[-1,-1],[-1,-1],[-1,-1],[-1,-1],[0,-1],[-1,-1],[-1,-1],[-1,-1],[-1,-1],[-1,-1],[-1,-1],[0,-2],[0,-2],[0,-2],[-1,-2],[0,-2],[0,-2],[-1,-2],[0,-2],[0,-2],[-1,-2],[0,-2],[0,-2],[0,-3],[-1,-2],[0,-2],[0,-2],[-1,-2],[0,-2],[0,-2],[-1,-2],[0,-2],[0,-2],[-1,-2],[0,-2],[0,-2],[0,-2],[-1,-2],[0,-2],[0,-2],[-1,-2],[0,-2],[0,-2],[-1,-2],[0,-3],[0,-2],[0,-2],[-1,-2],[0,-2],[0,-2],[-1,-2],[0,-2],[0,-2],[-1,-2],[0,-2],[0,-2],[0,-2],[-1,-2],[0,-2],[0,-2],[-1,-2],[0,-2],[0,-2],[0,-2],[-1,-2],[0,-2],[0,-3],[-1,-2],[0,-2],[0,-2],[-1,-2],[0,-2],[0,-2],[0,-2],[-1,-2],[-2,-1],[-2,-1],[-2,0],[-2,-1],[-2,-1],[-2,-1],[-3,-1],[-2,-1],[-2,0],[-2,-1],[-2,-1],[-2,-1],[-2,-1],[-2,-1],[-3,0],[-2,-1],[-2,-1],[-2,-1],[-2,-1],[-2,-1],[-2,0],[-2,-1],[-2,-1],[-3,-1],[-2,-1],[-2,-1],[-2,0],[-2,-1],[-2,-1],[-2,-1],[-2,-1],[-2,-1],[-3,-1],[-2,0],[-2,-1],[-2,-1],[-2,-1],[-2,-1],[-2,-1],[-2,0],[-2,-1],[-3,-1],[-2,-1],[-2,-1],[-2,-1],[-2,0],[-2,-1],[-2,-1],[-2,-1],[-2,-1],[-3,-1],[-2,-1],[-2,0],[-2,-1],[-2,-1],[-2,-1],[-2,-1],[-2,-1],[-2,0],[-2,-1],[-3,-1],[-2,-1],[-2,-1],[-2,-1],[0,2],[-1,2],[0,2],[0,2],[-1,2],[0,2],[-1,2],[0,1],[0,2],[-1,2],[0,2],[-1,2],[0,2],[-1,2],[0,2],[0,1],[-1,2],[0,2],[-1,2],[0,2],[0,2],[-1,2],[0,2],[-1,2],[0,1],[0,2],[-1,2],[0,2],[-1,2],[0,2],[0,2],[-1,2],[0,2],[-1,1],[0,2],[0,2],[-1,2],[0,2],[-1,2],[0,2],[0,2],[-1,2],[0,1],[-1,2],[0,2],[0,2],[-1,2],[0,2],[-1,2],[0,2],[0,2],[-1,1],[0,2],[-1,2],[0,2],[-1,2],[0,2],[0,2],[-1,2],[0,1],[-1,2],[0,2],[0,2],[-1,2],[0,1],[0,1],[0,1],[-1,0],[0,1],[0,1],[0,1],[0,1],[0,1],[-1,0],[0,1],[0,1],[0,1],[0,1],[-1,0],[0,1],[0,1],[0,1],[0,1],[0,1],[-1,0],[0,1],[0,1],[0,1],[0,1],[-1,1],[0,1],[0,1],[0,1],[0,1],[-1,0],[0,1],[-1,1],[0,1],[-1,1],[0,1],[-1,1],[-1,1],[-1,1],[0,1],[-1,1],[-1,0],[0,1],[-1,1],[-1,1],[-1,0],[0,1],[-1,1],[-1,0],[-1,1],[-1,1],[0,1],[-1,0],[-1,1],[-1,0],[-1,1],[-1,1],[-1,0],[-1,1],[-1,1],[-1,0],[-1,1],[-1,0],[-1,1],[-1,0],[-1,1],[-1,1],[-1,0],[-1,0],[-1,1],[-1,0],[-1,1],[-1,0],[-1,1],[-1,0],[-2,1],[-1,0],[-1,0],[-1,1],[-1,0],[-2,1],[-1,0],[-1,0],[-1,0],[-1,1],[-2,0],[-1,0],[-1,1],[-2,0],[-1,0],[-1,0],[-2,0],[-1,1],[-1,0],[-2,0],[-2,0],[-2,0],[-2,0],[-2,0],[-2,0],[-2,0],[-2,0],[-2,0],[-2,0],[-2,0],[-2,0],[-2,-1],[-2,0],[-2,0],[-2,0],[-2,-1],[-2,0],[-1,-1],[-2,0],[-2,-1],[-2,0],[-2,-1],[-1,0],[-2,-1],[-2,-1],[-1,0],[-2,-1],[-2,-1],[-1,0],[-2,-1],[-1,-1],[-2,-1],[-1,-1],[-2,-1],[-1,-1],[-2,-1],[-1,0],[-1,-1],[-2,-1],[-1,-2],[-1,-1],[-1,-1],[-2,-1],[-1,-1],[-1,-1],[-1,-1],[-1,-1],[-1,-2],[-1,-1],[-1,-1],[-1,-1],[0,-2],[-1,-1],[-1,-1],[-1,-2],[0,-1],[-1,-1],[-1,-2],[0,-1],[-1,-2],[0,-1],[0,-2],[-1,-1],[0,-1],[0,-1],[0,-1],[0,-1],[0,-1],[0,-1],[0,-1],[0,-1],[0,-1],[0,-1],[0,-1],[0,-1],[0,-1],[0,-1],[0,-1],[0,-1],[0,-1],[1,0],[0,-1],[0,-1],[0,-1],[0,-1],[1,0],[0,-1],[0,-1],[1,-1],[0,-1],[0,-1],[1,0],[0,-1],[-2,0],[-1,1],[-2,0],[-1,1],[-2,0],[-2,1],[-1,0],[-2,0],[-1,1],[-2,0],[-2,1],[-1,0],[-2,1],[-1,0],[-2,0],[-2,1],[-1,0],[-2,1],[-1,0],[-2,1],[-2,0],[-1,0],[-2,1],[-2,0],[-1,1],[-2,0],[-1,0],[-2,1],[-2,0],[-1,1],[-2,0],[-1,1],[-2,0],[-2,0],[-1,1],[-2,0],[-1,1],[-2,0],[-2,1],[-1,0],[-2,0],[-1,1],[-2,0],[-2,1],[-1,0],[-2,1],[-2,0],[-1,0],[-2,1],[-1,0],[-2,1],[-2,0],[-1,1],[-2,0],[-1,0],[-2,1],[-2,0],[-1,1],[-2,0],[-1,1],[-2,0],[-2,0],[-1,1],[-2,0],[3,2],[3,1],[3,1],[3,2],[3,1],[3,2],[3,1],[3,2],[3,1],[3,2],[3,2],[2,1],[3,2],[3,2],[3,1],[2,2],[3,2],[3,2],[2,2],[3,2],[2,1],[3,2],[2,2],[3,2],[2,2],[2,2],[2,2],[3,2],[2,3],[2,2],[2,2],[2,2],[2,2],[2,2],[2,3],[2,2],[2,2],[2,2],[2,3],[2,2],[1,3],[2,2],[2,2],[1,3],[2,2],[1,3],[2,2],[1,3],[2,2],[1,3],[1,2],[1,3],[2,3],[1,2],[1,3],[1,2],[1,3],[1,3],[1,3],[0,2],[1,3],[1,3],[0,3],[1,2],[1,5],[1,5],[0,4],[1,5],[0,5],[0,4],[0,5],[0,4],[-1,5],[0,5],[-1,4],[-1,4],[-1,5],[-1,4],[-1,5],[-2,4],[-1,4],[-2,5],[-2,4],[-2,4],[-2,4],[-2,4],[-3,5],[-2,4],[-3,4],[-3,4],[-3,3],[-3,4],[-3,4],[-3,4],[-4,3],[-3,4],[-4,4],[-4,3],[-4,3],[-4,4],[-4,3],[-4,3],[-4,4],[-5,3],[-4,3],[-5,3],[-5,2],[-5,3],[-5,3],[-5,3],[-5,2],[-5,3],[-5,2],[-6,2],[-5,2],[-6,3],[-6,2],[-5,1],[-6,2],[-6,2],[-6,2],[-6,1],[-6,2],[-7,1],[-6,1],[-6,1],[-7,1],[-6,1],[-1,0],[-1,0],[-1,0],[0,1],[-1,0],[-1,0],[-1,0],[-1,0],[-1,0],[-1,0],[-1,0],[-1,0],[-1,0],[0,1],[-1,0],[-1,0],[-1,0],[-2,0],[-1,0],[-1,0],[-2,0],[-1,0],[-1,0],[-2,1],[-1,0],[-1,0],[-2,0],[-1,0],[-1,0],[-2,0],[-1,0],[-1,0],[-1,0],[-2,0],[-1,0],[-1,0],[-2,0],[-1,0],[-1,0],[-2,0],[-1,0],[-1,0],[-1,0],[-2,0],[-1,0],[-1,0],[-2,0],[-1,0],[-1,0],[-2,0],[-1,0],[-1,0],[-1,0],[-2,0],[-1,0],[-1,0],[-2,0],[-1,0],[-1,0],[-1,0],[-2,0],[-1,-1],[-1,0],[-1,0],[-2,0],[-1,0],[-1,0],[-2,0],[-1,0],[-1,0],[-1,0],[-2,-1],[-1,0],[-1,0],[-1,0],[-2,0],[-1,0],[-1,0],[-1,-1],[-2,0],[-1,-3],[-1,-3],[-1,-4],[-2,-3],[-1,-3],[-2,-4],[-1,-3],[-2,-3],[-2,-3],[-2,-3],[-2,-3],[-2,-3],[-2,-3],[-2,-3],[-2,-3],[-3,-3],[-2,-3],[-2,-3],[-3,-3],[-2,-2],[-3,-3],[-3,-3],[-3,-3],[-2,-2],[-3,-3],[-3,-2],[-3,-3],[-3,-2],[-3,-3],[-4,-2],[-3,-3],[-3,-2],[-3,-2],[-4,-3],[-3,-2],[-4,-2],[-3,-2],[-4,-2],[-4,-2],[-3,-2],[-4,-2],[-4,-2],[-4,-2],[-3,-2],[-4,-1],[-4,-2],[-4,-2],[-4,-1],[-4,-2],[-4,-1],[-5,-2],[-4,-1],[-4,-2],[-4,-1],[-5,-1],[-4,-1],[-4,-2],[-5,-1],[-4,-1],[-5,-1],[-4,-1],[-5,-1],[-4,0],[-5,-1],[-1,-4],[-1,-4],[-1,-4],[-1,-4],[-2,-4],[-1,-4],[-1,-5],[-1,-4],[-1,-4],[-2,-4],[-1,-4],[-1,-4],[-1,-4],[-1,-4],[-2,-4],[-1,-4],[-1,-4],[-1,-4],[-1,-4],[-1,-4],[-2,-4],[-1,-4],[-1,-4],[-1,-5],[-1,-4],[-1,-4],[-2,-4],[-1,-4],[-1,-4],[-1,-4],[-1,-4],[-2,-4],[-1,-4],[-1,-4],[-1,-4],[-1,-4],[-1,-4],[-2,-4],[-1,-4],[-1,-5],[-1,-4],[-1,-4],[-1,-4],[-1,-4],[-2,-4],[-1,-4],[-1,-4],[-1,-4],[-1,-4],[-1,-4],[-2,-4],[-1,-4],[-1,-4],[-1,-4],[-1,-5],[-1,-4],[-1,-4],[-2,-4],[-1,-4],[-1,-4],[-1,-4],[-1,-4],[-1,-4],[-1,-4],[2,-2],[2,-2],[3,-2],[2,-2],[2,-2],[3,-2],[2,-2],[2,-2],[2,-2],[2,-2],[2,-2],[2,-3],[2,-2],[2,-2],[2,-2],[2,-2],[2,-3],[2,-2],[1,-2],[2,-2],[2,-3],[1,-2],[2,-2],[1,-3],[2,-2],[1,-3],[2,-2],[1,-2],[1,-3],[2,-2],[1,-3],[1,-2],[1,-3],[1,-2],[1,-3],[1,-2],[1,-3],[1,-2],[1,-3],[1,-3],[1,-2],[0,-3],[1,-2],[1,-3],[0,-3],[1,-2],[0,-3],[1,-3],[0,-2],[0,-3],[1,-3],[0,-3],[0,-2],[0,-3],[0,-3],[0,-3],[0,-2],[0,-3],[0,-3],[0,-3],[0,-2],[-1,-3],[0,-3],[0,-3],[-1,-3],[0,-2],[-1,-3],[-1,-3],[0,-3],[-1,-3],[-1,-2],[-1,-3],[0,-3],[-1,-3],[-1,-2],[-1,-3],[-1,-3],[-2,-2],[-1,-3],[-1,-3],[-1,-2],[-2,-3],[-1,-2],[-1,-3],[-2,-3],[-1,-2],[-2,-3],[-1,-2],[-2,-2],[-2,-3],[-1,-2],[-2,-3],[-2,-2],[-2,-2],[-2,-3],[-2,-2],[-2,-2],[-2,-3],[-2,-2],[-2,-2],[-2,-2],[-2,-2],[-2,-3],[-2,-2],[-3,-2],[-2,-2],[-2,-2],[-3,-2],[-2,-2],[-2,-2],[-3,-2],[-2,-2],[-3,-2],[-2,-2],[-3,-1],[-3,-2],[-2,-2],[-3,-2],[-3,-2],[-3,-1],[-2,-2],[-3,-2],[-3,-1],[-3,-2],[-3,-1],[-3,-2],[-3,-2],[-3,-1],[-1,-1],[-1,0],[-1,-1],[-2,0],[-1,-1],[-1,0],[-1,-1],[-2,-1],[-1,0],[-1,-1],[-1,0],[-2,-1],[-1,0],[-1,-1],[-1,0],[-2,-1],[-1,0],[-1,-1],[-1,0],[-2,-1],[-1,0],[-1,-1],[-2,0],[-1,-1],[-1,0],[-1,-1],[-2,0],[-1,-1],[-1,0],[-2,-1],[-1,0],[-1,0],[-2,-1],[-1,0],[-1,-1],[-2,0],[-1,-1],[-1,0],[-2,0],[-1,-1],[-2,0],[-1,0],[-1,-1],[-2,0],[-1,-1],[-1,0],[-2,0],[-1,-1],[-2,0],[-1,0],[-1,-1],[-2,0],[-1,0],[-1,-1],[-2,0],[-1,0],[-2,-1],[-1,0],[-2,0],[-1,0],[-1,-1],[-2,0],[-1,0],[-2,0],[-1,2],[-2,2],[-1,2],[-2,3],[-1,2],[-2,2],[-1,2],[-2,3],[-1,2],[-2,2],[-1,3],[-2,2],[-1,2],[-2,3],[-1,2],[-1,2],[-2,3],[-1,2],[-2,2],[-1,3],[-1,2],[-2,3],[-1,2],[-1,2],[-1,3],[-2,2],[-1,2],[-1,3],[-1,2],[-2,3],[-1,2],[-1,3],[-1,2],[-1,2],[-1,3],[-2,2],[-1,3],[-1,2],[-1,3],[-1,2],[-1,2],[-1,3],[-1,2],[-1,3],[-1,2],[-1,3],[-1,2],[-1,3],[-1,2],[-1,3],[-1,2],[-1,3],[-1,2],[0,3],[-1,2],[-1,3],[-1,2],[-1,3],[-1,2],[0,3],[-1,3],[-1,2],[-1,3],[0,2],[-1,3],[-1,2],[0,3],[-1,3],[-1,2],[0,3],[-1,3],[-1,2],[0,3],[-1,3],[-1,2],[0,3],[-1,2],[0,3],[-1,3],[0,2],[-1,3],[0,3],[0,2],[-1,3],[0,3],[-1,3],[0,2],[0,3],[-1,3],[0,2],[0,3],[-1,3],[0,2],[0,3],[0,3],[-1,3],[0,2],[0,3],[0,3],[0,3],[-1,2],[0,3],[0,3],[0,2],[0,3],[0,3],[0,3],[0,2],[0,3],[0,3],[0,3],[0,3],[0,2],[0,3],[0,3],[1,3],[0,2],[0,3],[0,3],[0,3],[0,2],[1,3],[0,3],[0,3],[1,3],[0,2],[0,3],[1,3],[0,1],[0,1],[0,1],[0,1],[0,1],[0,1],[0,1],[1,1],[0,1],[0,1],[0,1],[0,1],[0,1],[0,1],[1,0],[0,1],[0,1],[0,1],[0,1],[0,1],[1,1],[0,1],[0,1],[0,1],[0,1],[0,1],[1,1],[0,1],[0,1],[0,1],[0,1],[1,1],[0,1],[0,1],[0,1],[1,1],[0,1],[0,1],[0,1],[0,1],[1,1],[0,1],[0,1],[0,1],[1,1],[0,1],[0,1],[0,1],[0,1],[1,1],[0,1],[0,1],[1,1],[0,1],[0,1],[0,1],[1,1],[0,1],[0,1],[0,1],[1,1],[0,1],[1,5],[2,5],[1,5],[2,5],[2,5],[2,5],[1,6],[2,5],[2,5],[2,5],[2,5],[3,5],[2,5],[2,4],[2,5],[3,5],[2,5],[3,5],[2,5],[3,5],[3,4],[2,5],[3,5],[3,4],[3,5],[3,5],[3,4],[3,5],[3,5],[4,4],[3,5],[3,4],[4,5],[3,4],[3,5],[4,4],[4,4],[3,5],[4,4],[4,4],[4,5],[3,4],[4,4],[4,4],[4,4],[4,4],[5,5],[4,4],[4,4],[4,4],[5,4],[4,4],[4,4],[5,3],[4,4],[5,4],[5,4],[4,4],[5,3],[5,4],[5,4],[4,3],[5,4],[5,4],[-4,-3],[-5,-2],[-4,-3],[-5,-2],[-4,-3],[-5,-3],[-5,-2],[-4,-3],[-5,-2],[-4,-3],[-5,-2],[-4,-3],[-5,-2],[-4,-3],[-5,-2],[-4,-3],[-5,-3],[-4,-2],[-5,-3],[-4,-2],[-5,-3],[-4,-2],[-5,-3],[-4,-2],[-5,-3],[-4,-3],[-5,-2],[-4,-3],[-5,-2],[-4,-3],[-5,-2],[-4,-3],[-5,-2],[-4,-3],[-5,-3],[-4,-2],[-5,-3],[-4,-2],[-5,-3],[-4,-2],[-5,-3],[-4,-3],[-5,-2],[-4,-3],[-5,-2],[-4,-3],[-4,-2],[-5,-3],[-4,-3],[-5,-2],[-4,-3],[-5,-2],[-4,-3],[-5,-3],[-4,-2],[-4,-3],[-5,-2],[-4,-3],[-5,-2],[-4,-3],[-5,-3],[-4,-2],[-4,-3],[-5,-2],[1,2],[1,2],[1,2],[1,2],[2,2],[1,2],[1,3],[1,2],[1,2],[1,2],[2,2],[1,2],[1,2],[1,2],[2,2],[1,2],[1,3],[2,2],[1,2],[1,2],[2,2],[1,2],[2,2],[1,2],[1,2],[2,2],[1,2],[2,2],[1,2],[2,2],[1,2],[2,2],[2,2],[1,2],[2,2],[1,2],[2,2],[2,1],[1,2],[2,2],[1,2],[2,2],[2,2],[2,2],[1,2],[2,2],[2,1],[2,2],[1,2],[2,2],[2,2],[2,2],[2,2],[2,1],[1,2],[2,2],[2,2],[2,1],[2,2],[2,2],[2,2],[2,2],[2,1],[2,2],[5,4],[4,4],[5,4],[5,4],[5,4],[5,4],[5,4],[6,3],[5,4],[5,4],[6,3],[5,4],[6,3],[5,4],[6,3],[6,3],[5,4],[6,3],[6,3],[6,3],[6,3],[6,4],[6,2],[7,3],[6,3],[6,3],[6,3],[7,3],[6,2],[7,3],[6,2],[7,3],[7,2],[6,3],[7,2],[7,2],[7,2],[7,2],[7,3],[7,2],[7,1],[7,2],[7,2],[7,2],[7,2],[7,1],[8,2],[7,1],[7,2],[8,1],[7,1],[7,2],[8,1],[7,1],[8,1],[8,1],[7,1],[8,1],[7,0],[8,1],[8,1],[8,0],[7,1],[8,0],[2,0],[2,0],[1,0],[2,0],[2,0],[2,0],[2,1],[1,0],[2,0],[2,0],[2,0],[2,0],[1,0],[2,0],[2,0],[2,0],[2,0],[1,0],[2,0],[2,0],[2,0],[2,0],[1,0],[2,0],[2,0],[2,0],[2,0],[2,0],[1,0],[2,0],[2,0],[2,0],[2,0],[1,0],[2,0],[2,0],[2,0],[2,-1],[2,0],[1,0],[2,0],[2,0],[2,0],[2,0],[2,0],[1,0],[2,0],[2,0],[2,0],[2,-1],[2,0],[1,0],[2,0],[2,0],[2,0],[2,0],[2,0],[1,-1],[2,0],[2,0],[2,0],[2,0],[2,0],[1,-1],[1,0],[1,0],[1,0],[1,0],[1,0],[1,0],[1,0],[1,0],[1,0],[1,0],[1,-1],[1,0],[1,0],[1,0],[1,0],[1,0],[1,0],[1,0],[1,0],[1,-1],[1,0],[1,0],[1,0],[1,0],[1,0],[1,0],[1,0],[1,-1],[1,0],[1,0],[1,0],[1,0],[1,0],[1,0],[1,-1],[1,0],[1,0],[1,0],[1,0],[1,0],[1,0],[2,-1],[2,0],[1,0],[2,0],[1,-1],[2,0],[1,0],[2,0],[1,0],[2,-1],[2,0],[1,0],[2,-1],[1,0],[2,0],[1,0],[2,-1],[1,0],[2,0],[1,0],[2,-1],[1,0],[2,0],[1,0],[2,-1],[1,0],[2,0],[1,-1],[2,0],[1,0],[2,-1],[1,0],[2,0],[1,0],[2,-1],[1,0],[2,0],[1,-1],[2,0],[1,0],[2,-1],[1,0],[2,0],[1,-1],[2,0],[1,0],[2,-1],[1,0],[2,0],[1,-1],[1,0],[2,0],[1,-1],[2,0],[1,-1],[2,0],[1,0],[2,-1],[1,0],[1,0],[2,-1],[1,0],[2,-1],[1,0],[-1,1],[-1,2],[-1,1],[-2,1],[-1,1],[-1,2],[-1,1],[-1,1],[-2,1],[-1,2],[-1,1],[-1,1],[-2,1],[-1,2],[-1,1],[-1,1],[-1,1],[-2,2],[-1,1],[-1,1],[-1,1],[-1,2],[-2,1],[-1,1],[-1,1],[-1,2],[-2,1],[-1,1],[-1,1],[-1,2],[-1,1],[-2,1],[-1,1],[-1,2],[-1,1],[-2,1],[-1,1],[-1,2],[-1,1],[-1,1],[-2,1],[-1,2],[-1,1],[-1,1],[-1,1],[-2,2],[-1,1],[-1,1],[-1,1],[-2,2],[-1,1],[-1,1],[-1,1],[-2,2],[-1,1],[-1,1],[-1,1],[-1,2],[-2,1],[-1,1],[-1,1],[-1,2],[-2,1],[-1,1],[8,-1],[8,0],[7,-1],[8,-1],[8,-1],[7,-1],[8,-1],[7,0],[8,-1],[8,-1],[7,-1],[8,-1],[8,-1],[7,0],[8,-1],[8,-1],[7,-1],[8,-1],[8,-1],[7,-1],[8,-1],[7,0],[8,-1],[8,-1],[7,-1],[8,-1],[8,-1],[7,-1],[8,-1],[8,0],[7,-1],[8,-1],[7,-1],[8,-1],[8,-1],[7,-1],[8,-1],[7,-1],[8,-1],[8,0],[7,-1],[8,-1],[8,-1],[7,-1],[8,-1],[7,-1],[8,-1],[8,-1],[7,-1],[8,-1],[7,-1],[8,-1],[8,-1],[7,-1],[8,-1],[7,-1],[8,0],[7,-1],[8,-1],[8,-1],[7,-1],[8,-1],[7,-1],[8,-1]],[[7632,6184],[2,0],[3,0],[3,-1],[3,0],[3,0],[3,-1],[2,0],[3,-1],[3,0],[3,-1],[2,0],[3,-1],[3,0],[2,-1],[3,0],[3,-1],[3,-1],[2,0],[3,-1],[2,-1],[3,0],[3,-1],[2,-1],[3,0],[2,-1],[3,-1],[2,-1],[3,-1],[2,0],[3,-1],[2,-1],[3,-1],[2,-1],[2,-1],[3,-1],[2,-1],[3,-1],[2,-1],[2,-1],[3,-1],[2,-1],[2,-1],[2,-1],[3,-1],[2,-1],[2,-1],[2,-1],[3,-1],[2,-1],[2,-1],[2,-2],[2,-1],[2,-1],[2,-1],[2,-1],[2,-2],[2,-1],[2,-1],[2,-1],[2,-2],[2,-1],[2,-1],[2,-2],[2,-1],[0,1],[1,2],[0,1],[1,1],[0,2],[1,1],[0,1],[1,2],[0,1],[1,1],[0,1],[0,2],[1,1],[0,1],[1,2],[0,1],[1,1],[0,1],[1,2],[0,1],[1,1],[0,2],[1,1],[0,1],[0,1],[1,2],[0,1],[1,1],[0,2],[1,1],[0,1],[1,2],[0,1],[1,1],[0,1],[1,2],[0,1],[0,1],[1,2],[0,1],[1,1],[0,1],[1,2],[0,1],[1,1],[0,2],[1,1],[0,1],[1,1],[0,2],[1,1],[0,1],[0,2],[1,1],[0,1],[1,2],[0,1],[1,1],[0,1],[1,2],[0,1],[1,1],[0,2],[1,1],[-6,0],[-5,1],[-5,0],[-5,0],[-5,1],[-5,0],[-6,1],[-5,0],[-5,0],[-5,1],[-5,0],[-5,1],[-6,0],[-5,0],[-5,1],[-5,0],[-5,1],[-5,0],[-6,0],[-5,1],[-5,0],[-5,0],[-5,1],[-6,0],[-5,1],[-5,0],[-5,0],[-5,1],[-5,0],[-6,0],[-5,1],[-5,0],[-5,1],[-5,0],[-5,0],[-6,1],[-5,0],[-5,0],[-5,1],[-5,0],[-6,0],[-5,1],[-5,0],[-5,0],[-5,1],[-6,0],[-5,0],[-5,1],[-5,0],[-5,1],[-5,0],[-6,0],[-5,1],[-5,0],[-5,0],[-5,1],[-6,0],[-5,0],[-5,1],[-5,0],[-5,0],[-5,1],[-6,0],[-5,0],[1,-1],[2,0],[1,-1],[1,-1],[2,-1],[1,0],[1,-1],[1,-1],[2,-1],[1,0],[1,-1],[1,-1],[2,-1],[1,-1],[1,0],[2,-1],[1,-1],[1,-1],[1,0],[2,-1],[1,-1],[1,-1],[1,0],[2,-1],[1,-1],[1,-1],[1,-1],[2,0],[1,-1],[1,-1],[2,-1],[1,0],[1,-1],[1,-1],[2,-1],[1,0],[1,-1],[1,-1],[2,-1],[1,-1],[1,0],[2,-1],[1,-1],[1,-1],[1,0],[2,-1],[1,-1],[1,-1],[1,-1],[2,0],[1,-1],[1,-1],[1,-1],[2,0],[1,-1],[1,-1],[2,-1],[1,0],[1,-1],[1,-1],[2,-1],[1,-1],[1,0],[1,-1],[1,0],[1,0],[1,0],[1,0],[1,0],[1,0],[1,0],[2,0],[1,0],[1,0],[1,0],[1,0],[1,1],[1,0],[1,0],[1,0],[1,0],[1,0],[1,0],[1,0],[1,0],[1,0],[1,0],[1,0],[1,0],[1,0],[1,0],[1,0],[1,0],[1,0],[1,0],[1,0],[1,0],[1,0],[1,0],[1,-1],[1,0],[1,0],[1,0],[1,0],[2,0],[1,0],[1,0],[1,0],[1,0],[1,0],[1,0],[1,0],[1,0],[1,0],[1,0],[1,0],[1,0],[1,-1],[1,0],[1,0],[1,0],[1,0],[1,0],[1,0],[1,0],[2,0],[1,0],[1,-1]],[[7671,5599],[0,-1],[0,-1],[-1,-1],[0,-1],[-1,-1],[0,-1],[0,-1],[-1,-1],[-1,-1],[0,-1],[-1,-1],[-1,-1],[0,-1],[-1,-1],[-1,0],[0,-1],[-1,-1],[-1,0],[0,-1],[-1,-1],[-1,0],[-1,-1],[-1,-1],[-1,0],[-1,-1],[-1,-1],[-1,0],[-1,-1],[-1,0],[-1,-1],[-1,0],[-1,-1],[-1,0],[-1,-1],[-1,0],[-1,0],[-1,-1],[-1,0],[-1,0],[-1,0],[-2,-1],[-1,0],[-1,0],[-1,0],[-1,-1],[-1,0],[-1,0],[-1,0],[-1,0],[-2,0],[-1,0],[-1,0],[-1,0],[-1,0],[-1,0],[-2,0],[-1,0],[-1,0],[-1,0],[-1,0],[-1,0],[0,1],[-1,0],[-1,0],[-1,0],[-1,0],[-1,0],[-1,1],[-1,0],[-1,0],[-1,0],[0,1],[-1,0],[-1,0],[-1,0],[-1,1],[-1,0],[-1,1],[-1,0],[-1,1],[-1,0],[-1,0],[0,1],[-1,0],[-1,1],[-1,0],[0,1],[-1,0],[0,1],[-1,0],[-1,1],[-1,0],[0,1],[-1,0],[0,1],[-1,0],[0,1],[-1,0],[0,1],[-1,0],[0,1],[-1,0],[0,1],[-1,0],[0,1],[-1,1],[0,1],[-1,0],[0,1],[0,1],[-1,0],[0,1],[0,1],[-1,0],[0,1],[0,1],[-1,1],[0,1],[0,1],[0,1],[0,1],[-1,0],[0,1],[0,1],[0,1],[0,1],[0,1],[0,1],[0,1],[1,0],[0,1],[0,1],[0,1],[0,1],[1,1],[0,1],[0,1],[1,1],[1,1],[0,1],[1,1],[0,1],[1,0],[0,1],[1,1],[0,1],[1,0],[0,1],[1,1],[1,0],[0,1],[1,1],[1,0],[1,1],[0,1],[1,0],[1,1],[1,0],[1,1],[1,0],[0,1],[1,0],[1,1],[1,0],[1,1],[1,0],[1,1],[1,0],[1,0],[1,1],[1,0],[1,0],[1,1],[1,0],[1,0],[1,1],[1,0],[2,0],[1,0],[1,0],[1,1],[1,0],[1,0],[1,0],[1,0],[2,0],[1,0],[1,0],[1,0],[1,0],[1,0],[2,0],[1,0],[1,0],[1,0],[1,0],[0,-1],[1,0],[1,0],[1,0],[1,0],[1,0],[0,-1],[1,0],[1,0],[1,0],[1,-1],[1,0],[1,0],[1,-1],[1,0],[1,0],[0,-1],[1,0],[1,0],[1,-1],[1,0],[1,-1],[1,-1],[1,0],[1,-1],[1,-1],[1,0],[1,-1],[1,-1],[1,0],[0,-1],[1,0],[0,-1],[1,0],[1,-1],[0,-1],[1,0],[0,-1],[1,-1],[1,-1],[0,-1],[1,-1],[1,-1],[0,-1],[0,-1],[1,0],[0,-1],[0,-1],[1,-1],[0,-1],[0,-1],[0,-1],[0,-1],[0,-1],[1,0],[0,-1],[0,-1],[0,-1],[0,-1],[0,-1],[-1,-1],[0,-1],[0,-1]]]}