<?xml version="1.0" encoding="UTF-8"?>
<metadata xml:lang="en"><Esri><CreaDate>20130917</CreaDate><CreaTime>15012300</CreaTime><ArcGISFormat>1.0</ArcGISFormat><SyncOnce>FALSE</SyncOnce><DataProperties><itemProps><itemName Sync="TRUE">Land Polygons</itemName><imsContentType Sync="TRUE">002</imsContentType><itemLocation><linkage Sync="TRUE">file://\\SHC-M376-014\Users\student\Desktop\Clean GM\Land Polygons.shp</linkage><protocol Sync="TRUE">Local Area Network</protocol></itemLocation><itemSize Sync="TRUE">0.000</itemSize></itemProps><coordRef><type Sync="TRUE">Projected</type><geogcsn Sync="TRUE">GCS_North_American_1983</geogcsn><projcsn Sync="TRUE">North_America_Lambert_Conformal_Conic</projcsn><peXml Sync="TRUE">&lt;ProjectedCoordinateSystem xsi:type='typens:ProjectedCoordinateSystem' xmlns:xsi='http://www.w3.org/2001/XMLSchema-instance' xmlns:xs='http://www.w3.org/2001/XMLSchema' xmlns:typens='http://www.esri.com/schemas/ArcGIS/10.1'&gt;&lt;WKT&gt;PROJCS[&amp;quot;North_America_Lambert_Conformal_Conic&amp;quot;,GEOGCS[&amp;quot;GCS_North_American_1983&amp;quot;,DATUM[&amp;quot;D_North_American_1983&amp;quot;,SPHEROID[&amp;quot;GRS_1980&amp;quot;,6378137.0,298.257222101]],PRIMEM[&amp;quot;Greenwich&amp;quot;,0.0],UNIT[&amp;quot;Degree&amp;quot;,0.0174532925199433]],PROJECTION[&amp;quot;Lambert_Conformal_Conic&amp;quot;],PARAMETER[&amp;quot;False_Easting&amp;quot;,0.0],PARAMETER[&amp;quot;False_Northing&amp;quot;,0.0],PARAMETER[&amp;quot;Central_Meridian&amp;quot;,-96.0],PARAMETER[&amp;quot;Standard_Parallel_1&amp;quot;,20.0],PARAMETER[&amp;quot;Standard_Parallel_2&amp;quot;,60.0],PARAMETER[&amp;quot;Latitude_Of_Origin&amp;quot;,40.0],UNIT[&amp;quot;Meter&amp;quot;,1.0],AUTHORITY[&amp;quot;ESRI&amp;quot;,102009]]&lt;/WKT&gt;&lt;XOrigin&gt;-35214300&lt;/XOrigin&gt;&lt;YOrigin&gt;-28218500&lt;/YOrigin&gt;&lt;XYScale&gt;127891215.42584959&lt;/XYScale&gt;&lt;ZOrigin&gt;-100000&lt;/ZOrigin&gt;&lt;ZScale&gt;10000&lt;/ZScale&gt;&lt;MOrigin&gt;-100000&lt;/MOrigin&gt;&lt;MScale&gt;10000&lt;/MScale&gt;&lt;XYTolerance&gt;0.001&lt;/XYTolerance&gt;&lt;ZTolerance&gt;0.001&lt;/ZTolerance&gt;&lt;MTolerance&gt;0.001&lt;/MTolerance&gt;&lt;HighPrecision&gt;true&lt;/HighPrecision&gt;&lt;WKID&gt;102009&lt;/WKID&gt;&lt;LatestWKID&gt;102009&lt;/LatestWKID&gt;&lt;/ProjectedCoordinateSystem&gt;</peXml><csUnits Sync="TRUE">Linear Unit: Meter (1.000000)</csUnits></coordRef><lineage><Process ToolSource="C:\Program Files\ArcGIS\Desktop10.0\ArcToolbox\Toolboxes\Data Management Tools.tbx\Merge" Date="20120618" Time="120327">Merge 'Layer 7';Admin1Break \\.psf\Home\Documents\ArcGIS\Default.gdb\Layer7_Merge "RecNum "RecNum" true true false 10 Double 0 10 ,First,#,Layer 7,RecNum,-1,-1,Admin1Break,RecNum,-1,-1;ISO3166_2 "ISO3166_2" true true false 2 Text 0 0 ,First,#,Admin1Break,ISO3166_2,-1,-1;NAME "NAME" true true false 50 Text 0 0 ,First,#,Admin1Break,NAME,-1,-1;COUNTRY "COUNTRY" true true false 2 Text 0 0 ,First,#,Admin1Break,COUNTRY,-1,-1"</Process><Process ToolSource="C:\Program Files\ArcGIS\Desktop10.0\ArcToolbox\Toolboxes\Data Management Tools.tbx\CalculateField" Date="20120618" Time="121742">CalculateField Layer7_Merge COUNTRY "US" VB #</Process><Process ToolSource="c:\program files (x86)\arcgis\desktop10.1\ArcToolbox\Toolboxes\Data Management Tools.tbx\CopyFeatures" Date="20130917" Time="142325">CopyFeatures Admin1 "C:\Users\student\Desktop\Geo-Metro\Database Fun.gdb\Set\Admin1" # 0 0 0</Process><Process ToolSource="c:\program files (x86)\arcgis\desktop10.1\ArcToolbox\Toolboxes\Data Management Tools.tbx\MultipartToSinglepart" Date="20130917" Time="143451">MultipartToSinglepart Admin1 C:\Users\student\Documents\ArcGIS\Default.gdb\Admin1_MultipartToSinglepart2</Process><Process ToolSource="c:\program files (x86)\arcgis\desktop10.1\ArcToolbox\Toolboxes\Data Management Tools.tbx\Merge" Date="20130917" Time="143554">Merge Admin1_MultipartToSinglepart2;Admin1_MultipartToSinglepart1 C:\Users\student\Documents\ArcGIS\Default.gdb\Admin1_MultipartToSinglepart3 "OBJECTID "OBJECTID" true true false 4 Long 0 0 ,First,#,Admin1_MultipartToSinglepart2,OBJECTID,-1,-1,Admin1_MultipartToSinglepart1,OBJECTID,-1,-1;RecNum "RecNum" true true false 8 Double 0 0 ,First,#,Admin1_MultipartToSinglepart2,RecNum,-1,-1,Admin1_MultipartToSinglepart1,RecNum,-1,-1;ISO3166_2 "ISO3166_2" true true false 2 Text 0 0 ,First,#,Admin1_MultipartToSinglepart2,ISO3166_2,-1,-1,Admin1_MultipartToSinglepart1,ISO3166_2,-1,-1;NAME "NAME" true true false 50 Text 0 0 ,First,#,Admin1_MultipartToSinglepart2,NAME,-1,-1,Admin1_MultipartToSinglepart1,NAME,-1,-1;COUNTRY "COUNTRY" true true false 2 Text 0 0 ,First,#,Admin1_MultipartToSinglepart2,COUNTRY,-1,-1,Admin1_MultipartToSinglepart1,COUNTRY,-1,-1;ORIG_FID "ORIG_FID" true true false 4 Long 0 0 ,First,#,Admin1_MultipartToSinglepart2,ORIG_FID,-1,-1,Admin1_MultipartToSinglepart1,ORIG_FID,-1,-1;Shape_Length "Shape_Length" false true true 8 Double 0 0 ,First,#,Admin1_MultipartToSinglepart2,Shape_Length,-1,-1,Admin1_MultipartToSinglepart1,Shape_Length,-1,-1;Shape_Area "Shape_Area" false true true 8 Double 0 0 ,First,#,Admin1_MultipartToSinglepart2,Shape_Area,-1,-1,Admin1_MultipartToSinglepart1,Shape_Area,-1,-1"</Process><Process ToolSource="c:\program files (x86)\arcgis\desktop10.1\ArcToolbox\Toolboxes\Data Management Tools.tbx\FeatureToPolygon" Date="20130917" Time="144038">FeatureToPolygon Admin1_MultipartToSinglepart3 C:\Users\student\Documents\ArcGIS\Default.gdb\Admin1_MultifdoSinglepart # ATTRIBUTES #</Process><Process ToolSource="c:\program files (x86)\arcgis\desktop10.1\ArcToolbox\Toolboxes\Data Management Tools.tbx\Merge" Date="20130917" Time="144353">Merge Trouble;Admin1 C:\Users\student\Documents\ArcGIS\Default.gdb\Trouble_Merge "OBJECTID_1 "OBJECTID_1" true true false 9 Long 0 9 ,First,#,Trouble,OBJECTID_1,-1,-1;FID_Admin1 "FID_Admin1" true true false 9 Long 0 9 ,First,#,Trouble,FID_Admin1,-1,-1;OBJECTID "OBJECTID" true true false 9 Long 0 9 ,First,#,Trouble,OBJECTID,-1,-1,Admin1,OBJECTID,-1,-1;RecNum "RecNum" true true false 19 Double 0 0 ,First,#,Trouble,RecNum,-1,-1,Admin1,RecNum,-1,-1;ISO3166_2 "ISO3166_2" true true false 2 Text 0 0 ,First,#,Trouble,ISO3166_2,-1,-1,Admin1,ISO3166_2,-1,-1;NAME "NAME" true true false 50 Text 0 0 ,First,#,Trouble,NAME,-1,-1,Admin1,NAME,-1,-1;COUNTRY "COUNTRY" true true false 2 Text 0 0 ,First,#,Trouble,COUNTRY,-1,-1,Admin1,COUNTRY,-1,-1;ORIG_FID "ORIG_FID" true true false 9 Long 0 9 ,First,#,Trouble,ORIG_FID,-1,-1;Shape_Leng "Shape_Leng" true true false 19 Double 0 0 ,First,#,Trouble,Shape_Leng,-1,-1;Shape_Area "Shape_Area" true true false 19 Double 0 0 ,First,#,Trouble,Shape_Area,-1,-1,Admin1,Shape_Area,-1,-1;Shape_Length "Shape_Length" false true true 8 Double 0 0 ,First,#,Admin1,Shape_Length,-1,-1"</Process><Process ToolSource="c:\program files (x86)\arcgis\desktop10.1\ArcToolbox\Toolboxes\Conversion Tools.tbx\FeatureClassToFeatureClass" Date="20130917" Time="144420">FeatureClassToFeatureClass Trouble_Merge "C:\Users\student\Desktop\Geo-Metro\Database Fun.gdb\Set" fdas # "OBJECTID_1 "OBJECTID_1" true true false 4 Long 0 0 ,First,#,C:\Users\student\Documents\ArcGIS\Default.gdb\Trouble_Merge,OBJECTID_1,-1,-1;FID_Admin1 "FID_Admin1" true true false 4 Long 0 0 ,First,#,C:\Users\student\Documents\ArcGIS\Default.gdb\Trouble_Merge,FID_Admin1,-1,-1;OBJECTID "OBJECTID" true true false 4 Long 0 0 ,First,#,C:\Users\student\Documents\ArcGIS\Default.gdb\Trouble_Merge,OBJECTID,-1,-1;RecNum "RecNum" true true false 8 Double 0 0 ,First,#,C:\Users\student\Documents\ArcGIS\Default.gdb\Trouble_Merge,RecNum,-1,-1;ISO3166_2 "ISO3166_2" true true false 2 Text 0 0 ,First,#,C:\Users\student\Documents\ArcGIS\Default.gdb\Trouble_Merge,ISO3166_2,-1,-1;NAME "NAME" true true false 50 Text 0 0 ,First,#,C:\Users\student\Documents\ArcGIS\Default.gdb\Trouble_Merge,NAME,-1,-1;COUNTRY "COUNTRY" true true false 2 Text 0 0 ,First,#,C:\Users\student\Documents\ArcGIS\Default.gdb\Trouble_Merge,COUNTRY,-1,-1;ORIG_FID "ORIG_FID" true true false 4 Long 0 0 ,First,#,C:\Users\student\Documents\ArcGIS\Default.gdb\Trouble_Merge,ORIG_FID,-1,-1;Shape_Leng "Shape_Leng" true true false 8 Double 0 0 ,First,#,C:\Users\student\Documents\ArcGIS\Default.gdb\Trouble_Merge,Shape_Leng,-1,-1;Shape_Length "Shape_Length" false true true 8 Double 0 0 ,First,#,C:\Users\student\Documents\ArcGIS\Default.gdb\Trouble_Merge,Shape_Length,-1,-1;Shape_Area "Shape_Area" false true true 8 Double 0 0 ,First,#,C:\Users\student\Documents\ArcGIS\Default.gdb\Trouble_Merge,Shape_Area,-1,-1" #</Process><Process ToolSource="c:\program files (x86)\arcgis\desktop10.1\ArcToolbox\Toolboxes\Data Management Tools.tbx\Dissolve" Date="20130917" Time="145547">Dissolve Admin1_Polygons C:\Users\student\Documents\ArcGIS\Default.gdb\Admin1_Polygons_Dissolve COUNTRY # MULTI_PART DISSOLVE_LINES</Process><Process ToolSource="c:\program files (x86)\arcgis\desktop10.1\ArcToolbox\Toolboxes\Data Management Tools.tbx\Merge" Date="20130917" Time="145601">Merge Admin1_Polygons_Dissolve;Admin0 C:\Users\student\Documents\ArcGIS\Default.gdb\Admin1_Polygons_Dissolve_Mer "COUNTRY "COUNTRY" true true false 2 Text 0 0 ,First,#,Admin1_Polygons_Dissolve,COUNTRY,-1,-1;Shape_Length "Shape_Length" false true true 8 Double 0 0 ,First,#,Admin1_Polygons_Dissolve,Shape_Length,-1,-1,Admin0,Shape_Length,-1,-1;Shape_Area "Shape_Area" false true true 8 Double 0 0 ,First,#,Admin1_Polygons_Dissolve,Shape_Area,-1,-1,Admin0,Shape_Area,-1,-1;ISO3166_A2 "ISO3166_A2" true true false 2 Text 0 0 ,First,#,Admin0,ISO3166_A2,-1,-1;Name "Name" true true false 50 Text 0 0 ,First,#,Admin0,Name,-1,-1;FORMAL "FORMAL" true true false 50 Text 0 0 ,First,#,Admin0,FORMAL,-1,-1;SOVEREIGN "SOVEREIGN" true true false 50 Text 0 0 ,First,#,Admin0,SOVEREIGN,-1,-1;ISO3166_A3 "ISO3166_A3" true true false 3 Text 0 0 ,First,#,Admin0,ISO3166_A3,-1,-1"</Process><Process ToolSource="c:\program files (x86)\arcgis\desktop10.1\ArcToolbox\Toolboxes\Conversion Tools.tbx\FeatureClassToFeatureClass" Date="20130917" Time="145655">FeatureClassToFeatureClass Admin1_Polygons_Dissolve_Mer "C:\Users\student\Desktop\Geo-Metro\Database Fun.gdb\Set" Admin0Check # "ISO3166_A2 "ISO3166_A2" true true false 2 Text 0 0 ,First,#,C:\Users\student\Documents\ArcGIS\Default.gdb\Admin1_Polygons_Dissolve_Mer,ISO3166_A2,-1,-1;Name "Name" true true false 50 Text 0 0 ,First,#,C:\Users\student\Documents\ArcGIS\Default.gdb\Admin1_Polygons_Dissolve_Mer,Name,-1,-1;FORMAL "FORMAL" true true false 50 Text 0 0 ,First,#,C:\Users\student\Documents\ArcGIS\Default.gdb\Admin1_Polygons_Dissolve_Mer,FORMAL,-1,-1;SOVEREIGN "SOVEREIGN" true true false 50 Text 0 0 ,First,#,C:\Users\student\Documents\ArcGIS\Default.gdb\Admin1_Polygons_Dissolve_Mer,SOVEREIGN,-1,-1;ISO3166_A3 "ISO3166_A3" true true false 3 Text 0 0 ,First,#,C:\Users\student\Documents\ArcGIS\Default.gdb\Admin1_Polygons_Dissolve_Mer,ISO3166_A3,-1,-1;Shape_Length "Shape_Length" false true true 8 Double 0 0 ,First,#,C:\Users\student\Documents\ArcGIS\Default.gdb\Admin1_Polygons_Dissolve_Mer,Shape_Length,-1,-1;Shape_Area "Shape_Area" false true true 8 Double 0 0 ,First,#,C:\Users\student\Documents\ArcGIS\Default.gdb\Admin1_Polygons_Dissolve_Mer,Shape_Area,-1,-1" #</Process><Process ToolSource="c:\program files (x86)\arcgis\desktop10.1\ArcToolbox\Toolboxes\Data Management Tools.tbx\Dissolve" Date="20130917" Time="151743">Dissolve Admin0_Polygons "C:\Users\student\Desktop\Clean GM\Land Polygons.shp" # # SINGLE_PART DISSOLVE_LINES</Process></lineage></DataProperties><SyncDate>20130917</SyncDate><SyncTime>15174200</SyncTime><ModDate>20130917</ModDate><ModTime>15174200</ModTime></Esri><dataIdInfo><envirDesc Sync="TRUE">Microsoft Windows 7 Version 6.1 (Build 7601) Service Pack 1; Esri ArcGIS 10.1.1.3143</envirDesc><dataLang><languageCode value="en" country="US"></languageCode><countryCode value="USA" Sync="TRUE"></countryCode></dataLang><idCitation><resTitle Sync="TRUE">Land Polygons</resTitle><presForm><PresFormCd value="005"></PresFormCd></presForm></idCitation><descKeys><thesaName uuidref="723f6998-058e-11dc-8314-0800200c9a66"></thesaName><keyword Sync="TRUE">002</keyword></descKeys><spatRpType><SpatRepTypCd value="001"></SpatRepTypCd></spatRpType></dataIdInfo><mdLang><languageCode value="en"></languageCode><countryCode value="USA" Sync="TRUE"></countryCode></mdLang><distInfo><distFormat><formatName Sync="TRUE">Shapefile</formatName></distFormat><distTranOps><transSize Sync="TRUE">0.000</transSize></distTranOps></distInfo><mdHrLv><ScopeCd value="005"></ScopeCd></mdHrLv><mdHrLvName Sync="TRUE">dataset</mdHrLvName><refSysInfo><RefSystem><refSysID><identCode code="0"></identCode><idCodeSpace Sync="TRUE">ESRI</idCodeSpace><idVersion Sync="TRUE">10.1.1</idVersion></refSysID></RefSystem></refSysInfo><spdoinfo><ptvctinf><esriterm Name="Land Polygons"><efeatyp Sync="TRUE">Simple</efeatyp><efeageom code="4" Sync="TRUE"></efeageom><esritopo Sync="TRUE">FALSE</esritopo><efeacnt Sync="TRUE">0</efeacnt><spindex Sync="TRUE">FALSE</spindex><linrefer Sync="TRUE">FALSE</linrefer></esriterm></ptvctinf></spdoinfo><spatRepInfo><VectSpatRep><geometObjs Name="Land Polygons"><geoObjTyp><GeoObjTypCd value="002" Sync="TRUE"></GeoObjTypCd></geoObjTyp><geoObjCnt Sync="TRUE">0</geoObjCnt></geometObjs><topLvl><TopoLevCd value="001" Sync="TRUE"></TopoLevCd></topLvl></VectSpatRep></spatRepInfo><eainfo><detailed Name="Land Polygons"><enttyp><enttypl Sync="TRUE">Land Polygons</enttypl><enttypt Sync="TRUE">Feature Class</enttypt><enttypc Sync="TRUE">0</enttypc></enttyp><attr><attrlabl Sync="TRUE">FID</attrlabl><attalias Sync="TRUE">FID</attalias><attrtype Sync="TRUE">OID</attrtype><attwidth Sync="TRUE">4</attwidth><atprecis Sync="TRUE">0</atprecis><attscale Sync="TRUE">0</attscale><attrdef Sync="TRUE">Internal feature number.</attrdef><attrdefs Sync="TRUE">Esri</attrdefs><attrdomv><udom Sync="TRUE">Sequential unique whole numbers that are automatically generated.</udom></attrdomv></attr><attr><attrlabl Sync="TRUE">Shape</attrlabl><attalias Sync="TRUE">Shape</attalias><attrtype Sync="TRUE">Geometry</attrtype><attwidth Sync="TRUE">0</attwidth><atprecis Sync="TRUE">0</atprecis><attscale Sync="TRUE">0</attscale><attrdef Sync="TRUE">Feature geometry.</attrdef><attrdefs Sync="TRUE">ESRI</attrdefs><attrdomv><udom Sync="TRUE">Coordinates defining the features.</udom></attrdomv></attr><attr><attrlabl Sync="TRUE">Id</attrlabl><attalias Sync="TRUE">Id</attalias><attrtype Sync="TRUE">Integer</attrtype><attwidth Sync="TRUE">6</attwidth><atprecis Sync="TRUE">6</atprecis><attscale Sync="TRUE">0</attscale></attr></detailed></eainfo><mdDateSt Sync="TRUE">20130917</mdDateSt><mdChar><CharSetCd value="004" Sync="TRUE"></CharSetCd></mdChar></metadata>
