{"type":"Topology","transform":{"scale":[0.028043048004800473,0.004313936093609361],"translate":[-138.661681,29.703514]},"objects":{"admin1_lines":{"type":"GeometryCollection","geometries":[{"type":"LineString","arcs":[0]},{"type":"LineString","arcs":[1]},{"type":"LineString","arcs":[2]},{"type":"LineString","arcs":[3]},{"type":"LineString","arcs":[4]},{"type":"LineString","arcs":[5]},{"type":"LineString","arcs":[6]},{"type":"LineString","arcs":[7,8]},{"type":"LineString","arcs":[9,10]},{"type":"LineString","arcs":[11]},{"type":"LineString","arcs":[12]},{"type":"LineString","arcs":[13]},{"type":"LineString","arcs":[14]},{"type":"LineString","arcs":[15]},{"type":"LineString","arcs":[16]},{"type":"LineString","arcs":[17]},{"type":"LineString","arcs":[18]},{"type":"LineString","arcs":[19]},{"type":"LineString","arcs":[20]},{"type":"LineString","arcs":[21]},{"type":"LineString","arcs":[22]},{"type":"LineString","arcs":[23]},{"type":"LineString","arcs":[24]},{"type":"LineString","arcs":[25]},{"type":"LineString","arcs":[26]},{"type":"LineString","arcs":[27]},{"type":"LineString","arcs":[28]},{"type":"LineString","arcs":[29]},{"type":"LineString","arcs":[30]},{"type":"LineString","arcs":[31]},{"type":"LineString","arcs":[32]},{"type":"LineString","arcs":[33]},{"type":"LineString","arcs":[34]},{"type":"LineString","arcs":[35]},{"type":"LineString","arcs":[36]},{"type":"LineString","arcs":[37]},{"type":"LineString","arcs":[38]},{"type":"LineString","arcs":[39]},{"type":"LineString","arcs":[40]},{"type":"LineString","arcs":[41,42,43]},{"type":"LineString","arcs":[44,43]},{"type":"LineString","arcs":[45]},{"type":"LineString","arcs":[46]},{"type":"LineString","arcs":[47]},{"type":"LineString","arcs":[48]},{"type":"LineString","arcs":[49]},{"type":"LineString","arcs":[50]},{"type":"LineString","arcs":[51]},{"type":"LineString","arcs":[52]},{"type":"LineString","arcs":[53]},{"type":"LineString","arcs":[54]},{"type":"LineString","arcs":[55]},{"type":"LineString","arcs":[56]},{"type":"LineString","arcs":[57]},{"type":"LineString","arcs":[58]},{"type":"LineString","arcs":[59]},{"type":"LineString","arcs":[60]},{"type":"LineString","arcs":[61]},{"type":"LineString","arcs":[62]},{"type":"LineString","arcs":[63]},{"type":"LineString","arcs":[64]},{"type":"LineString","arcs":[65]},{"type":"LineString","arcs":[66]},{"type":"LineString","arcs":[67]},{"type":"LineString","arcs":[68]},{"type":"LineString","arcs":[69]},{"type":"LineString","arcs":[70]},{"type":"LineString","arcs":[71]},{"type":"LineString","arcs":[72,-42]},{"type":"LineString","arcs":[73]},{"type":"LineString","arcs":[74]},{"type":"LineString","arcs":[75]},{"type":"LineString","arcs":[76,77]},{"type":"LineString","arcs":[78,79]},{"type":"LineString","arcs":[80]},{"type":"LineString","arcs":[81]},{"type":"LineString","arcs":[82]},{"type":"LineString","arcs":[83]},{"type":"LineString","arcs":[84]},{"type":"LineString","arcs":[85]},{"type":"LineString","arcs":[86]},{"type":"LineString","arcs":[87]},{"type":"LineString","arcs":[88]},{"type":"LineString","arcs":[89]},{"type":"LineString","arcs":[90]},{"type":"LineString","arcs":[91]},{"type":"LineString","arcs":[92]},{"type":"LineString","arcs":[93]},{"type":"LineString","arcs":[94]},{"type":"LineString","arcs":[95]},{"type":"LineString","arcs":[96,97]},{"type":"LineString","arcs":[98,99]},{"type":"LineString","arcs":[100,101]},{"type":"LineString","arcs":[102]},{"type":"LineString","arcs":[103]},{"type":"LineString","arcs":[104]},{"type":"LineString","arcs":[105,106]},{"type":"LineString","arcs":[105,107]},{"type":"LineString","arcs":[108]},{"type":"LineString","arcs":[109]},{"type":"LineString","arcs":[110]},{"type":"LineString","arcs":[111]},{"type":"LineString","arcs":[112]},{"type":"LineString","arcs":[113]},{"type":"LineString","arcs":[114]},{"type":"LineString","arcs":[115]},{"type":"LineString","arcs":[116,117,118]},{"type":"LineString","arcs":[119]},{"type":"LineString","arcs":[120]},{"type":"LineString","arcs":[121]},{"type":"LineString","arcs":[122]},{"type":"LineString","arcs":[123,124]},{"type":"LineString","arcs":[125]},{"type":"LineString","arcs":[-125,126]},{"type":"LineString","arcs":[127,128]},{"type":"LineString","arcs":[129,130]},{"type":"LineString","arcs":[131]},{"type":"LineString","arcs":[132]},{"type":"LineString","arcs":[133]},{"type":"LineString","arcs":[134]},{"type":"LineString","arcs":[135]},{"type":"LineString","arcs":[136]},{"type":"LineString","arcs":[137]},{"type":"LineString","arcs":[138]},{"type":"LineString","arcs":[139]},{"type":"LineString","arcs":[140]},{"type":"LineString","arcs":[141]},{"type":"LineString","arcs":[142]},{"type":"LineString","arcs":[143]},{"type":"LineString","arcs":[144]},{"type":"LineString","arcs":[145]},{"type":"LineString","arcs":[146]},{"type":"LineString","arcs":[147]},{"type":"LineString","arcs":[148]},{"type":"LineString","arcs":[149]},{"type":"LineString","arcs":[150]},{"type":"LineString","arcs":[151]},{"type":"LineString","arcs":[152]},{"type":"LineString","arcs":[153]},{"type":"LineString","arcs":[154]},{"type":"LineString","arcs":[155]},{"type":"LineString","arcs":[156]},{"type":"LineString","arcs":[157]},{"type":"LineString","arcs":[158]},{"type":"LineString","arcs":[159]},{"type":"LineString","arcs":[160]},{"type":"LineString","arcs":[161]},{"type":"LineString","arcs":[162]},{"type":"LineString","arcs":[163]},{"type":"LineString","arcs":[164]},{"type":"LineString","arcs":[165]},{"type":"LineString","arcs":[166]},{"type":"LineString","arcs":[167]},{"type":"LineString","arcs":[168]},{"type":"LineString","arcs":[169]},{"type":"LineString","arcs":[170]},{"type":"LineString","arcs":[171]},{"type":"LineString","arcs":[172]},{"type":"LineString","arcs":[173]},{"type":"LineString","arcs":[174]},{"type":"LineString","arcs":[175]},{"type":"LineString","arcs":[176]},{"type":"LineString","arcs":[177]},{"type":"LineString","arcs":[178]},{"type":"LineString","arcs":[179]},{"type":"LineString","arcs":[180]},{"type":"LineString","arcs":[181]},{"type":"LineString","arcs":[182]},{"type":"LineString","arcs":[183]},{"type":"LineString","arcs":[184]},{"type":"LineString","arcs":[185]},{"type":"LineString","arcs":[186]},{"type":"LineString","arcs":[187]},{"type":"LineString","arcs":[188]},{"type":"LineString","arcs":[189]},{"type":"LineString","arcs":[190]},{"type":"LineString","arcs":[191]},{"type":"LineString","arcs":[192]},{"type":"LineString","arcs":[193]},{"type":"LineString","arcs":[194]},{"type":"LineString","arcs":[195]},{"type":"LineString","arcs":[196]},{"type":"LineString","arcs":[197]},{"type":"LineString","arcs":[198]},{"type":"LineString","arcs":[199]},{"type":"LineString","arcs":[200]},{"type":"LineString","arcs":[201]},{"type":"LineString","arcs":[202]},{"type":"LineString","arcs":[203]},{"type":"LineString","arcs":[204]},{"type":"LineString","arcs":[205]},{"type":"LineString","arcs":[206]},{"type":"LineString","arcs":[207]},{"type":"LineString","arcs":[208]},{"type":"LineString","arcs":[209]},{"type":"LineString","arcs":[210]},{"type":"LineString","arcs":[211]},{"type":"LineString","arcs":[212]},{"type":"LineString","arcs":[213]},{"type":"LineString","arcs":[214]},{"type":"LineString","arcs":[215]},{"type":"LineString","arcs":[216]},{"type":"LineString","arcs":[217]},{"type":"LineString","arcs":[218]},{"type":"LineString","arcs":[219]},{"type":"LineString","arcs":[220]},{"type":"LineString","arcs":[221]},{"type":"LineString","arcs":[222]},{"type":"LineString","arcs":[223]},{"type":"LineString","arcs":[224]},{"type":"LineString","arcs":[225]},{"type":"LineString","arcs":[226]},{"type":"LineString","arcs":[227]},{"type":"LineString","arcs":[228]},{"type":"LineString","arcs":[229]},{"type":"LineString","arcs":[230]},{"type":"LineString","arcs":[231]},{"type":"LineString","arcs":[232]},{"type":"LineString","arcs":[233]},{"type":"LineString","arcs":[234]},{"type":"LineString","arcs":[235]},{"type":"LineString","arcs":[236]},{"type":"LineString","arcs":[237]},{"type":"LineString","arcs":[238]},{"type":"LineString","arcs":[239]},{"type":"LineString","arcs":[240]},{"type":"LineString","arcs":[241]},{"type":"LineString","arcs":[242]},{"type":"LineString","arcs":[243]},{"type":"LineString","arcs":[244]},{"type":"LineString","arcs":[245]},{"type":"LineString","arcs":[246]},{"type":"LineString","arcs":[247]},{"type":"LineString","arcs":[248]},{"type":"LineString","arcs":[249]},{"type":"LineString","arcs":[250]},{"type":"LineString","arcs":[251]},{"type":"LineString","arcs":[252]},{"type":"LineString","arcs":[253]},{"type":"LineString","arcs":[254]},{"type":"LineString","arcs":[255]},{"type":"LineString","arcs":[256]},{"type":"LineString","arcs":[257]},{"type":"LineString","arcs":[258]}]}},"arcs":[[[1912,294],[0,-1],[0,-1],[1,-3],[1,-4],[2,-4],[1,-5],[2,-6],[2,-5],[2,-6],[3,-6],[4,-6],[3,-5],[5,-5],[4,-5],[6,-4],[6,-3],[6,-3],[8,-1],[7,-2],[7,-1],[6,-1],[5,-2],[5,-1],[4,-1],[3,-1],[4,-1],[2,0],[3,0],[2,0],[2,1],[1,2],[2,2],[1,4],[1,4],[1,2],[1,2],[1,2],[0,2],[1,1],[1,1],[1,1],[1,0],[1,1],[1,0],[1,0],[2,0],[1,0],[1,-1],[1,0],[0,-1]],[[1741,119],[0,12],[0,12],[0,12],[1,13],[0,13],[0,13],[0,13],[0,12],[1,12],[0,11],[0,10],[0,9],[0,9],[0,7],[0,5],[0,4],[0,4],[-3,4],[-3,2],[-4,2],[-5,1],[-5,1],[-6,0],[-6,0],[-6,0],[-6,-1],[-6,0],[-5,-1],[-4,0],[-4,0],[-2,0]],[[1830,143],[-1,12],[-1,12],[0,12],[-1,13],[-1,12],[0,13],[-1,12],[0,11],[-1,11],[0,10],[-1,9],[0,8],[0,7],[0,5],[0,3],[1,2],[1,1],[3,1],[4,1],[6,1],[6,1],[7,1],[7,0],[8,0],[8,1],[7,-1],[7,0],[7,-1],[6,-1],[5,-1],[3,-2],[3,-2]],[[9613,472],[1,-4],[1,-4],[0,-4],[1,-4],[0,-5],[1,-5],[0,-4],[1,-5],[0,-5],[1,-5],[0,-5],[1,-5],[0,-5],[0,-5],[0,-5]],[[9605,547],[0,-3],[0,-4],[1,-4],[0,-4],[1,-5],[0,-5],[1,-5],[0,-5],[1,-5],[0,-5],[1,-5],[0,-5],[1,-5],[1,-4],[0,-4],[1,-3],[0,-4]],[[9588,563],[1,0],[1,0],[1,0],[1,0],[1,-1],[1,0],[1,-1],[1,-1],[1,-1],[1,-1],[1,-1],[2,-2],[1,-1],[1,-2],[1,-3],[0,-1],[1,0],[0,-1]],[[9636,708],[1,0],[1,0],[1,0],[1,0],[1,-1],[1,0],[0,-1],[1,0],[0,-1],[1,0],[0,-1],[0,-1],[1,0],[0,-1]],[[9626,722],[0,-1],[0,-1]],[[9626,720],[-1,-2],[0,-4],[-1,-5],[0,-6],[-1,-7],[-1,-7],[0,-8],[-1,-9],[-1,-9],[-1,-8],[0,-9],[-1,-8],[0,-8],[-1,-7],[0,-6],[0,-6],[0,-5],[0,-7],[-1,-6],[0,-6],[-1,-6],[-1,-6],[-1,-6],[-1,-5],[-1,-5],[-1,-4],[-1,-3],[-1,-3],[-1,-2],[-1,0],[-1,0]],[[9626,722],[0,-2]],[[9626,720],[1,-1],[0,-1],[1,-1],[1,-1],[0,-1],[1,-1],[1,-1],[0,-2],[1,0],[1,-1],[1,-1],[1,0],[1,-1]],[[1597,0],[1,19],[1,23],[1,25],[0,28],[1,29],[0,31],[0,31],[1,32],[0,31],[-1,31],[0,30],[0,28],[-1,26],[0,23],[-1,20],[-1,17],[0,1],[0,1],[0,1],[0,2],[0,1],[0,1],[0,2],[0,1],[0,1],[0,2],[0,1],[0,2],[0,1],[0,2],[-1,1],[0,2],[0,1],[0,1],[0,1],[0,1],[0,1],[0,1],[0,1],[0,1],[0,1],[0,1],[0,1],[0,1],[0,1],[0,1],[0,1],[0,1],[0,1],[0,1],[0,1],[0,2],[0,3],[-1,2],[0,3],[0,3],[0,2],[0,3],[0,3],[0,3],[0,2],[0,3],[0,3],[0,3],[0,3],[-1,3],[0,3],[0,1],[0,1],[0,1],[0,1],[0,1],[0,1],[0,1],[0,1],[0,1],[0,1],[0,1],[0,1],[0,2],[0,2],[0,2],[0,3],[0,2],[0,2],[0,2],[0,3],[0,2],[0,2],[0,3],[-1,2],[0,2],[0,3],[0,2],[0,2],[0,1],[0,1],[0,1],[0,1],[0,1],[0,1],[0,1],[0,1],[0,1],[0,1],[0,2],[0,2],[0,1],[0,2],[0,2],[0,1],[0,2],[0,2],[0,2],[0,1],[0,2],[0,2],[0,1],[0,2],[0,2],[-1,1],[0,1],[0,1],[0,1],[0,1],[0,1],[0,1],[0,1],[0,1],[0,1],[0,1],[0,1],[0,1],[0,1],[0,1],[0,2],[0,1],[0,1],[0,2],[0,1],[0,1],[0,2],[0,1],[0,2],[0,1],[0,1],[0,2],[0,1],[0,2],[0,1],[0,1],[0,1],[0,1],[0,1],[0,1],[0,1],[0,1],[0,1],[0,1],[0,1],[0,2],[0,2],[0,2],[0,2],[-1,2],[0,2],[0,2],[0,2],[0,2],[0,2],[0,2],[0,2],[0,2],[0,2],[0,2],[0,2],[0,1],[0,1],[0,1],[0,1],[0,1],[0,1],[0,1],[0,1],[0,1],[0,1],[0,1],[0,1],[0,1],[0,1],[0,1],[0,1],[0,1],[0,1],[0,1],[0,1],[0,1],[0,1],[0,1],[0,1],[0,1],[0,1],[0,1],[0,1],[0,1],[0,1],[0,1],[0,1],[0,1],[0,1],[0,2],[0,1],[0,2],[0,1],[-1,1],[0,2],[0,1],[0,1],[0,2],[0,1],[0,1],[0,2],[0,1],[0,1],[0,1],[0,1],[0,1],[0,1],[0,1],[0,1],[0,1],[0,1],[0,1],[0,1],[0,1],[0,1],[0,1],[0,1],[0,1],[0,1],[0,1],[0,1],[0,1],[0,1],[0,1],[0,1],[0,1],[0,1],[0,1],[0,1],[0,1],[0,1],[0,1],[0,1],[0,1],[0,1],[0,1],[0,1]],[[1678,298],[-1,0],[-1,1],[0,1],[0,2],[0,3],[0,3],[0,3],[0,3],[0,4],[0,4],[0,4],[1,5],[0,4],[0,4],[0,5],[0,4],[0,4],[0,4],[1,6],[0,8],[1,8],[1,9],[1,11],[2,11],[1,12],[2,12],[1,13],[2,14],[1,14],[2,14],[1,14],[2,14],[1,14],[2,14],[0,14],[1,15],[0,15],[1,15],[0,15],[-1,15],[0,14],[0,14],[-1,14],[-1,13],[0,12],[-1,11],[0,11],[-1,9],[0,9],[0,1],[-1,1],[0,1],[0,2],[0,1],[0,1],[0,2],[0,1],[0,1],[0,2],[0,1],[0,1],[0,2],[0,1],[0,2],[0,1]],[[9581,761],[0,-3],[1,-2],[1,-2]],[[1694,761],[-6,1],[-6,1],[-6,1],[-7,0],[-8,0],[-7,0],[-8,0],[-8,-1],[-7,0],[-7,-1],[-7,-1],[-7,-1],[-6,0],[-5,-1],[-5,-1],[-3,0]],[[9620,778],[1,-7],[1,-7],[1,-7],[0,-7],[1,-7],[0,-6],[1,-6],[0,-4],[1,-3],[0,-2]],[[9595,762],[0,3],[1,4],[1,2],[0,3],[1,2],[1,1],[1,2],[1,1],[1,0],[1,1],[1,0],[1,0],[1,0],[1,-1],[1,0],[1,-1]],[[9609,779],[1,-1],[1,0],[0,-1],[1,0],[0,-1],[1,-1],[1,-1],[0,-1],[1,0],[-1,1],[0,1],[0,1],[0,2],[0,2],[0,2],[0,2],[0,2],[0,3],[0,2],[0,2],[1,2],[0,1],[0,2],[1,1],[1,0],[0,-2],[1,-3],[1,-4],[1,-6],[0,-6]],[[9571,834],[0,-7],[0,-8],[1,-7],[0,-7],[1,-6],[1,-6],[1,-6],[1,-5],[1,-5],[1,-5],[1,-4],[1,-4],[1,-3]],[[9581,873],[1,-1],[1,0],[1,-1],[2,0],[1,-1],[1,0],[1,-1],[1,0],[1,-1],[1,0],[1,-1],[1,0],[1,-1],[2,0],[1,-1],[1,0],[0,-1],[0,-2],[0,-3],[-1,-4],[0,-5],[0,-5],[0,-6],[-1,-7],[0,-6],[-1,-7],[0,-6],[-1,-7],[-1,-6],[0,-5],[-1,-5],[-1,-4]],[[9609,779],[-1,3],[0,4],[0,3],[0,5],[-1,4],[0,4],[0,5],[0,4],[0,5],[0,5],[0,5],[1,4],[0,5],[1,4],[0,4],[1,4],[2,4],[1,5],[1,4],[1,4],[1,5],[1,5],[0,4],[1,5],[1,4],[1,4],[0,4],[1,4],[0,4],[1,3],[0,3],[0,2]],[[1591,758],[0,1],[0,2],[0,1],[0,1],[0,1],[0,2],[0,1],[0,1],[0,1],[0,2],[0,1],[0,1],[0,1],[0,2],[0,1],[0,1],[0,1],[0,1],[0,1],[0,1],[0,1],[0,1],[0,2],[0,2],[0,2],[0,2],[0,1],[0,2],[0,2],[-1,2],[0,2],[0,2],[0,2],[0,2],[0,1],[0,2],[0,2],[0,2],[0,1],[0,1],[0,1],[0,1],[0,1],[0,1],[0,1],[0,1],[0,1],[0,1],[0,4],[0,3],[0,3],[0,4],[0,3],[0,3],[0,3],[0,2],[0,3],[0,3],[0,2],[0,2],[0,2],[0,2],[0,2],[0,2],[0,3],[0,3],[0,4],[-1,3],[0,3],[-1,3],[-1,3],[-1,4],[-1,3],[-1,3],[-2,3],[-1,2],[-2,3],[-1,3],[-2,3],[-2,2]],[[9792,918],[0,2],[-1,2],[0,3],[0,2],[-1,2],[0,3],[-1,2],[0,3],[0,3],[-1,2],[0,3],[0,2],[-1,3],[0,2],[0,2],[0,3]],[[9710,961],[1,-1],[1,-2],[1,-1],[1,-2],[1,-2],[1,-3],[1,-2],[1,-3],[1,-2],[1,-3],[1,-3],[1,-3],[0,-4],[1,-3],[0,-3],[1,-4],[0,-4],[1,-4],[1,-4],[0,-4],[1,-3],[1,-3],[0,-3],[1,-3],[1,-3],[0,-2],[1,-2],[1,-2],[0,-2],[1,-2],[0,-1],[1,-2]],[[9710,961],[-1,0],[-1,1],[-1,0],[-1,0],[-1,0],[-1,0],[-1,-1],[-1,-1],[-1,-1],[-1,-2],[-1,-2],[-1,-3],[0,-2],[-1,-4],[-1,-3],[0,-4],[-1,-8],[-2,-8],[-1,-8],[-1,-7],[-2,-6],[-1,-6],[-1,-6],[-2,-5],[-1,-4],[-1,-4],[-1,-3],[-1,-3],[0,-2],[-1,-2],[0,-1],[0,-11],[-1,-10],[0,-8],[-1,-8],[0,-6],[-1,-5],[0,-5],[-1,-3],[-1,-3],[0,-2],[-1,-2],[0,-1],[-1,0],[0,-1],[0,-4],[0,-5],[-1,-4],[0,-5],[0,-4],[0,-5],[0,-4],[0,-5],[0,-4],[0,-4],[0,-5],[0,-4],[0,-5],[0,-4],[0,-5],[0,-4]],[[1057,968],[0,-12],[-1,-20],[0,-26],[0,-33],[0,-37],[0,-41],[0,-45],[0,-47],[0,-48],[0,-48],[0,-48],[0,-47],[0,-45],[-1,-41],[0,-37],[0,-32]],[[1141,467],[0,3],[-1,2],[0,4],[0,4],[0,4],[0,4],[0,4],[0,5],[0,5],[0,4],[0,5],[0,4],[0,4],[0,4],[0,3],[0,3],[1,3],[4,2],[6,1],[7,1],[9,0],[10,-1],[11,-1],[12,-1],[11,-2],[11,-1],[11,-1],[9,-1],[8,-1],[7,-1],[5,0],[3,0],[1,5],[1,12],[1,19],[1,24],[0,29],[1,32],[0,36],[0,37],[0,39],[1,38],[0,38],[0,37],[0,34],[0,31],[0,27],[1,21]],[[9708,988],[0,-2],[1,-2],[0,-2],[0,-2],[0,-2],[0,-2],[0,-2],[0,-1],[0,-2],[0,-2],[1,-1],[0,-2],[0,-2],[0,-1],[0,-1],[0,-1]],[[9704,1012],[0,-1],[1,-1],[0,-1],[0,-1],[1,-1],[0,-2],[0,-1],[1,-2],[0,-2],[0,-1],[0,-2],[0,-2],[1,-2],[0,-1],[0,-2],[0,-2]],[[9708,988],[1,2],[2,3],[1,3],[2,3],[2,4],[2,4],[3,4],[2,5],[3,4],[2,4],[3,3],[3,4],[2,3],[3,2],[2,2],[2,1]],[[867,1056],[-1,-7],[0,-9],[-1,-13],[-1,-14],[-2,-16],[-1,-18],[-1,-19],[-1,-19],[-1,-20],[-1,-19],[-1,-19],[-1,-18],[0,-17],[0,-15],[0,-13],[1,-11],[1,-8],[0,-8],[1,-9],[0,-9],[1,-9],[0,-10],[0,-10],[0,-9],[0,-10],[0,-9],[-1,-9],[0,-9],[-1,-9],[-1,-8],[-1,-7],[-1,-7]],[[1789,155],[0,18],[0,22],[0,23],[0,26],[0,27],[0,27],[0,29],[0,28],[0,29],[0,27],[0,27],[0,25],[0,23],[1,20],[0,18],[0,15],[0,19],[1,26],[0,30],[1,35],[1,38],[1,40],[1,42],[0,42],[1,42],[1,40],[1,38],[1,35],[0,31],[0,26],[0,21],[0,13]],[[9761,1059],[1,0],[1,0],[2,0],[1,0],[1,0],[1,0],[2,1],[1,1],[2,1],[1,1],[1,1],[2,2],[1,2],[1,2],[1,2]],[[9780,1072],[0,-2],[0,-4],[0,-3],[0,-3],[0,-3],[0,-4],[0,-4],[0,-4],[0,-4],[0,-4],[0,-5],[-1,-4],[0,-5],[0,-5],[0,-5],[-1,-6],[0,-9],[0,-8],[0,-7],[0,-6],[1,-4],[0,-5],[1,-3],[1,-3],[0,-2],[1,-1],[1,-1],[1,-1],[1,0],[1,0],[1,0]],[[9660,1031],[-1,3],[-1,3],[-1,4],[0,4],[-1,4],[-1,4],[-1,5],[0,4],[-1,4],[0,4],[-1,4],[0,4],[0,4],[-1,3],[0,3],[0,3]],[[9651,1091],[0,-2],[-1,-2],[0,-3],[0,-2],[-1,-2],[0,-2],[-1,-3],[0,-1],[-1,-2],[0,-2],[-1,-1],[0,-1],[-1,-1],[-1,0],[-1,1],[0,2],[-1,2],[0,4],[-1,3],[0,5],[-1,4],[0,5],[-1,6],[0,5],[0,5],[-1,5],[0,6],[0,4],[0,5],[-1,4]],[[9795,1156],[-1,-1],[-1,0],[-1,-1],[-1,0],[-1,1]],[[9787,957],[1,2],[1,3],[0,3],[1,5],[1,5],[1,6],[0,7],[1,7],[1,8],[1,8],[0,9],[1,9],[1,9],[0,9],[1,9],[0,7],[1,6],[0,6],[0,7],[0,7],[0,6],[-1,7],[0,7],[0,6],[-1,7],[0,6],[0,6],[-1,6],[0,6],[0,5],[-1,5]],[[9790,1155],[-1,0],[-1,1],[-1,1],[-1,1],[0,1],[-1,1],[-1,1],[0,1],[-1,2],[0,1],[-1,0]],[[9782,1165],[0,1],[0,-2],[0,-2],[0,-4],[0,-4],[-1,-4],[0,-5],[0,-5],[0,-6],[-1,-6],[0,-5],[0,-5],[0,-6],[0,-4],[0,-5],[0,-3],[0,-2],[0,-1],[0,-2],[0,-1],[0,-2],[0,-1],[0,-2],[0,-1],[0,-2],[0,-2],[0,-2],[0,-2],[0,-1],[0,-2],[0,-2],[0,-3]],[[9782,1171],[0,-6]],[[9792,1173],[0,1]],[[9792,1174],[1,0]],[[9793,1174],[0,1],[0,1]],[[9795,1156],[0,2],[0,2],[0,1],[0,1],[-1,2],[0,1],[0,2],[0,1],[0,1],[0,1],[0,1],[0,1],[0,1],[-1,1]],[[9771,1149],[0,2],[1,4],[0,3],[0,5],[0,4],[0,5],[0,5],[1,5]],[[858,1206],[1,-8],[1,-9],[1,-9],[1,-11],[0,-10],[1,-12],[1,-11],[1,-11],[0,-12],[1,-10],[0,-11],[1,-9],[0,-9],[0,-7],[0,-6],[0,-5]],[[9773,1182],[0,5],[-1,6],[0,6],[0,5],[0,6],[-1,5],[0,6]],[[9771,1221],[0,-2],[1,-1],[1,-2],[1,-2],[0,-2],[1,-3],[1,-3],[1,-3],[1,-4],[1,-4],[1,-4],[0,-4],[1,-5],[1,-5],[0,-6]],[[1912,294],[-1,15],[0,16],[0,17],[0,17],[0,18],[0,17],[0,17],[0,17],[1,17],[0,15],[0,15],[1,14],[0,12],[0,12],[1,9],[0,8],[0,9],[0,10],[0,10],[0,10],[0,11],[-1,12],[0,12],[0,12],[-1,13],[0,13],[-1,14],[-1,14],[0,15],[-1,15],[-1,15],[-1,16],[-2,16],[-1,20],[-1,26],[-1,28],[-1,32],[-1,35],[-1,36],[-1,37],[-1,38],[-1,38],[-1,37],[-1,35],[0,33],[-1,31],[-1,27],[0,24]],[[1892,1224],[3,-1],[2,0],[3,-1],[3,0],[3,0],[2,-1],[3,0],[3,0],[2,0],[3,-1],[3,0],[2,0],[3,0],[2,0],[3,1],[2,0],[1,0],[1,0],[1,0],[1,0],[1,0],[1,0]],[[1799,1057],[0,7],[0,8],[0,10],[0,9],[0,11],[0,11],[0,11],[0,12],[0,11],[0,12],[0,12],[0,12],[0,11],[0,11],[0,10],[1,10]],[[1975,1227],[-2,-1],[-2,0],[-2,-1],[-2,-1],[-2,0],[-2,-1],[-3,0],[-2,0],[-2,-1],[-2,0],[-2,0],[-3,0],[-2,0],[-2,0],[-3,-1],[-2,0]],[[2058,526],[-2,13],[-2,15],[-2,16],[-2,18],[-2,19],[-2,19],[-3,20],[-2,20],[-2,21],[-2,20],[-2,20],[-2,20],[-1,19],[-2,18],[-1,17],[-1,15],[-2,21],[-2,23],[-3,25],[-4,26],[-4,26],[-5,27],[-4,27],[-5,26],[-5,25],[-5,24],[-4,22],[-4,20],[-3,18],[-3,15],[-1,11],[-1,7],[0,4],[0,3],[0,3],[0,4],[0,4],[0,4],[0,5],[0,4],[1,5],[0,5],[0,4],[0,5],[0,5],[0,4],[1,5],[0,4]],[[1800,1225],[2,0],[3,0],[3,0],[2,0],[3,0],[2,0],[3,0],[2,0],[2,0],[3,0],[2,0],[2,1],[2,0],[1,0],[2,0],[2,1],[3,0],[3,1],[3,0],[3,0],[4,0],[3,0],[4,0],[3,-1],[4,0],[4,0],[3,-1],[4,0],[4,-1],[3,0],[4,-1],[4,0]],[[1725,1229],[-1,-12],[-1,-13],[-1,-13],[-1,-12],[-1,-13],[-1,-12],[-1,-12],[-2,-12],[-1,-12],[-1,-12],[-1,-12],[-1,-11],[-2,-11],[-1,-10],[-1,-10],[-2,-10],[-2,-17],[-2,-16],[-2,-15],[-2,-13],[-2,-12],[-1,-10],[-1,-10],[-1,-9],[0,-8],[-1,-7],[0,-7],[-1,-7],[0,-7],[0,-6],[0,-7],[1,-7],[0,-6],[0,-7],[0,-7],[0,-7],[0,-8],[0,-8],[0,-8],[0,-8],[1,-8],[0,-8],[0,-8],[0,-8],[0,-9],[0,-8],[0,-7],[1,-8]],[[1725,1229],[3,0],[3,0],[3,-1],[4,0],[4,0],[5,-1],[5,0],[5,0],[5,-1],[5,0],[5,0],[6,-1],[5,0],[6,0],[5,0],[6,0]],[[9732,1164],[0,3],[0,3],[0,4],[0,4],[-1,4],[0,5],[0,5],[0,4],[0,5],[0,6],[1,5],[0,5],[0,5],[0,5],[0,5],[0,4]],[[9694,1238],[1,-3],[0,-5],[0,-5],[1,-6],[0,-8],[0,-8],[1,-9],[0,-9],[1,-11],[1,-11],[0,-11],[1,-12],[1,-12],[0,-12],[1,-12],[1,-13]],[[9694,1238],[-1,0],[0,1],[-1,0],[-1,1],[-1,0]],[[9651,1091],[0,1],[0,1],[0,1],[0,1],[0,1],[1,1],[0,1],[0,1],[0,1],[0,1],[0,2],[0,3],[0,4],[0,4],[0,4],[0,5],[1,5],[0,4],[1,5],[0,5],[1,5],[1,4],[0,4],[1,4],[2,3],[1,2],[1,3],[1,3],[2,4],[1,6],[2,5],[1,6],[2,6],[1,7],[2,6],[1,6],[2,6],[1,5],[1,4],[2,4],[1,2],[1,2],[1,0],[1,1],[1,0],[1,0],[1,0],[1,0],[1,0],[1,0]],[[9818,1231],[0,1],[0,2],[0,1],[0,2],[0,2],[0,1],[0,2],[-1,2],[0,2],[0,2],[0,2],[0,2],[0,1],[0,2],[0,2],[0,2]],[[9845,1146],[0,1],[0,3],[0,3],[0,4],[1,5],[0,5],[1,6],[0,6],[1,5],[0,6],[1,6],[1,6],[0,5],[1,5],[1,4],[1,3],[0,3],[1,3],[1,3],[0,4],[0,3],[1,4],[0,4],[0,3],[1,4],[0,4],[0,3],[0,3],[0,3],[0,2],[0,2],[0,2]],[[9793,1176],[1,1],[0,1],[0,1],[1,1],[0,1],[1,2],[0,2],[1,2],[1,2],[0,2],[1,2],[1,3],[1,2],[1,3],[1,3],[1,3],[1,5],[1,4],[1,5],[0,4],[1,5],[0,5],[0,5],[0,5],[0,5],[0,4],[0,4],[-1,4],[0,3],[0,3],[0,2],[0,2]],[[9807,1272],[1,0],[1,0],[1,-1],[1,0],[0,-1],[1,0],[1,-1],[0,-1],[1,-1],[1,-2],[0,-2],[1,-1],[1,-3]],[[9732,1236],[1,4],[0,3],[0,3],[0,3],[0,3],[1,2],[0,3],[0,2],[0,2],[0,2],[0,2],[0,2],[0,1],[0,2],[0,1],[0,2]],[[9734,1273],[0,1],[1,1],[0,1],[0,1],[0,1],[0,1],[0,1],[0,1],[0,1],[1,0]],[[2140,952],[-2,12],[-2,15],[-2,17],[-2,18],[-3,19],[-3,19],[-3,20],[-2,19],[-3,18],[-3,17],[-3,16],[-3,13],[-2,12],[-3,8],[-2,6],[-1,2],[-3,0],[-2,0],[-3,0],[-3,0],[-3,1],[-3,1],[-3,1],[-3,2],[-3,2],[-3,4],[-2,4],[-3,5],[-2,5],[-2,7],[-1,8],[-1,9],[-1,10],[-1,9],[-2,8],[-1,8],[-2,7],[-2,6],[-3,4],[-2,4],[-3,3],[-4,1],[-4,0],[-4,-2],[-4,-3],[-5,-5],[-5,-6],[-6,-9],[-3,-4],[-3,-4],[-2,-4],[-3,-3],[-2,-3],[-3,-3],[-2,-3],[-2,-3],[-2,-2],[-3,-2],[-2,-2],[-2,-2],[-2,-1],[-2,-1],[-2,-2],[-2,-1]],[[9837,1290],[1,0],[1,0],[1,0],[1,1],[1,0],[1,0],[1,0],[1,0],[0,1],[1,0],[1,0],[1,0]],[[9848,1292],[0,-1],[0,-1],[1,-2],[0,-3],[0,-2],[0,-3],[1,-2],[1,-3],[0,-2],[1,-2],[1,-2],[1,-1],[1,0],[1,0],[1,1]],[[9734,1273],[0,-1],[-1,0],[-1,-1],[-1,0],[-1,0],[-1,1],[0,1],[-1,1],[0,1],[0,1],[0,2],[-1,2],[0,2],[0,2],[-1,2],[-1,1],[0,2],[-1,1],[-1,1],[0,1],[-1,1],[-1,0],[-1,0],[0,-1],[-1,0],[0,-1],[0,-1],[0,-1],[-1,-1],[0,-1],[-1,-1],[0,-1],[-1,-1],[-1,-1],[-1,-1],[-1,0],[-1,-1],[-1,0],[-2,0],[-1,-1],[-2,-1],[-1,-2],[-1,-3],[-2,-4],[-1,-3],[-1,-4],[-1,-4],[0,-4],[-1,-4],[-1,-4],[0,-4],[-1,-2],[0,-3],[0,-1],[0,-1],[0,1],[-1,0],[-1,1]],[[9690,1240],[0,3],[1,2],[0,4],[0,3],[0,3],[1,4],[0,4],[0,4],[0,4],[1,4],[0,4],[0,3],[1,4],[0,4],[0,4],[1,3]],[[9784,1304],[0,-1],[0,-2],[0,-2],[1,-3],[0,-3],[0,-3],[0,-3],[1,-4],[0,-4],[0,-5],[0,-4],[0,-6],[0,-5],[0,-6],[0,-6],[0,-7],[0,-9],[0,-8],[1,-8],[0,-7],[0,-6],[1,-5],[0,-5],[1,-4],[1,-4],[0,-3],[1,-2],[0,-2],[1,-2],[0,-1]],[[9817,1259],[0,4],[0,3],[0,3],[0,3],[0,3],[0,3],[0,2],[0,3],[0,3],[1,3],[0,2],[0,3],[1,2],[0,2],[1,2],[0,2],[2,3],[1,2],[1,1],[1,1],[2,-1],[0,-1],[1,-2],[1,-2],[1,-2],[1,-2],[1,-2],[1,-3],[1,-1],[1,-2],[2,-1]],[[9905,1245],[0,4],[-1,5],[0,4],[-1,5],[0,5],[-1,5],[0,5],[-1,5],[-1,5],[0,4],[-1,5],[0,4],[-1,4],[0,4],[0,3],[-1,3]],[[9784,1304],[-1,0],[-1,1],[-1,1],[-1,1],[-1,2],[-1,2],[-1,3],[-1,4],[-1,4],[0,5],[-1,5],[0,7],[-1,7],[0,9]],[[9857,1269],[0,1],[0,1],[1,1],[0,2],[1,3],[1,4],[1,4],[1,5],[1,6],[2,6],[1,7],[1,7],[1,8],[1,8],[0,9],[1,9]],[[9870,1350],[0,10]],[[9870,1360],[0,-3],[0,-3],[0,-4]],[[9870,1350],[0,-4],[0,-4],[0,-4],[1,-5],[0,-4],[0,-5],[0,-5],[0,-4],[1,-5],[0,-4],[0,-4],[0,-4],[1,-3],[0,-4],[1,-4],[0,-4],[1,-3],[0,-3],[1,-3],[0,-2],[1,-2],[0,-2],[0,-2],[1,-1],[0,-1],[1,0],[1,2],[0,2],[0,3],[1,3],[0,4],[0,4],[1,5],[0,4],[1,5],[1,4],[0,4],[1,3],[1,3],[1,3],[1,1],[1,1],[1,0],[1,-1],[1,0],[1,-1],[1,-1],[0,-1],[1,0],[0,-1],[1,0],[0,1],[1,1],[0,1],[0,1],[0,1]],[[9695,1297],[0,4],[0,4],[0,5],[0,4],[0,5],[0,5],[0,5],[0,5],[0,4],[0,5],[0,4],[-1,5],[0,3],[0,4],[0,3],[0,3]],[[9736,1282],[0,1],[1,1],[0,1],[1,1],[0,1],[0,2],[0,1],[1,2],[0,3],[0,2],[0,4],[0,4],[0,4],[0,6],[0,4],[0,3],[-1,4],[0,4],[0,4],[0,4],[-1,4],[0,3],[-1,4],[0,3],[0,4],[-1,3],[0,3],[0,2],[-1,3],[0,2]],[[9924,1355],[-1,2],[0,1],[-1,1],[-1,1],[0,1],[-1,1],[-1,1],[0,1],[-1,1],[-1,0],[-1,0],[0,-1],[0,-2],[0,-2],[0,-2],[0,-2],[0,-3],[0,-2],[0,-2],[0,-2],[0,-2],[0,-2],[0,-1],[0,-2],[0,-1],[0,-1],[0,-1],[0,1],[-1,2],[-1,2],[0,3],[-1,3],[-1,3],[-1,3],[-2,4],[-1,3],[-1,3],[-1,3],[-1,3],[0,2],[-1,1],[0,1]],[[9801,1374],[-1,-4],[-1,-5],[-1,-4],[-1,-4],[-1,-5],[-1,-4],[-1,-5],[-2,-4],[-1,-4],[-1,-5],[-1,-4],[-1,-4],[-1,-5],[-1,-4],[-1,-4],[-1,-5]],[[9807,1272],[-1,1],[0,1],[1,9],[0,9],[0,9],[-1,9],[0,9],[0,7],[-1,8],[0,7],[-1,6],[0,6],[-1,6],[0,4],[-1,4],[0,3],[0,3],[-1,1]],[[9897,1315],[1,2],[0,3],[0,3],[1,3],[0,4],[1,3],[0,5],[1,4],[0,4],[0,5],[1,4],[0,4],[0,4],[1,4],[0,4],[0,4]],[[9904,1374],[-1,0],[0,1]],[[9771,1221],[0,1],[0,1],[-1,0],[0,1],[0,1],[0,1],[0,1],[0,1],[0,1],[0,2],[-1,3],[0,4],[0,4],[-1,4],[0,5],[-1,5],[-1,5],[-1,5],[-1,4],[-1,5],[-1,4],[-2,4],[-1,4],[-2,3],[-1,3],[-1,2],[-1,3],[0,3],[0,2],[0,3],[0,2],[0,3],[0,2],[1,2],[0,2],[1,2],[0,2],[1,2],[0,2],[1,2],[0,3],[-1,3],[0,4],[0,4],[-1,4],[0,5],[-1,5],[-1,5],[0,5],[-1,5],[-1,4],[-1,5],[0,4],[-1,3],[0,3]],[[1740,1390],[-1,-7],[-1,-7],[-1,-7],[-1,-9],[0,-8],[-1,-10],[-1,-10],[-1,-10],[-1,-10],[-1,-11],[-1,-12],[-1,-11],[-1,-12],[-1,-12],[-1,-13],[-1,-12]],[[9926,1406],[1,0],[1,0],[1,0],[1,0],[0,1],[1,0]],[[9931,1379],[0,1],[0,2],[0,1],[0,1],[0,2],[0,2],[0,1],[0,2],[0,2],[0,2],[0,2],[0,2],[0,2],[0,2],[0,2],[0,2]],[[9903,1375],[0,1],[-1,1],[0,2],[-1,3],[0,2],[-1,3],[0,3],[-1,3],[0,3],[-1,3],[0,3],[-1,3],[0,3],[0,3],[0,3],[0,2]],[[9897,1416],[0,1],[0,1],[0,1],[0,1],[0,2],[1,1],[1,0],[1,1],[2,0],[1,-1],[2,0],[2,-1],[2,-1],[1,-1],[2,-1],[2,-2],[1,-1],[2,-2],[1,-1],[1,-2],[0,-1],[1,-1],[1,-1],[1,0],[0,-1],[1,0],[1,0],[1,-1],[1,0]],[[9897,1416],[-1,0],[0,1],[-1,1],[-1,0],[0,1],[-1,1],[-1,1],[0,1],[-1,1],[0,1],[-1,1],[0,2],[-1,1],[0,1],[0,2],[0,1],[0,1],[0,1],[0,1],[0,1],[0,1],[-1,0],[0,1]],[[9870,1360],[0,1],[0,1],[0,1],[0,1],[0,1],[0,1],[0,1],[0,1],[0,1],[0,1],[0,10],[0,9],[1,8],[0,8],[1,6],[0,6],[1,5],[1,5],[2,4],[1,3],[2,2],[1,2],[2,1],[2,0],[2,0],[2,-1]],[[9888,1438],[0,1],[0,1],[0,1],[0,1],[0,1],[0,1],[0,1],[0,1],[0,1]],[[1744,1453],[0,-1],[0,-2]],[[1744,1450],[0,-3],[1,-2],[0,-3],[0,-3],[-1,-3],[0,-4],[0,-4],[0,-4],[-1,-5],[0,-5],[-1,-6],[0,-6],[-1,-6],[-1,-6]],[[9931,1407],[0,3],[0,3],[0,2],[0,3],[0,3],[0,3],[-1,3],[0,3],[0,3],[0,3],[0,2],[0,3],[0,3],[-1,2],[0,2],[0,3],[0,1],[0,1],[0,1],[-1,0],[0,1],[0,1],[0,1],[0,1]],[[9928,1458],[0,1],[0,1]],[[9965,1390],[0,2],[0,2],[-1,3],[-1,3],[-1,3],[-1,4],[-1,3],[-1,4],[-1,3],[-1,4],[-2,3],[-2,2],[-1,3],[-2,1],[-2,2],[-2,0],[-2,0],[-1,1],[-2,1],[-1,1],[-1,2],[-2,1],[-1,2],[-1,2],[-1,2],[-1,3],[-1,2],[-1,2],[-1,2],[-1,3],[-1,2]],[[9928,1458],[0,2]],[[9818,1475],[0,-3],[0,-3],[1,-3],[0,-4],[1,-3],[0,-4],[0,-4],[0,-4],[1,-4],[0,-4],[0,-3],[0,-4],[0,-3],[-1,-3],[0,-2],[-1,-2],[-1,-3],[-1,-2],[-1,-2],[-1,-2],[-1,-1],[-1,-2],[-1,-2],[-1,-1],[-1,-2],[-2,-1],[0,-2],[-1,-1],[-1,-2],[-1,-2],[0,-1],[-1,-2],[0,-2],[0,-2],[0,-1],[0,-2],[-1,-1],[0,-2],[0,-1],[0,-2],[-1,-1],[0,-1],[0,-1],[0,-1],[0,-1],[0,-1],[-1,-1]],[[9818,1475],[-1,1]],[[9928,1460],[-1,3],[0,2],[0,3],[-1,3],[0,2],[0,3],[-1,2],[0,3],[0,2],[0,2],[-1,2],[0,2],[0,2],[0,2],[0,2],[-1,2]],[[9923,1497],[0,1]],[[9923,1498],[0,1],[0,1],[0,1],[0,1],[0,1],[0,1],[0,1],[0,1],[0,1]],[[9923,1498],[-1,1],[-1,1],[-1,1],[-1,1],[-1,1],[0,1],[-1,1],[-2,0],[-1,1],[-1,0],[-1,1],[-1,0],[-2,0],[-1,1],[-2,-1],[-2,-2],[-2,-2],[-1,-4],[-2,-4],[-1,-4],[-2,-5],[-1,-5],[-1,-5],[-1,-5],[-1,-5],[-1,-5],[-1,-4],[0,-4],[-1,-3],[0,-2],[-1,0],[0,-1]],[[9817,1476],[-1,0],[-1,1],[-1,1],[-1,1],[-2,2],[-1,2],[-2,2],[-1,3],[-1,3],[-2,4],[-1,4],[-1,5],[0,6],[-1,6],[0,7]],[[9821,1529],[0,-5],[0,-4],[0,-4],[0,-5],[0,-4],[0,-3],[0,-4],[0,-4],[0,-3],[-1,-3],[0,-3],[0,-3],[0,-2],[-1,-3],[0,-2],[0,-2],[-1,0]],[[9848,1292],[0,3],[0,2],[0,3],[0,3],[0,3],[0,4],[0,4],[-1,4],[0,5],[0,4],[0,5],[-1,5],[0,6],[-1,5],[0,6],[-1,6],[-1,9],[-1,9],[0,8],[-1,9],[0,8],[0,9],[0,8],[0,8],[1,7],[0,8],[1,6],[0,7],[1,6],[0,5],[1,5],[0,4],[1,4],[0,4],[1,4],[0,5],[0,4],[1,5],[0,5],[0,5],[0,5],[0,5],[0,5],[0,4],[0,4],[1,3],[0,3],[0,3]],[[9849,1544],[-1,1],[0,2],[-1,1],[0,1],[-1,2],[-1,1],[0,2],[-1,1],[-1,2],[0,1],[-1,1],[-1,1],[-1,1],[-1,0],[-1,1],[-1,0],[-1,0],[-1,-1],[-1,-2],[-1,-3],[-1,-3],[-1,-4],[-1,-4],[-1,-3],[0,-4],[-1,-4],[0,-4],[0,-3],[-1,-3],[0,-2],[0,-1],[0,-1],[0,2],[0,1],[0,1],[-1,1],[0,1],[-1,1],[-1,1],[-1,0],[0,1],[-1,0],[-1,0]],[[1574,915],[1,37],[0,40],[0,41],[0,44],[0,45],[0,45],[0,45],[0,43],[0,42],[0,40],[0,36],[-1,33],[0,29],[0,24],[0,17],[-1,12],[0,4],[0,4],[0,4],[0,4],[0,5],[0,5],[0,6],[0,5],[0,6],[-1,6],[0,6],[0,6],[0,7],[0,6],[0,6],[0,7]],[[1744,1453],[1,4],[0,6],[1,6],[1,6],[0,7],[1,8],[1,8],[0,9],[1,8],[1,9],[1,8],[0,8],[1,8],[1,8],[1,7],[1,6],[0,1],[0,1],[0,1],[0,1],[1,1],[0,1],[0,1],[0,1],[0,1],[0,1]],[[1272,985],[0,17],[0,23],[0,28],[0,32],[0,36],[0,38],[0,42],[0,43],[0,44],[0,45],[0,45],[-1,44],[0,43],[0,41],[0,38],[0,35]],[[1271,1579],[2,0],[5,0],[6,0],[7,0],[8,0],[9,0],[9,-1],[10,-1],[10,-1],[9,-2],[8,-2],[8,-2],[6,-4],[5,-3],[3,-5],[1,-5],[0,-10],[0,-16],[0,-24],[0,-28],[-1,-33],[0,-35],[0,-38],[0,-39],[0,-38],[0,-38],[0,-35],[1,-32],[0,-28],[1,-22],[1,-16],[1,-8],[1,-5],[3,-6],[4,-7],[4,-9],[5,-8],[5,-10],[6,-9],[6,-10],[6,-9],[6,-9],[5,-8],[6,-8],[5,-6],[5,-5],[4,-4],[4,-1],[3,-2],[3,-2],[4,-3],[4,-5],[5,-4],[4,-5],[4,-5],[5,-5],[4,-5],[5,-4],[4,-4],[4,-3],[4,-2],[3,-2],[3,1],[3,1],[2,2],[2,0],[3,1],[3,-1],[4,0],[3,-2],[4,-1],[4,-3],[4,-2],[4,-3],[5,-4],[4,-3],[4,-4],[4,-5],[4,-5],[3,-5]],[[1572,1575],[8,3],[9,2],[10,2],[11,1],[12,1],[12,1],[13,0],[12,1],[12,-1],[12,-1],[10,-1],[10,-1],[8,-2],[6,-2],[4,-3],[2,-3],[1,-4],[1,-5],[0,-5],[0,-7],[0,-7],[0,-8],[0,-9],[0,-8],[0,-9],[-1,-8],[0,-8],[0,-9],[-1,-7],[-1,-7],[0,-6],[-1,-6],[0,-4],[0,-4],[1,-3],[1,-2],[1,-1],[2,-1],[1,0],[2,0],[2,0],[2,0],[2,1],[2,1],[1,0],[2,1],[1,0],[1,1],[1,0],[0,1],[0,1],[1,0]],[[1744,1450],[0,1],[0,1]],[[1744,1452],[0,1]],[[1940,1221],[0,16],[1,15],[1,13],[1,12],[2,11],[1,9],[2,9],[2,7],[2,7],[2,6],[2,5],[2,5],[2,3],[2,4],[2,3],[1,2],[2,4],[2,5],[2,7],[2,8],[2,10],[2,10],[3,10],[2,10],[3,10],[2,10],[2,8],[2,8],[2,5],[2,5],[1,2],[1,-1],[1,-1],[2,1],[2,2],[2,3],[3,4],[2,5],[3,6],[2,6],[3,6],[3,7],[2,6],[2,6],[2,6],[1,6],[1,4],[1,4],[0,2],[0,2],[0,3],[1,3],[0,3],[0,4],[0,3],[0,4],[0,4],[0,4],[0,5],[1,4],[0,4],[0,4],[0,5],[0,4]],[[2235,1583],[-3,-1],[-5,-2],[-5,-1],[-5,-2],[-6,-2],[-6,-2],[-6,-1],[-7,-2],[-7,-1],[-8,-1],[-7,-1],[-8,0],[-7,0],[-8,0],[-8,1],[-7,2],[-6,2],[-6,1],[-7,2],[-6,1],[-7,1],[-6,2],[-7,1],[-6,1],[-7,1],[-6,1],[-7,1],[-6,1],[-6,1],[-6,1],[-6,0],[-6,1]],[[2031,1588],[-3,0],[-3,0],[-3,0],[-2,1],[-3,0],[-3,0],[-2,0],[-3,0],[-2,0],[-2,0],[-3,0],[-2,0],[-2,-1],[-2,0],[-2,0],[-1,0],[-2,0],[-2,-1],[-2,1],[-2,0],[-2,0],[-2,0],[-3,1],[-3,0],[-3,1],[-3,1],[-3,0],[-4,1],[-3,1],[-4,1],[-4,1],[-3,1]],[[1757,1579],[1,0],[2,0],[3,0],[3,1],[3,0],[4,1],[4,2],[4,1],[4,2],[4,2],[3,3],[4,4],[3,4],[2,4],[2,5],[1,6],[2,4],[3,3],[5,2],[6,1],[8,1],[8,-1],[10,-1],[10,-2],[11,-3],[11,-3],[12,-3],[12,-3],[12,-3],[12,-4],[11,-3],[11,-3]],[[9888,1447],[0,6],[-1,6],[-1,7],[0,8],[-1,7],[0,8],[-1,8],[0,8],[0,8],[-1,8],[0,7],[0,6],[0,6],[0,5],[0,5],[0,3],[0,2],[0,3],[0,3],[-1,3],[0,3],[0,4],[0,3],[-1,3],[0,3],[0,4],[-1,3],[0,3],[0,3],[0,3],[0,3],[0,2],[0,3],[0,2],[1,3],[0,2],[1,3],[1,2],[1,2],[0,2],[1,2],[1,1],[1,2],[1,1],[0,1],[1,0],[0,1],[0,1]],[[9889,1629],[0,1]],[[9854,1647],[0,-14],[-1,-13],[0,-11],[0,-11],[-1,-9],[0,-8],[-1,-7],[0,-6],[0,-6],[-1,-4],[0,-4],[-1,-2],[0,-3],[0,-1],[0,-1],[0,-1],[0,-1],[0,-1]],[[9889,1629],[-1,0],[0,1],[0,2],[0,2],[0,3],[-1,3],[0,4],[0,3],[0,4],[0,4],[0,3]],[[9923,1507],[1,1],[0,2],[1,2],[1,2],[1,3],[1,3],[1,3],[2,4],[1,4],[1,5],[1,4],[2,6],[1,5],[1,7],[1,6],[0,7],[1,7],[0,7],[1,7],[0,7],[1,7],[0,7],[0,8],[1,7],[0,6],[0,7],[0,6],[0,6],[1,5],[0,5],[0,4]],[[9944,1667],[0,3]],[[9965,1649],[-1,1],[-1,1],[-1,1],[0,2],[-1,1],[-1,2],[-1,2],[0,1],[-1,2],[0,1],[-1,2],[0,1],[-1,1],[0,1],[0,-1],[0,-1],[0,-1],[0,-2],[-1,-2],[0,-2],[0,-2],[-1,-1],[0,-2],[-1,-1],[-1,0],[-1,0],[-1,0],[-1,2],[-1,2],[-1,0],[0,1],[0,1],[-1,1],[0,1],[0,1],[-1,1],[0,1],[0,1],[-1,1],[0,1]],[[9944,1667],[0,1],[0,1],[0,1]],[[9923,1507],[-1,2],[-1,2],[-1,4],[-1,5],[-1,6],[-2,7],[-1,9],[-1,10],[-1,12],[-1,13],[-1,16],[0,17],[0,19],[1,21],[1,23]],[[9828,1674],[0,-1],[-1,-1],[0,-2],[-1,-1],[-1,-3],[0,-2],[-1,-3],[0,-3],[-1,-4],[0,-4],[-1,-5],[0,-5],[-1,-6],[0,-7],[0,-6],[0,-8],[0,-6],[0,-5],[0,-6],[0,-5],[0,-6],[0,-5],[0,-6],[0,-5],[0,-5],[0,-6],[0,-5],[0,-5],[0,-5],[0,-5],[0,-5],[0,-4]],[[9913,1673],[0,-1],[0,-1],[-1,0],[0,-1],[0,-1],[0,-1],[-1,-1],[0,-1],[0,-1],[-1,0],[0,1],[-1,1],[0,1],[-1,1],[0,1],[0,1],[-1,1],[0,1],[0,2],[-1,1]],[[9887,1658],[-1,4],[0,4],[0,3],[0,3],[0,2],[0,2],[-1,2],[0,1],[-1,1],[-1,0],[-1,-1],[-1,0],[-1,-1],[-1,-2],[-1,-1],[-1,-2],[-1,-2],[-1,-2],[-1,-2],[-1,-2],[-1,-2],[-1,-2],[-1,-1],[0,-2],[-1,-1],[-1,-1],[-1,-1],[-1,0],[-1,0],[-1,1],[-1,1],[-1,1],[-1,2],[0,2],[-1,1],[-1,0],[-1,-1],[0,-1],[-1,-1],[0,-1],[-1,-2],[0,-2],[0,-2],[0,-1],[-1,-2],[0,-2],[0,-1],[-1,-1],[0,1]],[[1570,1680],[0,-1],[0,-3],[0,-3],[0,-4],[0,-4],[0,-5],[0,-6],[0,-7],[0,-6],[1,-8],[0,-7],[0,-8],[0,-9],[0,-8],[0,-9],[0,-9],[1,-8]],[[9854,1647],[0,1],[-1,1],[0,1],[0,2],[0,2],[-1,2],[0,2],[0,3],[0,2],[0,3],[0,3],[-1,3],[0,2],[0,3],[0,2],[0,3]],[[1055,1683],[0,-13],[0,-25],[0,-36],[0,-44],[1,-52],[0,-56],[0,-61],[0,-62],[0,-63],[1,-62],[0,-58],[0,-53],[0,-47],[0,-38],[0,-29],[0,-16]],[[1570,1680],[0,1],[0,1],[0,1]],[[9906,1676],[0,1],[0,1],[-1,1],[0,1],[0,1],[0,1],[-1,0],[0,1],[0,1],[-1,1],[0,1],[0,1],[-1,0],[0,1],[-1,1],[-1,-1],[-1,-2],[0,-3],[-1,-4],[-1,-4],[-1,-5],[-1,-5],[-1,-6],[-1,-5],[-1,-5],[-1,-5],[0,-5],[-1,-4],[-1,-3],[0,-2]],[[881,1689],[0,-23],[-1,-21],[0,-21],[0,-20],[0,-19],[0,-18],[0,-16],[-1,-15],[0,-14],[0,-12],[0,-11],[-1,-8],[0,-7],[-1,-5],[0,-3],[-1,-1],[-1,0],[-1,0],[-2,-2],[-1,-4],[-2,-5],[-2,-8],[-1,-9],[-2,-13],[-1,-15],[-2,-19],[-1,-22],[-1,-26],[-1,-30],[0,-34],[0,-39],[0,-43]],[[9906,1690],[0,-8],[0,-6]],[[1762,1691],[0,-1],[0,-3],[0,-3],[0,-5],[0,-6],[0,-7],[-1,-8],[0,-8],[0,-9],[0,-9],[-1,-9],[0,-10],[-1,-9],[0,-9],[-1,-8],[-1,-8]],[[1055,1692],[0,-1],[0,-1],[0,-1],[0,-1],[0,-1],[0,-1],[0,-1],[0,-1],[0,-1]],[[1270,1694],[-13,-1],[-14,0],[-16,0],[-16,0],[-16,-1],[-17,0],[-17,0],[-17,0],[-15,0],[-16,0],[-14,0],[-12,0],[-11,0],[-10,0],[-7,0],[-4,0]],[[1270,1694],[0,-1],[0,-1],[0,-1],[0,-1],[0,-1],[0,-1],[0,-1],[0,-2],[0,-2],[0,-3],[0,-5],[0,-5],[0,-6],[0,-6],[0,-8],[0,-8],[0,-9],[0,-9],[0,-11],[0,-10],[1,-12],[0,-12]],[[881,1689],[8,1],[10,1],[12,2],[13,1],[14,2],[14,1],[15,1],[15,1],[14,1],[14,-1],[12,0],[11,-2],[9,-2],[7,-3],[4,-4],[2,-5]],[[1307,1705],[0,-1],[0,-1],[0,-1],[-1,-1],[0,-1],[0,-1],[0,-1],[0,-1],[0,-1],[-1,0],[-1,-1],[-1,0],[-2,0],[-1,0],[-2,0],[-3,0],[-2,0],[-3,-1],[-3,0],[-3,0],[-3,0],[-3,0],[-4,0],[-4,0]],[[1307,1705],[4,-1],[6,-1],[9,-1],[11,-1],[13,-2],[14,-2],[14,-1],[15,-2],[15,-1],[15,-1],[14,-1],[12,-1],[11,0],[10,0],[6,0],[5,2],[3,1],[4,1],[6,1],[6,1],[7,0],[7,0],[7,0],[8,-1],[7,-1],[7,-1],[7,-1],[6,-2],[5,-2],[4,-2],[3,-3],[2,-3]],[[9944,1670],[-1,3],[0,3],[0,3],[0,3],[-1,4],[0,3],[0,3],[0,3],[-1,4],[0,3],[0,3],[-1,3],[-1,3],[0,3],[-1,3],[-1,2],[-2,2],[-1,1],[-1,0],[-2,-1],[-2,-3],[-1,-2],[-2,-4],[-2,-4],[-1,-4],[-2,-5],[-1,-4],[-2,-5],[-1,-5],[-2,-4],[-1,-4],[-1,-4]],[[1781,1727],[-1,-1],[-2,0],[-1,0],[-1,-2],[-1,-2],[-1,-2],[-1,-3],[-1,-3],[-1,-4],[-1,-3],[-2,-4],[-1,-3],[-1,-3],[-1,-3],[-1,-2],[-1,-1],[-1,0]],[[1948,1596],[0,1],[1,0],[0,1],[8,4],[7,8],[6,10],[6,13],[6,15],[6,17],[5,17],[4,19],[4,18],[4,18],[4,17],[2,16],[3,15],[2,12],[1,9],[1,6]],[[1806,1868],[0,-1],[0,-1],[0,-1],[0,-1],[-1,-1],[0,-1],[0,-1],[0,-1],[0,-1],[0,-1],[-1,-1],[0,-1],[0,-1],[0,-1],[0,-1],[0,-1],[-1,-9],[-1,-10],[-2,-10],[-1,-11],[-2,-11],[-2,-10],[-1,-11],[-2,-10],[-2,-9],[-2,-9],[-1,-8],[-2,-6],[-2,-5],[-1,-4],[-1,-2]],[[9926,1880],[-1,-3],[0,-4],[-1,-4],[0,-4],[-1,-4],[-1,-5],[0,-5],[-1,-4],[0,-5],[-1,-4],[0,-5],[0,-4],[-1,-3],[0,-4],[0,-3],[0,-2],[0,-2],[0,-2],[0,-2],[0,-1],[-1,-1],[0,-2],[0,-1],[-1,-1],[0,-1],[-1,0],[0,-1],[-1,-1],[-1,-1],[-1,-2],[-2,-1],[-1,-2],[-1,-2],[-1,-4],[-1,-5],[0,-6],[-1,-8],[0,-8],[0,-9],[-1,-9],[0,-10],[0,-9],[1,-10],[0,-9],[0,-9],[0,-8]],[[9945,1909],[0,-3],[0,-3],[0,-4],[0,-4],[0,-4],[0,-4],[0,-4],[0,-4],[-1,-3],[0,-4],[0,-3],[-1,-3],[0,-2],[-1,-2],[0,-1],[-1,0],[-1,0],[-1,0],[-1,1],[-1,0],[-1,1],[-1,1],[-1,1],[-1,2],[-1,1],[-1,2],[-1,1],[-1,2],[-1,2],[-1,3],[-1,2]],[[9971,1890],[-1,-3],[-1,-3],[-1,-1],[0,-2],[-1,-1],[-1,-1],[-1,-1],[-1,0],[-1,0],[-1,1],[-1,1],[-1,1],[-1,2],[-1,2],[-1,2],[-1,2],[0,3],[-1,2],[-1,2],[0,2],[-1,2],[-1,1],[-1,2],[-1,1],[0,1],[-1,1],[-1,1],[-1,0],[0,1],[-1,0],[-1,1]],[[2240,1913],[1,0],[0,1],[1,0],[1,1],[1,1],[0,1],[1,1],[0,1],[1,1],[0,1],[1,1],[0,1],[0,1],[1,1],[0,1],[0,1],[0,1],[1,0],[0,1],[0,1],[1,1],[1,1],[1,1],[1,1],[1,0],[1,0],[1,0],[1,0],[1,-1],[1,0]],[[9955,2010],[-1,-11],[-1,-11],[0,-10],[-1,-9],[-1,-8],[-1,-7],[0,-7],[-1,-6],[-1,-5],[-1,-5],[0,-5],[-1,-4],[0,-3],[0,-4],[-1,-2],[0,-3],[0,-1]],[[2018,1812],[-1,4],[-1,5],[0,4],[-1,4],[-1,5],[0,4],[-1,4],[-1,5],[0,4],[-1,5],[-1,4],[-1,4],[-1,4],[0,4],[-1,4],[-1,4],[-1,6],[-1,7],[-1,7],[-1,8],[-1,9],[-1,9],[0,9],[-1,9],[0,10],[0,10],[-1,9],[0,10],[0,10],[0,10],[-1,9],[0,9]],[[2266,2026],[2,0]],[[9926,1880],[0,1],[-1,1],[0,1],[0,1],[0,1],[-1,1],[0,1],[0,2],[0,1],[0,1],[-1,1],[0,1],[0,2],[0,1],[0,1],[0,2],[0,5],[0,5],[0,6],[1,6],[0,6],[1,5],[0,6],[1,6],[1,5],[0,6],[1,5],[1,5],[0,5],[1,4],[0,4],[0,3],[0,3],[-1,3],[0,4],[0,4],[-1,4],[0,4],[-1,4],[-1,4],[-1,5],[0,4],[-1,4],[-1,4],[-1,3],[0,4],[-1,3],[-1,2]],[[9954,2125],[0,-4],[0,-5],[1,-5],[0,-6],[0,-6],[0,-7],[1,-7],[0,-8],[0,-7],[0,-9],[0,-8],[0,-8],[0,-9],[0,-9],[-1,-8],[0,-9]],[[1917,2141],[-2,-6],[-3,-7],[-2,-8],[-2,-10],[-3,-11],[-2,-11],[-1,-12],[-2,-12],[-2,-12],[-2,-12],[-1,-13],[-2,-12],[-1,-11],[-1,-11],[-1,-10],[-2,-9],[-1,-10],[-2,-8],[-1,-6],[-2,-4],[-2,-2],[-2,-1],[-1,0],[-2,1],[-2,1],[-1,2],[-2,1],[-1,0],[-2,0],[-1,-1],[-1,-3],[-1,-4],[-1,-6],[-1,-5],[-2,-5],[-2,-6],[-2,-5],[-3,-5],[-3,-4],[-3,-4],[-3,-4],[-3,-3],[-3,-2],[-3,-1],[-4,-1],[-3,0],[-2,2],[-3,2],[-2,1],[-1,1],[-1,0],[-2,0],[-1,0],[-1,-2],[-1,-1],[-1,-2],[-1,-2],[-1,-3],[-1,-2],[-1,-3],[-1,-3],[-1,-3],[0,-3],[-1,-3]],[[9962,2145],[0,-2],[0,-1],[0,-2],[-1,-1],[0,-2],[0,-1],[0,-1],[0,-1],[0,-1],[-1,-1],[0,-1],[0,-1],[0,-1],[-1,0],[0,-1],[-1,0],[0,-1],[-1,0],[0,-1],[-1,0],[0,-1],[-1,0],[-1,0]],[[9999,2147],[-1,0],[-1,0],[-1,0],[-1,0],[-1,-1],[0,-1],[-1,-3],[-1,-4],[-1,-4],[-1,-4],[-2,-5],[-1,-4],[-1,-4],[-1,-4],[-2,-3],[-1,-2],[-1,-2],[-1,1],[-2,1],[-1,4],[-1,3],[-1,3],[-1,3],[-1,2],[-1,3],[-1,2],[-1,3],[-1,2],[-1,2],[-1,2],[-1,1],[-1,2],[-1,1],[-1,2],[0,1],[-1,1]],[[1997,2021],[0,6],[0,6],[0,5],[0,5],[-1,5],[0,5],[0,4],[0,4],[-1,4],[0,4],[-1,3],[0,2],[-1,2],[0,2],[-1,1],[0,1],[-2,1],[-2,1],[-3,0],[-3,1],[-3,1],[-3,1],[-3,1],[-4,2],[-4,3],[-4,3],[-4,4],[-4,5],[-4,6],[-5,8],[-4,9],[-5,10],[-1,3],[-1,2],[-2,3],[-1,1],[-1,2],[-1,1],[-1,0],[-1,1],[-2,0],[-1,0],[-1,-1],[-1,-1],[-1,-1],[-1,-1],[-1,-2],[-1,-2]],[[9954,2125],[0,1],[-1,0],[0,1],[0,1],[-1,0],[0,1],[0,1],[0,1],[-1,1],[0,1],[0,1],[0,1],[-1,2],[0,1],[0,2],[-1,3],[-1,3],[0,3],[-2,3],[-1,3],[-1,3],[-1,3],[-2,3],[-2,3],[-1,2],[-2,3],[-1,2],[-2,2],[-1,2],[-1,2],[-2,2]],[[2167,2188],[1,0],[1,1],[0,1],[1,2],[0,2],[0,2],[0,3],[1,3],[0,2],[0,3],[0,3],[0,3],[0,2],[1,3],[0,2],[0,2],[0,2],[1,2]],[[2173,2226],[0,1],[1,1],[1,0],[1,0],[0,-1],[1,-1],[1,-2],[1,-3],[1,-4],[1,-5],[1,-5],[1,-5],[2,-6],[1,-7],[1,-7],[1,-7],[2,-7],[1,-7],[1,-7],[1,-8],[1,-7],[1,-7]],[[2018,1812],[1,-6],[1,-5],[1,-6],[1,-5],[2,-5],[1,-5],[2,-4],[1,-4],[2,-4],[2,-3],[2,-3],[2,-2],[2,-2],[3,-2],[2,-1],[3,0],[5,2],[5,3],[4,7],[4,8],[4,9],[3,12],[3,12],[3,13],[3,14],[2,15],[2,14],[2,14],[2,14],[1,13],[1,12],[1,10],[1,11],[0,10],[1,12],[1,11],[1,11],[0,12],[1,10],[1,11],[1,9],[1,9],[0,7],[1,7],[1,4],[1,4],[1,1],[0,-1],[1,-2],[1,-2],[1,-3],[2,-2],[1,-3],[2,-2],[2,-1],[1,-1],[2,0],[2,1],[2,3],[2,4],[2,6],[3,8],[2,10],[2,12],[1,14],[2,14],[2,14],[2,15],[1,14],[2,14],[2,14],[1,12],[1,12],[2,10],[1,10],[1,7],[1,6],[1,4],[1,2],[1,0],[0,-3],[1,-3],[1,-4],[1,-4],[1,-5],[2,-6],[1,-5],[1,-5],[1,-5],[1,-5],[1,-4],[1,-4],[1,-2],[1,-2]],[[2173,2226],[0,5],[-1,5],[0,5],[0,6],[-1,5],[0,5],[0,5],[-1,5],[0,5],[-1,4],[0,5],[-1,4],[0,3],[-1,4],[0,3],[-1,2],[-1,3],[-1,2],[-2,0],[-1,0],[-2,-1],[-2,-2],[-2,-2],[-3,-3],[-2,-3],[-2,-2],[-2,-3],[-2,-2],[-2,-2],[-2,-1],[-2,0],[-2,1],[-1,0],[-2,-1],[-2,-3],[-2,-4],[-2,-5],[-2,-5],[-2,-6],[-2,-6],[-2,-7],[-1,-6],[-2,-6],[-2,-5],[-1,-5],[-1,-3],[-1,-3],[-1,0],[0,2],[0,4],[-1,4],[0,6],[0,6],[0,7],[0,8],[0,8],[0,9],[0,9],[0,8],[0,9],[0,9],[0,9],[0,8]],[[2243,2325],[0,-15],[0,-17],[0,-18],[0,-19],[0,-19],[0,-20],[1,-20],[0,-20],[0,-19],[0,-18],[0,-17],[0,-15],[1,-14],[0,-11],[0,-9],[0,-6],[1,-6],[0,-5],[1,-5],[1,-4],[1,-4],[1,-3],[2,-4],[1,-3],[2,-2],[1,-2],[2,-2],[2,-1],[2,-1],[2,0],[2,0]],[[2109,2323],[2,0],[2,0],[2,0],[2,0],[3,0],[2,0],[2,0],[2,0],[2,0],[1,0],[2,0],[2,0],[2,1],[1,0],[2,1],[1,0],[3,1],[4,1],[5,1],[5,1],[5,1],[6,1],[6,1],[6,0],[5,1],[6,0],[5,0],[5,-1],[4,0],[4,-1],[3,-1],[3,-2],[1,-2],[3,-1],[2,-1],[2,-1],[2,0],[3,-1],[2,0],[2,0],[3,-1],[2,0],[1,0],[2,1],[1,0],[1,0],[1,0],[0,1],[0,1],[1,0],[0,1]],[[2252,2256],[0,3],[-1,3],[0,4],[0,4],[0,4],[0,5],[-1,5],[0,6],[0,6],[1,5],[0,7],[1,6],[0,6],[1,6],[1,6],[2,6]],[[2243,2325],[0,1],[1,2],[0,1],[1,2],[0,1],[1,2],[1,1],[0,1],[1,1],[1,1],[1,1],[1,0],[1,1],[1,-1],[1,0],[2,-1]],[[1305,2386],[0,-33],[0,-34],[0,-33],[0,-34],[0,-34],[-1,-33],[0,-32],[0,-30],[0,-29],[0,-27],[0,-24],[0,-22],[0,-19],[0,-15],[1,-12],[0,-8],[0,-9],[1,-12],[0,-15],[0,-17],[1,-18],[0,-19],[0,-21],[0,-20],[1,-21],[0,-20],[0,-20],[0,-18],[0,-16],[-1,-15],[0,-12],[0,-9]],[[1570,1683],[0,5],[0,14],[0,21],[0,28],[1,33],[0,37],[0,41],[1,42],[0,43],[0,42],[0,41],[0,38],[-1,34],[0,29],[0,22],[-1,15],[-2,6],[-2,7],[-1,7],[-1,8],[-1,9],[-1,9],[-1,9],[0,9],[0,9],[-1,10],[0,9],[0,10],[0,9],[0,9],[0,9],[0,8],[0,7],[0,7],[0,7],[-1,6],[0,5],[-1,5],[-1,4],[0,5],[-1,3],[-1,4],[-1,3],[-1,4],[-1,3],[-1,3],[-1,3],[-1,3],[0,1],[-1,1],[0,1],[-1,1],[0,1],[-1,1],[-1,1],[-1,1],[-1,0],[-1,1]],[[1542,2386],[-2,1],[-2,1],[-3,0],[-3,1],[-2,0],[-3,0],[-3,0],[-3,0],[-3,0],[-3,0],[-3,-1],[-3,0],[-3,-1],[-3,0],[-2,-1],[-3,0],[-4,-1],[-8,-1],[-10,0],[-13,0],[-14,0],[-16,0],[-17,0],[-16,0],[-17,0],[-17,0],[-15,1],[-14,0],[-12,0],[-9,0],[-7,0],[-4,1]],[[1542,2390],[0,-1],[0,-1],[0,-1],[0,-1]],[[9969,2441],[-1,-2],[0,-3],[0,-2],[0,-3],[-1,-3],[0,-4],[0,-3],[0,-5],[-1,-4],[0,-5],[0,-6],[-1,-7],[0,-7],[0,-8],[0,-9],[0,-10],[-1,-16],[0,-15],[0,-14],[0,-12],[0,-12],[0,-11],[-1,-10],[0,-9],[0,-9],[0,-8],[0,-8],[0,-7],[0,-7],[0,-7],[0,-7],[0,-6],[0,-4],[0,-4],[0,-4],[0,-4],[0,-4],[0,-4],[0,-4],[0,-4],[0,-3],[0,-4],[0,-3],[0,-4],[-1,-3],[0,-3],[0,-3],[0,-2]],[[2256,2338],[0,1],[0,1],[0,1],[0,1],[1,1],[0,1],[0,1],[1,0],[0,1],[0,1],[0,1],[1,1],[0,1],[3,7],[2,7],[2,7],[2,6],[2,6],[1,6],[2,6],[1,6],[1,5],[1,5],[0,6],[1,5],[0,5],[0,5],[-1,5],[0,5]],[[1762,1691],[-1,0],[-1,0],[0,1],[-1,4],[-2,8],[-1,11],[-2,15],[-1,17],[-1,19],[-2,21],[-2,21],[-1,22],[-2,22],[-2,21],[-2,20],[-2,18],[-3,16],[-2,13],[-3,10],[-2,9],[-2,11],[-1,12],[0,13],[-1,14],[0,14],[1,15],[0,14],[0,14],[1,13],[0,11],[0,11],[0,8],[-1,7],[-1,4],[-2,1],[-2,1],[-2,0],[-2,0],[-2,1],[-2,1],[-2,2],[-2,2],[-1,2],[-2,3],[-2,3],[-1,3],[-1,4],[-1,5],[-1,5],[0,5],[0,6],[0,7],[0,9],[0,9],[-1,10],[0,12],[0,11],[-1,13],[-1,12],[0,13],[-1,13],[-2,13],[-1,12],[-2,13],[-2,11],[-2,11],[-2,10],[-1,6],[-2,7],[-1,7],[0,8],[-1,9],[-1,8],[0,9],[0,10],[0,9],[0,10],[1,9],[0,10],[1,10],[0,10],[1,9],[1,10]],[[9996,2484],[-2,-4],[-1,-4],[-2,-4],[-2,-3],[-2,-4],[-2,-3],[-2,-3],[-2,-3],[-2,-3],[-2,-2],[-2,-2],[-1,-2],[-2,-2],[-1,-1],[-1,-2],[-1,-1]],[[9969,2441],[0,2],[0,1],[0,2],[0,2],[0,1],[0,2],[0,2],[0,2],[-1,2],[0,2],[0,3],[0,2],[0,3],[-1,3],[0,3],[0,3],[-1,7],[-2,6],[-2,4],[-2,3],[-2,2],[-3,1],[-2,0],[-3,-1],[-3,-2],[-3,-1],[-3,-3],[-3,-2],[-2,-3],[-2,-2],[-2,-2],[-2,-2]],[[1532,2521],[1,-12],[1,-12],[1,-11],[1,-11],[1,-11],[0,-10],[1,-9],[1,-9],[1,-8],[0,-8],[1,-7],[0,-6],[1,-6],[0,-4],[0,-4],[0,-3]],[[1683,2484],[-2,7],[-3,6],[-2,6],[-3,5],[-3,4],[-3,4],[-3,3],[-4,3],[-3,2],[-4,1],[-4,1],[-3,0],[-4,0],[-4,0],[-4,-1],[-4,-2],[-4,-1],[-5,-1],[-7,-1],[-7,0],[-7,-1],[-8,0],[-8,0],[-8,0],[-8,0],[-8,0],[-7,0],[-6,1],[-6,0],[-4,0],[-4,1],[-1,0]],[[1997,2021],[1,0],[1,-1],[1,1],[1,0],[1,1],[2,2],[1,2],[1,4],[1,4],[2,5],[1,7],[1,8],[1,9],[0,11],[1,11],[1,10],[0,9],[1,8],[0,7],[0,7],[1,5],[0,5],[1,4],[0,3],[1,3],[1,2],[0,2],[1,1],[1,0],[0,1],[1,0],[1,2],[1,2],[1,3],[1,4],[1,5],[1,5],[1,5],[1,6],[1,6],[1,6],[1,7],[1,6],[1,6],[1,6],[0,5],[1,6],[2,6],[2,6],[2,7],[2,8],[2,7],[2,8],[3,9],[2,9],[2,8],[2,10],[2,9],[2,9],[1,9],[0,10],[1,9],[0,10],[0,12],[0,13],[1,14],[0,15],[0,15],[1,15],[1,15],[0,15],[1,14],[0,13],[0,12],[1,10],[0,8],[0,6],[0,4],[0,2],[0,2],[0,2],[0,1],[1,1],[0,2],[0,1],[1,0],[0,1],[1,1],[1,0],[0,1]],[[2109,2323],[-3,0],[-3,1],[-3,0],[-2,1],[-3,0],[-3,1],[-2,1],[-2,0],[-3,1],[-2,1],[-1,1],[-2,1],[-2,0],[-1,1],[-1,1],[-1,1],[-1,3],[0,3],[-1,5],[-1,6],[0,6],[0,7],[0,8],[0,8],[0,9],[0,8],[0,8],[0,9],[0,8],[0,7],[1,7],[0,6],[0,3],[0,3],[0,4],[0,5],[0,5],[0,6],[0,7],[0,8],[0,8],[0,8],[0,9],[0,10],[0,10],[0,11],[0,10],[0,12]],[[1055,1692],[0,12],[0,16],[0,19],[0,23],[0,25],[0,27],[0,28],[0,28],[0,28],[0,28],[0,27],[0,24],[0,22],[0,19],[0,15],[0,11],[0,15],[0,24],[0,32],[0,38],[0,44],[0,47],[0,49],[0,50],[0,50],[0,48],[-1,44],[0,41],[0,34],[0,27],[0,18],[0,9]],[[1054,2614],[2,0],[4,0],[6,1],[9,1],[10,1],[12,1],[13,0],[13,1],[13,1],[14,1],[13,0],[12,0],[11,0],[9,-1],[8,0],[5,-2],[2,0],[1,-1],[1,0],[2,0],[1,0],[2,0],[1,0],[2,0],[2,0],[2,0],[1,0],[2,1],[2,0],[2,0],[2,1],[2,0]],[[1235,2619],[6,1],[6,1],[5,1],[6,1],[6,1],[6,1],[5,0],[5,0],[5,-1],[5,-1],[4,-2],[3,-2],[3,-3],[2,-4],[2,-5],[1,-6],[0,-4],[0,-6],[0,-7],[0,-9],[0,-10],[1,-11],[0,-13],[0,-14],[0,-15],[0,-16],[0,-16],[0,-18],[-1,-18],[0,-19],[0,-19],[0,-20]],[[2276,2442],[-1,6],[-1,7],[-1,8],[-1,8],[-1,10],[-1,10],[-1,11],[-2,11],[0,12],[-1,13],[-1,12],[0,13],[0,13],[0,13],[1,13],[1,12],[1,9],[1,9],[1,7],[1,7],[1,7],[1,6],[1,6],[1,5],[0,5],[1,4],[1,3],[0,4],[1,3],[0,2],[1,3],[0,1]],[[2307,2570],[-1,8],[0,8],[-1,8],[-1,7],[-1,8],[-1,7],[-1,7],[-1,6],[-1,6],[-1,6],[-2,6],[-1,5],[-2,5],[-1,5],[-2,4],[-2,4],[-1,1],[0,1],[-1,2],[0,1],[-1,2],[-1,1],[0,2],[-1,1],[0,2],[-1,2],[0,1],[-1,2],[0,2],[-1,2],[0,1],[-1,2]],[[1823,2776],[0,-8],[0,-10],[-1,-13],[0,-16],[0,-17],[0,-19],[-1,-21],[0,-22],[0,-23],[-1,-23],[0,-24],[0,-24],[0,-23],[0,-23],[0,-23],[0,-21],[0,-25],[0,-29],[0,-31],[0,-34],[0,-35],[0,-36],[-1,-36],[0,-35],[0,-33],[0,-32],[0,-29],[-1,-25],[0,-21],[0,-16],[0,-10],[0,-3],[-2,-13],[-1,-12],[-1,-13],[-2,-12],[-1,-11],[-1,-11],[-1,-11],[-1,-10],[-1,-10],[-1,-9],[0,-9],[-1,-8],[0,-8],[0,-6],[0,-6],[0,-6],[0,-1],[1,0],[0,-1],[0,-1],[0,-1],[0,-1],[0,-1],[0,-1],[0,-1],[0,-1],[0,-1],[0,-1],[0,-1],[0,-1]],[[1917,2141],[0,4],[1,4],[0,4],[0,4],[1,4],[0,4],[0,4],[0,4],[1,5],[0,4],[0,4],[0,4],[1,5],[0,4],[0,4],[0,4],[0,13],[0,16],[0,20],[0,22],[0,25],[0,26],[0,27],[0,27],[0,27],[0,26],[0,25],[0,23],[-1,20],[0,17],[0,14],[0,9],[0,6],[0,9],[0,12],[1,13],[0,14],[0,17],[0,17],[1,18],[0,18],[0,18],[1,19],[0,18],[0,17],[0,17],[1,15],[0,14]],[[1971,2790],[-2,0],[-2,-1],[-3,-1],[-2,-1],[-3,-1],[-2,-1],[-3,-1],[-2,0],[-3,-1],[-2,-1],[-2,-1],[-2,0],[-2,-1],[-2,0],[-1,0],[-2,0],[-1,0],[-1,0],[-1,0],[-1,1],[-1,0],[-1,1],[-1,0],[-1,1],[-1,0],[0,1],[-1,1],[-1,0],[-1,1]],[[1924,2786],[-1,1],[-2,1],[-1,1],[-2,1],[-1,1],[-1,2],[-2,1],[-1,1],[-2,1],[-1,1],[-2,2],[-1,1],[-1,1],[-2,1],[-1,1],[-2,1],[-2,1],[-3,1],[-3,1],[-3,0],[-3,-1],[-4,0],[-3,-1],[-4,-1],[-4,-1],[-3,-1],[-3,-2],[-3,-1],[-3,-1],[-2,-1],[-2,-1],[-2,-1]],[[2073,2561],[0,16],[0,17],[0,18],[0,18],[0,18],[0,18],[0,17],[0,18],[0,18],[0,17],[0,16],[0,16],[0,15],[0,14],[0,14],[0,12]],[[1727,2837],[0,-18],[-1,-15],[-1,-15],[-1,-13],[-2,-12],[-2,-11],[-2,-10],[-2,-8],[-2,-7],[-2,-7],[-3,-5],[-2,-4],[-2,-4],[-2,-3],[-1,-1],[-2,-2],[-1,-2],[-1,-4],[0,-6],[-1,-8],[0,-9],[0,-10],[0,-11],[0,-12],[0,-12],[0,-13],[0,-12],[0,-11],[-1,-11],[0,-10],[-2,-9],[-1,-7],[-1,-3],[0,-3],[-1,-3],[-1,-3],[0,-4],[-1,-4],[-1,-4],[0,-5],[-1,-5],[-1,-5],[0,-5],[-1,-5],[-1,-5],[0,-6],[-1,-6],[0,-5]],[[878,2841],[0,-9],[0,-19],[0,-27],[0,-36],[0,-41],[0,-47],[0,-50],[0,-52],[0,-53],[-1,-52],[0,-50],[1,-47],[0,-42],[0,-36],[0,-28],[0,-20],[0,-11],[1,-17],[0,-22],[0,-26],[0,-29],[1,-33],[0,-35],[0,-38],[0,-40],[0,-42],[1,-42],[0,-42],[0,-43],[0,-42],[0,-41],[0,-40]],[[983,2844],[0,-1],[0,-5],[0,-9],[0,-12],[-1,-14],[0,-17],[0,-18],[0,-19],[0,-19],[0,-20],[0,-18],[0,-18],[0,-16],[1,-14],[1,-10],[1,-8],[1,-4],[2,-1],[3,-1],[4,0],[5,0],[5,0],[6,0],[6,1],[6,0],[6,1],[5,0],[6,0],[4,-1],[4,-1],[3,-1],[2,-2],[1,-3]],[[665,2848],[0,-9],[0,-19],[0,-26],[0,-34],[0,-39],[0,-43],[0,-46],[0,-48],[0,-49],[0,-49],[0,-46],[0,-43],[0,-39],[1,-34],[0,-26],[0,-19],[0,-14],[0,-13],[0,-13],[0,-13],[0,-12],[0,-12],[0,-12],[1,-11],[0,-12],[1,-11],[1,-11],[1,-11],[2,-12],[2,-11],[2,-12],[2,-12],[4,-15],[5,-22],[6,-27],[7,-31],[8,-35],[8,-37],[9,-40],[9,-40],[9,-40],[8,-40],[9,-38],[7,-36],[7,-32],[6,-27],[4,-23],[3,-16],[3,-16],[3,-19],[5,-24],[4,-26],[5,-29],[5,-30],[6,-31],[5,-30],[5,-31],[6,-28],[4,-27],[5,-24],[4,-20],[3,-15],[3,-11],[1,-5],[1,-1],[0,-1],[0,-1],[1,0],[0,-1],[0,-1],[0,-1],[0,-2],[1,-1],[0,-1],[0,-2],[0,-1],[1,-2],[0,-1]],[[983,2844],[-2,2],[-4,2],[-4,1],[-6,0],[-6,0],[-8,0],[-8,0],[-8,-1],[-8,0],[-9,-1],[-8,-1],[-8,-2],[-8,-1],[-7,-1],[-6,-1],[-5,0]],[[2385,2691],[0,9],[0,10],[0,9],[0,11],[0,10],[0,11],[0,11],[0,11],[0,11],[-1,11],[0,10],[0,11],[0,10],[0,10],[0,9],[0,9]],[[2405,2780],[-1,2],[0,2],[0,2],[0,3],[0,2],[-1,3],[0,2],[0,3],[0,3],[-1,3],[0,2],[0,4],[-1,3],[0,3],[-1,3],[0,4],[-1,6],[-1,6],[-1,5],[-1,4],[-1,3],[-1,2],[-1,2],[-1,2],[-1,1],[-1,0],[-1,1],[-1,0],[-1,-1],[-1,0],[-1,-1],[-1,0]],[[665,2848],[-5,0],[-4,0],[-5,-1],[-4,0],[-4,-1],[-4,0],[-4,-1],[-4,0],[-3,0],[-3,-1],[-3,0],[-2,-1],[-3,0],[-2,-1],[-1,-1],[-2,0],[-2,-1],[-4,0],[-5,-1],[-6,1],[-6,0],[-6,1],[-7,1],[-8,2],[-8,1],[-7,2],[-8,1],[-8,2],[-7,2],[-7,1],[-7,2],[-6,2]],[[772,2858],[0,-1],[0,-1],[0,-1],[-1,0],[0,-1],[-1,0],[-2,-1],[-4,0],[-4,0],[-5,0],[-6,0],[-7,0],[-8,-1],[-8,0],[-8,0],[-9,-1],[-8,0],[-9,-1],[-9,0],[-9,-1],[-9,-1]],[[772,2858],[2,0],[5,0],[6,-1],[7,0],[8,0],[9,0],[10,-1],[9,-1],[10,-1],[9,-1],[8,-1],[8,-2],[6,-2],[5,-2],[3,-2],[1,-3]],[[2322,2637],[0,11],[0,12],[0,15],[0,15],[1,17],[0,17],[0,18],[0,18],[0,18],[0,17],[0,16],[1,15],[0,14],[0,12],[0,9],[0,7]],[[2384,2854],[-1,0],[0,-1],[-1,0],[-1,0],[-2,0],[-2,0],[-3,1],[-3,1],[-4,1],[-4,1],[-5,1],[-4,1],[-5,2],[-4,1],[-5,1],[-4,2],[-4,1],[-3,1],[-3,1],[-2,0]],[[2279,2695],[-1,5],[-1,6],[-1,5],[-1,6],[-1,6],[0,6],[-1,6],[-1,6],[-1,7],[-1,7],[-1,7],[0,8],[-1,7],[-1,8],[-1,8],[-1,8],[-2,11],[-3,9],[-3,8],[-4,7],[-4,6],[-5,5],[-6,4],[-5,3],[-6,2],[-6,2],[-6,0],[-6,0],[-6,0],[-6,-1],[-5,-2],[-6,-2],[-5,-2],[-6,-1],[-7,-1],[-7,0],[-8,0],[-7,0],[-8,1],[-7,1],[-7,1],[-7,2],[-6,1],[-5,1],[-5,1],[-3,1],[-3,1],[-1,0],[0,1],[0,1],[-1,1],[0,2],[0,1],[0,2],[0,2],[0,3],[0,2],[0,2],[0,3],[0,3],[0,3],[0,3]],[[1712,2966],[1,-8],[2,-7],[1,-8],[2,-8],[1,-8],[1,-8],[1,-8],[1,-8],[1,-8],[1,-8],[1,-9],[1,-8],[0,-8],[1,-9],[0,-8],[0,-8]],[[1807,2959],[-5,2],[-6,1],[-7,2],[-8,1],[-8,1],[-7,0],[-8,1],[-8,0],[-8,0],[-7,0],[-6,0],[-5,0],[-5,0],[-3,0],[-3,-1],[-1,0]],[[1501,2982],[1,-2],[1,-4],[1,-6],[1,-8],[1,-8],[2,-11],[1,-12],[2,-13],[1,-15],[2,-17],[1,-17],[1,-19],[2,-21],[0,-21],[1,-23],[0,-24],[0,-14],[0,-14],[1,-15],[0,-15],[1,-15],[0,-16],[1,-15],[1,-16],[1,-15],[1,-16],[1,-15],[1,-16],[1,-15],[1,-15],[2,-14],[1,-14]],[[2324,2868],[0,1],[0,7],[0,8],[1,9],[0,10],[1,11],[0,11],[1,11],[0,12],[1,11],[0,11],[1,11],[0,10],[1,9],[0,8],[0,7],[0,6]],[[2330,3021],[1,0],[1,0],[1,0],[2,0],[1,0],[2,0],[1,0],[2,0],[2,0],[1,0],[2,0],[2,-1],[2,0],[2,0],[2,0],[2,0]],[[2420,3056],[-2,-4],[-1,-4],[-2,-4],[-1,-4],[-2,-4],[-2,-4],[-2,-4],[-2,-3],[-2,-3],[-2,-3],[-2,-2],[-2,-2],[-2,-1],[-1,-1],[-2,0],[-2,1],[-1,1],[-1,0],[-2,1],[-1,0],[-2,1],[-2,0],[-3,1],[-2,0],[-2,0],[-3,1],[-2,0],[-3,0],[-3,1],[-3,0],[-2,0],[-3,0]],[[1235,3083],[0,-42],[0,-41],[0,-41],[0,-40],[0,-39],[0,-38],[0,-35],[0,-34],[0,-31],[0,-28],[0,-25],[0,-22],[0,-19],[0,-14],[0,-10],[0,-5]],[[1501,2982],[0,-1],[0,-1],[0,-1],[-1,0],[-1,2],[-2,5],[-2,6],[-3,7],[-4,8],[-4,8],[-5,9],[-5,10],[-7,9],[-7,8],[-7,8],[-9,7],[-9,6],[-11,4],[-11,3],[-13,0],[-12,-1],[-13,0],[-14,0],[-13,0],[-14,0],[-13,0],[-13,1],[-13,0],[-11,1],[-11,0],[-10,1],[-9,1],[-7,0],[-6,1],[-4,0],[-2,0]],[[1505,3195],[0,-19],[0,-18],[0,-18],[-1,-18],[0,-17],[0,-16],[0,-16],[0,-15],[0,-14],[-1,-12],[0,-12],[0,-10],[-1,-10],[0,-7],[0,-6],[-1,-5]],[[1689,3205],[-4,-4],[-7,-4],[-10,-2],[-11,-2],[-14,-1],[-14,-1],[-16,0],[-16,0],[-16,0],[-15,0],[-15,1],[-13,1],[-12,1],[-10,0],[-7,1],[-4,0]],[[1689,3205],[1,-5],[0,-6],[0,-6],[1,-7],[0,-7],[1,-7],[0,-8],[1,-9],[0,-8],[0,-9],[0,-8],[1,-9],[0,-8],[0,-9],[0,-8],[0,-8],[0,-5],[0,-6],[1,-6],[0,-7],[1,-7],[1,-6],[1,-7],[1,-8],[2,-7],[1,-8],[2,-8],[1,-8],[2,-8],[2,-9],[1,-8],[2,-9]],[[985,3432],[-1,-36],[0,-39],[0,-42],[-1,-43],[0,-45],[0,-46],[0,-45],[0,-44],[0,-44],[0,-41],[0,-38],[0,-35],[0,-30],[0,-26],[0,-20],[0,-14]],[[1233,3541],[1,0],[0,-1],[0,-1],[0,-1],[0,-5],[0,-9],[0,-14],[0,-17],[0,-21],[0,-25],[0,-27],[0,-30],[0,-33],[1,-35],[0,-37],[0,-38],[0,-40],[0,-41],[0,-41],[0,-42]],[[1233,3541],[-3,3],[-4,3],[-6,1],[-8,1],[-8,0],[-9,0],[-10,0],[-10,-1],[-10,-1],[-9,-2],[-9,-1],[-9,-2],[-7,-1],[-7,-1],[-4,-2],[-3,0],[-4,-1],[-5,0],[-7,0],[-9,0],[-10,0],[-10,1],[-11,1],[-11,1],[-11,0],[-11,1],[-10,1],[-9,0],[-8,0],[-6,1],[-5,-1],[-2,0],[0,-1],[-1,-2],[0,-2],[0,-4],[0,-4],[-1,-5],[0,-6],[0,-7],[0,-8],[0,-8],[-1,-9],[0,-10],[0,-10],[0,-11],[0,-11],[0,-12]],[[2329,3559],[0,-12],[0,-16],[0,-21],[0,-23],[0,-26],[0,-28],[0,-28],[0,-29],[0,-29],[0,-27],[0,-26],[0,-23],[1,-21],[0,-16],[0,-11],[0,-6],[0,-5],[1,-8],[0,-10],[0,-12],[0,-14],[0,-15],[0,-15],[0,-16],[0,-16],[0,-16],[-1,-15],[0,-14],[0,-13],[0,-10],[0,-8],[0,-6],[0,-1],[0,-1],[0,-1]],[[2356,3020],[0,4],[0,3],[0,4],[0,5],[0,4],[0,5],[0,4],[0,5],[0,6],[0,5],[0,6],[0,5],[0,6],[0,6],[0,7],[0,6],[0,13],[1,13],[1,14],[1,15],[1,15],[2,16],[1,16],[2,17],[2,16],[1,17],[2,17],[1,16],[2,16],[1,16],[0,15],[1,15],[1,13],[0,12],[1,10],[1,8],[2,8],[1,6],[1,6],[2,4],[1,5],[1,4],[2,3],[1,4],[1,4],[1,4],[1,5],[0,6],[1,4],[0,5],[0,6],[0,7],[0,6],[1,8],[0,7],[0,8],[0,7],[0,8],[0,8],[0,8],[0,7],[0,7],[0,7],[0,6]],[[2424,3096],[-2,26],[-2,29],[-1,32],[-2,35],[-1,35],[-1,37],[-1,37],[-1,37],[0,36],[-1,35],[-1,33],[0,31],[0,28],[-1,24],[0,20],[0,16]],[[781,3611],[-1,-15],[-1,-19],[-1,-21],[-1,-23],[0,-25],[-1,-26],[0,-27],[-1,-26],[-1,-27],[0,-25],[0,-24],[-1,-23],[0,-20],[0,-17],[0,-13],[0,-10],[0,-11],[0,-16],[0,-22],[0,-26],[0,-29],[0,-33],[0,-33],[0,-35],[0,-35],[0,-34],[0,-32],[0,-30],[0,-26],[0,-22],[-1,-17],[0,-11]],[[1505,3195],[0,23],[0,22],[0,23],[0,22],[0,22],[0,21],[0,21],[0,19],[0,19],[0,17],[0,16],[0,14],[0,12],[0,11],[0,9],[0,6],[0,10],[0,12],[-1,13],[0,13],[0,13],[-1,14],[0,14],[-1,14],[0,13],[-1,13],[-1,12],[0,12],[-1,10],[0,9],[-1,7],[0,5],[-1,4],[0,5],[0,6],[0,7],[0,7],[0,7],[1,8],[0,8],[0,8],[1,9],[0,8],[0,8],[1,7],[0,7],[1,7],[0,6]],[[1233,3771],[0,-21],[0,-21],[0,-20],[0,-20],[0,-20],[0,-19],[0,-18],[0,-17],[0,-15],[0,-15],[0,-12],[0,-11],[0,-9],[0,-6],[0,-4],[0,-1],[0,-1]],[[1501,3768],[-2,-2],[-4,-1],[-5,-1],[-6,-1],[-7,0],[-7,1],[-9,0],[-8,1],[-9,1],[-8,1],[-9,1],[-8,0],[-9,1],[-7,1],[-7,0],[-6,1],[-9,0],[-10,0],[-10,0],[-10,0],[-10,0],[-9,0],[-10,0],[-10,0],[-10,0],[-10,0],[-10,0],[-9,0],[-10,0],[-10,0],[-10,0],[-10,0]],[[2663,3782],[0,-1],[-1,-2],[-1,-1],[0,-2],[-1,-2],[-1,-2],[-1,-2],[0,-2],[-1,-3],[-1,-2],[-1,-3],[0,-2],[-1,-3],[-1,-2],[0,-3],[-1,-3],[-1,-2],[0,-3],[-1,-3],[-1,-3],[0,-2],[-1,-3],[-1,-3],[0,-2],[-1,-3],[-1,-2],[-1,-2],[0,-3],[-1,-1]],[[774,3791],[1,-4],[0,-7],[1,-7],[1,-9],[1,-10],[1,-11],[0,-12],[1,-12],[1,-14],[1,-13],[0,-14],[0,-14],[0,-13],[0,-14],[0,-13],[-1,-13]],[[775,3795],[0,-1],[0,-1],[0,-1],[-1,0],[0,-1]],[[774,3791],[-2,-4],[-4,-3],[-5,-2],[-6,-2],[-7,-1],[-7,0],[-8,0],[-9,0],[-8,0],[-9,0],[-8,0],[-7,-1],[-7,-1],[-5,-3],[-4,-3],[-3,-4],[-3,-6],[-3,-5],[-3,-5],[-4,-5],[-3,-5],[-5,-4],[-4,-5],[-5,-4],[-4,-4],[-5,-3],[-5,-4],[-4,-3],[-5,-2],[-4,-3],[-4,-2],[-3,-2],[-4,-1],[-3,-3],[-3,-2],[-4,-2],[-3,-2],[-3,-2],[-3,0],[-2,1],[-3,2],[-3,3],[-3,6],[-3,8],[-2,10],[-3,13],[-3,16],[-3,19],[-2,15],[-3,12],[-3,11],[-3,8],[-3,6],[-3,5],[-3,3],[-3,1],[-3,1],[-4,-1],[-3,-1],[-2,-2],[-3,-3],[-2,-3],[-3,-3],[-1,-2]],[[1817,3600],[0,1],[-1,0],[0,1],[0,1],[-1,32],[-1,29],[-2,25],[-2,22],[-3,19],[-3,17],[-3,14],[-4,13],[-4,10],[-4,8],[-4,7],[-5,5],[-5,4],[-4,3],[-5,3],[-5,1],[-4,3],[-4,3],[-4,6],[-4,6],[-3,7],[-3,8],[-3,9],[-3,9],[-2,10],[-3,9],[-2,9],[-2,8],[-1,8],[-1,7],[-2,6],[0,5]],[[1663,3931],[-1,-2],[-1,-3],[-1,-4],[-1,-4],[-1,-5],[-1,-6],[-2,-6],[-1,-8],[-1,-8],[-2,-9],[-1,-9],[-1,-10],[0,-12],[-1,-12],[0,-12],[-1,-14],[0,-15],[0,-13],[-1,-11],[-1,-10],[-2,-8],[-1,-7],[-2,-6],[-2,-6],[-2,-5],[-1,-4],[-2,-5],[-1,-4],[-2,-5],[0,-6],[-1,-6],[0,-7],[0,-7],[0,-6],[1,-6],[0,-4],[1,-4],[1,-4],[1,-4],[0,-3],[1,-4],[1,-4],[1,-5],[0,-5],[1,-6],[0,-7],[0,-8],[0,-9],[-1,-11],[0,-12],[0,-13],[0,-14],[0,-15],[0,-15],[1,-16],[0,-15],[1,-16],[2,-15],[1,-14],[3,-14],[2,-13],[3,-12],[4,-10],[4,-8],[5,-9],[4,-10],[3,-11],[4,-12],[3,-13],[3,-13],[2,-14],[3,-14],[1,-14],[2,-13],[1,-13],[1,-11],[1,-11],[0,-10],[0,-8],[0,-6],[0,-1],[0,-1],[0,-1],[-1,0]],[[2498,4096],[1,6],[1,6],[1,7],[1,7],[1,7],[1,8],[1,7],[1,8],[1,8],[1,7],[1,8],[1,7],[0,7],[1,7],[0,6],[1,6],[0,7],[1,5],[2,3],[2,2],[3,1],[3,-1],[3,-1],[3,-2],[3,-3],[4,-2],[3,-3],[2,-3],[3,-3],[2,-2],[1,-1],[1,0],[1,0],[1,1],[1,2],[1,2],[0,3],[1,3],[2,3],[1,4],[1,3],[1,4],[1,4],[2,3],[1,3],[2,3],[2,3],[1,1]],[[1483,4453],[0,-6],[0,-9],[0,-12],[0,-14],[1,-15],[0,-17],[0,-18],[0,-19],[0,-18],[0,-18],[0,-17],[0,-16],[0,-14],[0,-12],[0,-10],[0,-7],[0,-8],[1,-16],[1,-21],[1,-26],[1,-31],[1,-33],[2,-36],[1,-38],[2,-38],[2,-37],[1,-36],[1,-35],[2,-30],[1,-27],[0,-22],[1,-16],[0,-1],[0,-1],[0,-1],[0,-1],[0,-1],[0,-1],[-1,-1],[0,-1],[0,-1],[0,-1],[0,-1],[0,-1],[0,-1]],[[1234,4453],[0,-16],[0,-23],[0,-28],[0,-34],[0,-37],[-1,-40],[0,-42],[0,-43],[0,-42],[0,-42],[-1,-39],[0,-36],[0,-32],[0,-27],[0,-21],[1,-14],[0,-5],[0,-6],[0,-6],[0,-8],[0,-9],[0,-9],[0,-10],[0,-11],[0,-11],[0,-12],[0,-12],[0,-13],[0,-13],[0,-14],[0,-14],[0,-13]],[[770,4481],[0,-12],[0,-12],[0,-13],[0,-12],[0,-12],[0,-13],[0,-12],[0,-12],[0,-13],[0,-12],[0,-12],[0,-13],[0,-12],[0,-13],[0,-12],[0,-12],[0,-14],[0,-21],[1,-27],[0,-32],[0,-36],[1,-39],[0,-41],[1,-41],[0,-42],[0,-40],[1,-38],[0,-35],[0,-30],[1,-25],[0,-18],[0,-10]],[[985,3432],[-1,2],[-2,2],[-1,1],[-1,2],[-1,2],[-1,1],[-1,2],[-1,1],[-1,1],[-1,1],[-1,0],[0,-1],[-1,0],[0,-1],[0,-2],[-1,-3],[-1,-3],[-2,-3],[-3,-2],[-3,-3],[-3,-2],[-4,-3],[-4,-2],[-4,-1],[-4,-2],[-4,-1],[-4,-2],[-4,-1],[-3,0],[-3,-1],[-2,0],[-2,3],[-3,7],[-2,12],[-3,15],[-3,17],[-3,20],[-3,22],[-3,22],[-3,22],[-2,22],[-3,22],[-2,19],[-3,17],[-2,14],[-1,10],[-1,6],[-1,4],[-1,2],[-1,1],[-1,1],[-1,0],[-1,0],[-1,-1],[-1,-1],[0,-2],[-1,-1],[-2,-1],[-1,0],[-1,-1],[-1,1],[-2,1],[-1,2],[-2,4],[-1,7],[-1,10],[0,13],[0,15],[0,17],[0,17],[0,19],[0,19],[1,19],[0,19],[1,18],[0,16],[0,15],[0,13],[0,11],[-1,10],[-2,12],[-2,14],[-3,15],[-3,16],[-4,17],[-4,17],[-4,18],[-5,17],[-4,16],[-4,16],[-4,14],[-3,13],[-3,11],[-2,9],[-1,7],[-1,7],[-1,12],[-1,16],[-1,19],[-1,23],[-1,25],[-1,27],[-1,28],[-1,29],[-1,29],[-1,29],[-1,28],[-1,26],[0,24],[-1,21],[-1,18]],[[2108,4976],[0,-42],[0,-52],[-1,-59],[0,-66],[-1,-70],[0,-74],[-1,-76],[0,-76],[0,-75],[0,-72],[0,-67],[1,-62],[0,-54],[1,-45],[1,-34],[2,-22],[1,-17],[2,-16],[2,-15],[1,-15],[2,-14],[2,-13],[2,-13],[2,-12],[3,-12],[3,-12],[3,-12],[3,-11],[4,-12],[5,-12],[5,-11],[6,-12],[6,-12],[5,-10],[5,-8],[5,-7],[5,-7],[4,-6],[4,-6],[4,-5],[4,-6],[3,-7],[3,-7],[3,-8],[3,-10],[3,-11],[2,-13],[3,-16],[3,-14],[3,-9],[4,-6],[4,-2],[5,0],[5,3],[5,4],[6,6],[5,6],[5,7],[5,6],[4,5],[4,4],[4,2],[3,-1],[2,-3],[1,-5],[1,-6],[1,-6],[0,-8],[0,-8],[0,-9],[0,-9],[0,-10],[-1,-10],[0,-10],[-1,-10],[0,-10],[-1,-9],[-1,-9],[0,-9],[-1,-8]],[[1020,5637],[1,-52],[0,-61],[1,-70],[0,-78],[0,-83],[0,-87],[0,-90],[0,-90],[0,-89],[0,-87],[0,-82],[0,-76],[0,-68],[0,-59],[0,-47],[-1,-33]],[[1767,6276],[-9,-46],[-13,-55],[-14,-61],[-16,-68],[-17,-71],[-17,-74],[-18,-75],[-18,-74],[-18,-73],[-16,-69],[-15,-65],[-14,-57],[-11,-49],[-9,-40],[-6,-28],[-3,-15],[-1,-15],[0,-29],[-1,-40],[0,-50],[-1,-59],[0,-65],[0,-69],[0,-73],[0,-74],[-1,-74],[0,-72],[0,-67],[0,-62],[0,-54],[0,-44],[0,-33]],[[666,6974],[-1,-58],[0,-78],[0,-95],[0,-108],[0,-119],[0,-126],[0,-129],[0,-130],[1,-125],[0,-119],[1,-108],[1,-92],[2,-75],[1,-52],[2,-25],[3,-15],[4,-18],[5,-23],[5,-26],[7,-29],[7,-32],[7,-33],[8,-35],[9,-36],[8,-36],[9,-36],[8,-35],[9,-34],[8,-32],[8,-30],[7,-27],[7,-25],[6,-23],[6,-21],[6,-20],[5,-19],[5,-19],[5,-18],[4,-17],[4,-18],[4,-17],[3,-18],[2,-19],[2,-20],[2,-20],[1,-23],[0,-23],[1,-21],[1,-20],[1,-20],[1,-20],[2,-19],[2,-19],[2,-18],[2,-17],[2,-16],[2,-15],[2,-14],[2,-13],[2,-11],[2,-10],[1,-9],[2,-6]],[[666,7008],[0,-34]],[[666,7008],[-10,0],[-10,0],[-9,1],[-10,0],[-9,0],[-9,1],[-9,0],[-8,1],[-9,0],[-8,1],[-8,0],[-8,1],[-8,1],[-8,1],[-7,0],[-7,1]],[[1024,7022],[-17,-2],[-19,-1],[-19,-2],[-21,-1],[-22,-1],[-22,-1],[-23,-2],[-23,-1],[-24,-1],[-25,0],[-24,-1],[-24,-1],[-24,0],[-24,0],[-24,0],[-23,0]],[[1024,7022],[0,-28],[0,-47],[-1,-63],[0,-78],[-1,-90],[-1,-100],[0,-107],[-1,-112],[0,-115],[-1,-114],[0,-111],[0,-106],[0,-97],[0,-87],[0,-73],[1,-57]],[[1330,4441],[0,49],[-2,66],[-1,80],[-1,92],[-2,101],[-2,107],[-1,112],[-2,112],[-2,111],[-1,107],[-2,101],[-1,92],[-1,80],[-1,67],[-1,51],[0,33],[0,19],[0,31],[0,42],[0,52],[0,61],[0,70],[0,77],[0,83],[0,89],[0,94],[0,97],[0,100],[0,102],[0,103],[0,104],[0,103]],[[1568,7017],[-7,0],[-9,1],[-11,0],[-12,1],[-13,1],[-15,0],[-16,1],[-17,1],[-18,1],[-19,1],[-19,1],[-20,1],[-20,0],[-21,1],[-20,1],[-21,1]],[[1310,7029],[-18,0],[-17,1],[-18,0],[-17,1],[-17,0],[-16,0],[-16,1],[-15,0],[-15,0],[-13,0],[-13,-1],[-12,0],[-11,-1],[-9,0],[-9,-1],[-7,-1],[-3,0],[-3,0],[-3,-1],[-3,0],[-3,-1],[-4,0],[-3,0],[-4,-1],[-4,0],[-5,-1],[-4,0],[-4,-1],[-5,0],[-5,0],[-5,-1],[-5,0]],[[529,7016],[-2,1],[-2,0],[-2,0],[-2,1],[-2,0],[-2,0],[-3,1],[-2,0],[-1,1],[-2,0],[-2,0],[-2,1],[-2,0],[-2,0],[-2,1],[-1,0],[-24,5],[-28,3],[-32,2],[-35,2],[-36,0],[-39,0],[-39,-1],[-39,-1],[-38,-2],[-37,-2],[-35,-2],[-32,-2],[-28,-2],[-24,-2],[-19,-2],[-13,-1]],[[2909,5039],[0,5],[0,6],[0,6],[0,6],[0,6],[0,6],[0,6],[0,6],[0,6],[0,6],[0,6],[0,5],[0,6],[0,5],[0,5],[0,5],[-1,7],[-1,6],[-1,6],[-3,5],[-3,4],[-3,4],[-5,3],[-6,2],[-6,2],[-8,2],[-8,0],[-10,1],[-11,0],[-13,0],[-13,-1],[-15,-1],[-15,-2],[-15,-1],[-13,-1],[-12,-1],[-11,-1],[-11,-1],[-9,0],[-8,0],[-8,0],[-6,1],[-6,1],[-4,2],[-4,3],[-2,4],[-2,4],[-1,5],[0,6],[-1,5],[0,6],[-1,6],[-1,5],[-1,6],[-1,5],[-1,6],[-1,6],[-1,5],[0,6],[-1,6],[-1,5],[0,6],[0,5],[-1,6],[1,6],[0,4],[1,5],[1,4],[1,4],[1,3],[1,4],[1,3],[2,2],[1,3],[1,2],[2,2],[1,2],[1,2],[1,2],[1,2],[0,3],[0,3],[0,5],[0,5],[0,6],[0,6],[0,6],[-1,7],[-1,7],[-1,6],[-1,6],[-1,6],[-1,5],[-1,4],[-1,3],[-2,2],[-1,0],[-2,-2],[-1,-3],[-2,-5],[-1,-6],[-2,-7],[-1,-8],[-2,-9],[-1,-9],[-1,-10],[-1,-9],[-1,-10],[-1,-9],[-1,-8],[0,-8],[0,-7],[0,-8],[0,-11],[0,-13],[0,-16],[0,-17],[-1,-18],[0,-19],[0,-19],[0,-19],[-1,-18],[-1,-16],[0,-15],[-1,-13],[-1,-9],[-1,-7],[-2,-2],[-1,0],[-2,3],[-1,5],[-2,6],[-2,8],[-2,9],[-1,10],[-2,11],[-2,10],[-2,11],[-2,11],[-1,10],[-2,9],[-2,8],[-1,7],[-2,5],[-1,4],[-2,4],[-2,2],[-2,2],[-3,1],[-2,1],[-2,1],[-3,0],[-3,0],[-2,0],[-3,0],[-2,0],[-2,0],[-2,0],[-2,1],[-2,1],[-1,3],[-2,4],[-1,6],[0,8],[-1,10],[0,10],[-1,10],[0,12],[0,11],[0,11],[-1,10],[0,10],[0,9],[-1,7],[0,5],[-1,4],[-1,2],[-1,1],[-1,0],[0,-1],[-1,-2],[-1,-1],[0,-3],[-1,-2],[-1,-3],[-1,-3],[0,-2],[-1,-2],[-1,-2],[-1,-2],[-1,0],[-1,0],[-1,1],[-2,2],[-1,4],[-1,4],[-1,5],[-1,5],[0,7],[-1,7],[-1,8],[0,8],[0,9],[0,9],[0,10],[0,10],[1,10],[1,10],[1,11],[0,10],[0,10],[0,9],[-1,10],[-1,10],[-1,9],[-2,10],[-1,10],[-2,11],[-2,11],[-2,11],[-2,13],[-2,12],[-2,14],[-2,14],[-2,15],[-1,14],[0,13],[0,14],[0,12],[1,12],[2,12],[1,11],[1,11],[2,11],[1,10],[2,9],[1,9],[0,8],[0,8],[0,8],[0,7],[-1,8],[0,7],[0,7],[0,7],[0,7],[0,6],[0,6],[1,5],[0,5],[1,4],[0,4],[1,3],[1,1],[1,1],[1,0],[1,0],[1,0],[1,0],[1,1],[1,2],[1,2],[2,2],[1,3],[1,4],[1,4],[0,4],[1,5],[1,6],[0,6],[0,6],[1,7],[0,6],[0,4],[1,3],[1,0],[2,-2],[2,-3],[2,-4],[2,-6],[3,-7],[2,-8],[3,-9],[3,-9],[3,-11],[3,-10],[3,-11],[3,-11],[4,-10],[4,-9],[4,-7],[5,-6],[4,-5],[5,-4],[6,-3],[5,-2],[5,-2],[5,-1],[5,0],[4,0],[4,0],[4,0],[3,0],[3,0],[2,1],[2,2],[2,3],[1,5],[1,5],[1,6],[0,8],[1,7],[0,9],[1,9],[1,9],[0,9],[1,10],[2,9],[1,10],[2,9],[2,9],[1,9],[1,8],[1,8],[1,8],[0,7],[0,7],[-1,8],[0,7],[-1,7],[-1,7],[-1,7],[-1,7],[-2,7],[-1,7],[-2,7],[-2,7],[-1,7],[-1,7],[-1,7],[0,7],[-1,7],[0,7],[-1,7],[-1,8],[0,7],[-1,8],[-1,8],[-1,8],[-2,9],[-2,9],[-2,9],[-2,11],[-2,11],[0,11],[-1,13],[0,13],[0,14],[1,15],[1,16],[1,16],[2,16],[1,18],[1,17],[2,19],[1,18],[2,20],[1,19],[1,19],[0,16],[0,15],[0,12],[0,12],[-1,10],[-1,9],[-1,8],[-1,8],[-2,8],[-1,8],[-2,8],[-2,8],[-2,9],[-2,10],[-2,11],[-2,12],[-1,12],[-1,11],[0,11],[1,11],[1,10],[1,10],[2,10],[1,9],[2,9],[1,9],[2,9],[1,7],[1,8],[1,7],[0,7],[-1,6],[0,6],[-2,5],[-1,4],[-2,4],[-1,4],[-2,3],[-2,3],[-3,3],[-2,3],[-2,2],[-2,3],[-1,2],[-2,3],[-1,3],[-1,2],[-1,3],[0,4],[0,3],[0,5],[0,4],[0,5],[0,6],[1,6],[0,7],[1,8],[0,8],[1,10],[0,10],[1,11],[0,13],[1,13],[0,10],[0,10],[0,11],[-1,11],[0,12],[-1,12],[0,12],[-1,13],[-1,12],[-1,13],[-1,12],[-2,12],[-1,12],[-1,12],[-1,10],[-1,11]],[[529,7016],[0,9],[0,10],[-1,10],[-1,10],[-1,12],[-1,11],[-1,11],[-2,12],[-2,11],[-1,10],[-2,11],[-2,9],[-2,9],[-2,8],[-2,7],[-2,6],[-4,6],[-4,5],[-6,4],[-6,3],[-7,2],[-7,2],[-7,2],[-7,2],[-8,2],[-6,3],[-7,3],[-5,4],[-5,5],[-3,6],[-3,7],[0,10],[-1,11],[-1,14],[-1,16],[-2,17],[-3,19],[-3,19],[-4,21],[-4,20],[-4,20],[-4,19],[-5,19],[-5,17],[-5,16],[-5,13],[-5,11],[-5,8],[-5,8],[-5,10],[-5,13],[-5,15],[-4,17],[-5,18],[-4,20],[-4,21],[-4,22],[-3,22],[-3,23],[-3,24],[-2,23],[-2,23],[-2,23],[0,22],[-1,22],[-2,22],[-3,23],[-3,23],[-5,22],[-4,22],[-5,22],[-6,22],[-5,20],[-6,20],[-6,19],[-6,18],[-6,16],[-6,15],[-6,13],[-5,12],[-4,11],[-4,13],[-3,14],[-1,15],[-2,16],[0,17],[-1,16],[1,17],[0,17],[1,16],[1,16],[1,15],[1,15],[1,13],[0,12],[0,10],[0,9],[-1,8],[-1,7],[-2,6],[-3,5],[-2,5],[-3,3],[-3,4],[-3,3],[-3,2],[-3,3],[-3,2],[-3,3],[-3,2],[-2,3],[-2,3],[-1,5],[-2,7],[-1,10],[-1,11],[-1,13],[-1,15],[-1,16],[-1,16],[0,16],[-1,16],[-1,16],[-1,15],[-1,14],[-1,13],[-1,10],[-1,9],[-2,6],[-3,6],[-3,4],[-4,3],[-4,2],[-4,1],[-5,1],[-5,0],[-6,-1],[-5,0],[-5,-1],[-5,-2],[-5,-1],[-4,-1],[-4,0],[-3,0],[-3,1],[-2,2],[-2,5],[-2,6],[-1,7],[-1,9],[-1,9],[0,10],[-1,10],[0,11],[-1,11],[0,10],[-1,10],[-1,10],[-2,9],[-2,7],[-1,7],[-1,11],[-1,13],[-1,16],[-1,18],[0,21],[-1,21],[0,23],[0,24],[0,24],[0,24],[0,24],[0,24],[0,22],[0,21],[0,20]],[[641,9239],[-1,-16],[0,-18],[0,-21],[0,-21],[0,-23],[0,-24],[0,-25],[0,-24],[0,-25],[0,-24],[0,-23],[0,-22],[0,-20],[0,-19],[0,-16],[0,-14],[3,-19],[8,-26],[13,-32],[16,-36],[19,-40],[22,-43],[23,-45],[25,-46],[24,-47],[24,-45],[23,-43],[21,-41],[19,-36],[15,-32],[11,-25],[7,-19],[4,-13],[4,-11],[5,-8],[6,-7],[5,-4],[6,-2],[5,-2],[6,0],[5,1],[6,2],[4,2],[5,2],[4,3],[4,1],[3,2],[2,0],[2,-1],[3,-3],[3,-5],[3,-7],[4,-8],[3,-10],[4,-10],[5,-12],[4,-12],[4,-13],[4,-13],[5,-14],[4,-13],[4,-13],[4,-13],[4,-12],[6,-12],[10,-11],[14,-11],[16,-11],[19,-10],[21,-10],[22,-10],[23,-10],[22,-8],[22,-9],[21,-8],[18,-8],[16,-7],[12,-7],[9,-6],[5,-5],[0,-8],[1,-17],[1,-27],[1,-34],[0,-43],[1,-50],[1,-57],[0,-63],[0,-69],[1,-74],[0,-79],[0,-83],[1,-86],[0,-90],[0,-91],[0,-93]],[[1023,9999],[-1,-4],[0,-13],[0,-12],[0,-12],[0,-12],[0,-12],[0,-12],[0,-12],[0,-21],[0,-21],[0,-21],[0,-21],[0,-20],[0,-21],[0,-21],[0,-21],[-1,-20],[0,-21],[0,-21],[0,-22],[0,-21],[0,-22],[1,-21],[0,-23],[0,-9],[0,-10],[0,-9],[0,-9],[0,-10],[0,-9],[0,-9],[-1,-9],[0,-9],[0,-9],[0,-10],[0,-9],[0,-9],[0,-10],[0,-9],[0,-9],[0,-7],[0,-6],[1,-7],[0,-7],[0,-7],[1,-7],[0,-7],[0,-6],[0,-7],[0,-5],[0,-5],[-1,-5],[0,-3],[-1,-3],[0,-2],[-1,0],[-5,0],[-5,0],[-5,0],[-6,0],[-5,0],[-6,1],[-5,0],[-6,0],[-6,0],[-6,0],[-5,0],[-6,0],[-5,0],[-5,-1],[-5,0],[-5,-1],[0,-4],[-1,-4],[0,-4],[-1,-4],[0,-3],[-1,-3],[-1,-3],[-1,-3],[0,-2],[-1,-2],[-1,-1],[-1,-1],[-1,-1],[-2,0],[-1,0],[-1,0],[0,3],[0,2],[0,2],[0,2],[0,2],[0,2],[-1,1],[0,2],[0,2],[0,2],[0,1],[-1,2],[0,2],[0,2],[0,2],[-1,2],[-4,3],[-4,2],[-4,2],[-4,1],[-4,1],[-4,1],[-4,0],[-4,0],[-4,0],[-4,-1],[-4,0],[-4,-1],[-4,-1],[-4,-1],[-4,-1],[-4,-1],[-3,-1],[-4,-1],[-4,-1],[-4,0],[-4,-1],[-4,0],[-4,0],[-4,0],[-4,0],[-4,0],[-4,0],[-4,0],[-3,0],[-4,0],[-4,0],[-4,0],[-3,0],[-2,0],[-2,0],[-3,0],[-2,0],[-2,0],[-3,0],[-2,0],[-2,0],[-3,0],[-1,0]]]}