{"type":"Topology","transform":{"scale":[0.01728538283828383,0.006205575457545754],"translate":[-141.085671,8.01137]},"objects":{"admin0_lines":{"type":"GeometryCollection","geometries":[{"type":"LineString","arcs":[0]},{"type":"LineString","arcs":[1]},{"type":"LineString","arcs":[2]},{"type":"LineString","arcs":[3]},{"type":"LineString","arcs":[4]},{"type":"LineString","arcs":[5]},{"type":"LineString","arcs":[6]},{"type":"LineString","arcs":[7]},{"type":"LineString","arcs":[8]},{"type":"LineString","arcs":[9]},{"type":"LineString","arcs":[10]},{"type":"LineString","arcs":[11]},{"type":"LineString","arcs":[12]},{"type":"LineString","arcs":[13]},{"type":"LineString","arcs":[14]},{"type":"LineString","arcs":[15]},{"type":"LineString","arcs":[16]},{"type":"LineString","arcs":[17]},{"type":"LineString","arcs":[18]},{"type":"LineString","arcs":[19]},{"type":"LineString","arcs":[20]},{"type":"LineString","arcs":[21]},{"type":"LineString","arcs":[22]},{"type":"LineString","arcs":[23]},{"type":"LineString","arcs":[24]},{"type":"LineString","arcs":[25]},{"type":"LineString","arcs":[26]},{"type":"LineString","arcs":[27]},{"type":"LineString","arcs":[28]},{"type":"LineString","arcs":[29]},{"type":"LineString","arcs":[30]},{"type":"LineString","arcs":[31]},{"type":"LineString","arcs":[32]},{"type":"LineString","arcs":[33]},{"type":"LineString","arcs":[34]},{"type":"LineString","arcs":[35]},{"type":"LineString","arcs":[36]},{"type":"LineString","arcs":[37]},{"type":"LineString","arcs":[38]},{"type":"LineString","arcs":[39]},{"type":"LineString","arcs":[40]},{"type":"LineString","arcs":[41]},{"type":"LineString","arcs":[42]},{"type":"LineString","arcs":[43]},{"type":"LineString","arcs":[44]},{"type":"LineString","arcs":[45]},{"type":"LineString","arcs":[46]},{"type":"LineString","arcs":[47]},{"type":"LineString","arcs":[48]},{"type":"LineString","arcs":[49]},{"type":"LineString","arcs":[50]},{"type":"LineString","arcs":[51]},{"type":"LineString","arcs":[52]},{"type":"LineString","arcs":[53]},{"type":"LineString","arcs":[54]},{"type":"LineString","arcs":[55]},{"type":"LineString","arcs":[56]},{"type":"LineString","arcs":[57]},{"type":"LineString","arcs":[58]},{"type":"LineString","arcs":[59]},{"type":"LineString","arcs":[60]},{"type":"LineString","arcs":[61]},{"type":"LineString","arcs":[62]},{"type":"LineString","arcs":[63]},{"type":"LineString","arcs":[64]},{"type":"LineString","arcs":[65]},{"type":"LineString","arcs":[66]},{"type":"LineString","arcs":[67]},{"type":"LineString","arcs":[68]},{"type":"LineString","arcs":[69]},{"type":"LineString","arcs":[70]},{"type":"LineString","arcs":[71]},{"type":"LineString","arcs":[72]},{"type":"LineString","arcs":[73]},{"type":"LineString","arcs":[74]},{"type":"LineString","arcs":[75]},{"type":"LineString","arcs":[76]},{"type":"LineString","arcs":[77]},{"type":"LineString","arcs":[78]},{"type":"LineString","arcs":[79]},{"type":"LineString","arcs":[80]},{"type":"LineString","arcs":[81]},{"type":"LineString","arcs":[82]},{"type":"LineString","arcs":[83]},{"type":"LineString","arcs":[84]},{"type":"LineString","arcs":[85]},{"type":"LineString","arcs":[86]},{"type":"LineString","arcs":[87]},{"type":"LineString","arcs":[88]},{"type":"LineString","arcs":[89]},{"type":"LineString","arcs":[90]},{"type":"LineString","arcs":[91]},{"type":"LineString","arcs":[92]},{"type":"LineString","arcs":[93]},{"type":"LineString","arcs":[94]},{"type":"LineString","arcs":[95]},{"type":"LineString","arcs":[96]},{"type":"LineString","arcs":[97]},{"type":"LineString","arcs":[98]},{"type":"LineString","arcs":[99]},{"type":"LineString","arcs":[100]},{"type":"LineString","arcs":[101]},{"type":"LineString","arcs":[102]},{"type":"LineString","arcs":[103]},{"type":"LineString","arcs":[104]},{"type":"LineString","arcs":[105]},{"type":"LineString","arcs":[106]},{"type":"LineString","arcs":[107]}]}},"arcs":[[[3364,0],[1,7],[0,8],[1,7],[1,8],[1,9],[0,8],[1,8],[0,8],[1,9],[0,8],[1,8],[0,7],[0,8],[0,7],[0,7],[0,6]],[[3371,123],[0,7],[0,6],[-1,8],[0,8],[0,9],[0,9],[0,9],[1,10],[0,10],[0,10],[1,11],[0,10],[1,11],[0,11],[1,11],[1,10]],[[3192,502],[5,0],[6,0],[5,0],[7,-1],[6,0],[6,-1],[6,-1],[7,-2],[6,-1],[6,-2],[6,-3],[5,-2],[5,-4],[5,-3],[4,-4],[4,-5],[3,-4],[3,-4],[3,-3],[3,-4],[3,-3],[3,-3],[3,-2],[3,-3],[2,-2],[3,-2],[3,-2],[2,-1],[3,-1],[2,-1],[3,-1],[2,0]],[[3097,772],[4,3],[4,4],[4,5],[4,4],[4,5],[3,6],[4,5],[4,6],[3,6],[3,6],[2,7],[3,7],[2,7],[1,7],[1,8],[0,8],[1,12],[0,11],[2,11],[2,10],[2,8],[3,8],[3,7],[3,6],[4,5],[4,4],[4,3],[4,1],[4,0],[4,-2],[5,-3],[4,-4],[4,-3],[4,2],[3,5],[4,8],[4,11],[3,13],[4,14],[4,15],[4,16],[4,14],[4,14],[5,12],[4,11],[5,7],[6,4],[6,0],[4,-1],[4,-1],[5,-1],[5,0],[5,-1],[6,1],[5,0],[6,2],[6,1],[5,2],[6,2],[6,3],[6,4],[5,4],[6,5],[5,5]],[[2960,929],[3,4],[2,3],[2,4],[2,4],[2,4],[2,4],[2,4],[2,4],[2,5],[1,4],[2,5],[1,4],[1,5],[1,5],[0,5],[1,5],[0,11],[1,11],[2,13],[2,13],[2,13],[2,13],[3,13],[3,13],[3,13],[3,12],[4,12],[4,10],[4,9],[4,8],[4,7],[5,5],[2,2],[2,3],[2,3],[2,3],[2,4],[2,4],[2,4],[2,5],[2,5],[2,5],[3,5],[2,6],[1,5],[2,6],[2,6],[2,6]],[[2999,1577],[-1,-15],[0,-17],[-1,-19],[0,-21],[-1,-21],[0,-23],[0,-22],[0,-23],[0,-22],[0,-21],[0,-20],[0,-19],[1,-16],[0,-15],[0,-11],[1,-8],[0,-4],[1,-3],[0,-3],[1,-3],[1,-2],[2,-1],[1,-2],[1,-1],[2,0],[2,-1],[2,0],[1,0],[2,1],[2,0],[2,1],[2,1]],[[2824,1046],[0,8],[0,8],[1,8],[0,9],[1,9],[0,10],[1,11],[1,10],[0,11],[1,12],[0,11],[1,13],[1,12],[1,13],[0,13],[1,14],[2,22],[4,19],[4,15],[6,12],[6,9],[7,7],[8,5],[8,3],[7,2],[8,1],[8,1],[7,1],[6,2],[6,2],[4,3],[4,6],[2,6],[1,7],[0,7],[0,7],[-1,8],[-2,7],[-2,7],[-2,7],[-3,7],[-4,7],[-3,5],[-4,5],[-4,5],[-3,3],[-4,3],[-3,2],[-3,1],[-3,4],[-3,4],[-2,5],[-3,6],[-2,6],[-2,7],[-1,7],[-1,7],[-1,6],[0,7],[0,5],[1,5],[1,3],[2,2],[2,1],[3,1],[3,1],[2,3],[2,3],[2,4],[2,4],[1,5],[2,6],[1,6],[1,6],[1,7],[1,7],[1,7],[0,8],[0,7],[0,7],[1,5],[2,5],[4,3],[5,1],[6,2],[6,0],[7,-1],[8,-1],[8,-1],[8,-2],[8,-2],[8,-2],[7,-3],[7,-2],[6,-2],[5,-2]],[[2999,1577],[1,3],[0,3],[0,3],[1,3],[0,3],[0,2],[1,3],[0,2],[0,1],[1,2],[0,1],[0,1],[1,1],[0,1],[1,0],[2,2],[3,3],[2,5],[2,7],[2,8],[2,9],[3,10],[2,10],[3,9],[3,9],[2,9],[3,7],[4,6],[3,3],[4,2],[4,0],[0,-1],[1,0],[0,-1],[1,0],[1,-1],[1,0],[0,-1],[1,-1],[1,-1],[1,-1]],[[4015,1909],[0,-8],[0,-8],[-1,-9],[0,-9],[0,-10],[0,-10],[-1,-10],[0,-11],[0,-10],[0,-11],[-1,-10],[0,-10],[0,-11],[-1,-10],[0,-9],[0,-9],[-1,-11],[0,-11],[0,-11],[1,-11],[0,-11],[0,-12],[1,-11],[0,-12],[0,-11],[1,-12],[0,-13],[1,-12],[0,-12],[0,-13],[1,-13],[0,-13]],[[2543,2900],[-1,-2],[-1,-2],[-1,-2],[-1,-2],[-1,-2],[-1,-2],[-1,-2],[-1,-2],[-1,-2],[-1,-2],[-1,-2],[-1,-3],[0,-2],[-1,-2],[-1,-2],[-1,-2],[-1,1],[-2,1],[-2,2],[-4,2],[-4,3],[-5,4],[-6,5],[-6,5],[-7,6],[-7,6],[-7,7],[-8,8],[-7,8],[-7,8],[-8,9],[-7,10],[-6,11],[-5,13],[-4,14],[-4,15],[-3,17],[-3,17],[-2,18],[-2,19],[-2,19],[-2,18],[-3,18],[-2,18],[-4,17],[-3,16],[-5,15],[-5,14],[-6,14],[-5,16],[-6,18],[-5,18],[-4,20],[-5,21],[-5,20],[-4,21],[-5,20],[-4,19],[-5,19],[-5,16],[-5,15],[-5,13],[-6,10],[-5,8],[-6,6],[-5,6],[-5,6],[-4,5],[-4,5],[-4,5],[-4,4],[-4,3],[-4,1],[-4,0],[-4,-1],[-5,-3],[-5,-5],[-5,-7],[-6,-9],[-6,-11],[-7,-12],[-5,-12],[-5,-11],[-4,-10],[-4,-9],[-3,-7],[-3,-7],[-3,-6],[-4,-5],[-3,-3],[-4,-2],[-4,-1],[-6,1],[-6,2],[-6,4],[-9,5],[-8,7],[-8,11],[-7,13],[-7,16],[-6,18],[-6,19],[-6,20],[-5,21],[-5,21],[-4,21],[-4,20],[-4,20],[-4,18],[-4,16],[-3,14],[-3,11],[-4,10],[-4,11],[-5,11],[-5,12],[-6,11],[-6,12],[-6,11],[-6,11],[-6,11],[-5,9],[-5,9],[-4,7],[-4,6],[-2,5],[-2,3],[-1,1],[-1,0],[-1,1],[-1,0],[-1,0],[0,1],[-1,0],[-1,0],[0,1],[-1,0],[-1,0],[-16,6],[-13,4],[-11,2],[-10,0],[-9,-1],[-7,-2],[-6,-4],[-5,-4],[-4,-6],[-4,-6],[-2,-6],[-2,-8],[-1,-7],[-2,-8],[0,-7],[-1,-8],[-1,-4],[-1,-3],[-1,-3],[-2,-2],[-1,-2],[-2,-2],[-3,-2],[-3,-1],[-3,-1],[-3,0],[-3,0],[-4,0],[-4,0],[-5,0],[-5,1],[-5,1],[-5,1],[-6,1],[-6,1],[-6,2],[-7,1],[-7,2],[-7,2],[-8,2],[-8,2],[-8,2],[-9,2],[-9,2],[-9,2],[-9,2],[-10,2],[-10,2],[-19,5],[-16,7],[-15,8],[-12,9],[-11,9],[-10,11],[-9,11],[-7,11],[-7,11],[-6,10],[-6,10],[-6,8],[-7,8],[-6,5],[-8,5],[-8,2],[-7,1],[-7,1],[-6,2],[-5,3],[-4,3],[-4,3],[-3,3],[-3,4],[-2,4],[-2,4],[-2,5],[-1,4],[-1,5],[-1,4],[-1,5],[-1,4],[0,1],[0,1],[0,1],[0,1],[0,1],[0,1],[-1,0],[-1,3],[-3,3],[-5,1],[-6,1],[-8,0],[-8,0],[-9,-1],[-10,-1],[-11,-2],[-11,-2],[-11,-2],[-11,-2],[-11,-2],[-10,-3],[-10,-2],[-9,-3]],[[9373,5283],[0,-1],[1,-1],[0,-1],[0,-1],[0,-1],[0,-1],[0,-1],[0,-1],[-1,-3],[0,-5],[-1,-7],[0,-9],[-2,-11],[-1,-12],[-2,-13],[-3,-14],[-2,-15],[-4,-15],[-4,-14],[-4,-15],[-5,-14],[-6,-13],[-6,-11],[-7,-11]],[[7737,4709],[0,14],[0,13],[2,13],[2,12],[2,12],[2,11],[2,11],[3,9],[2,9],[2,8],[2,8],[1,6],[1,6],[0,4],[0,4],[-1,3],[-2,2],[-2,2],[-2,2],[-2,3],[-1,2],[-2,3],[-1,3],[-1,3],[-1,3],[-1,4],[0,4],[0,5],[0,5],[1,6],[2,7],[2,7],[2,8],[1,9],[1,9],[0,9],[0,9],[0,10],[-1,10],[-1,10],[-2,9],[-1,10],[-2,9],[-2,10],[-2,8],[-3,9],[-2,8],[-2,7],[-2,6],[0,5],[0,4],[1,3],[2,2],[2,2],[3,2],[3,1],[3,2],[3,2],[3,2],[3,3],[2,4],[2,5],[1,6],[0,8],[0,9],[0,10],[0,11],[1,11],[1,13],[1,12],[1,13],[1,14],[2,13],[1,13],[1,13],[1,13],[2,13],[0,11],[1,12],[1,10]],[[9496,5371],[-2,-1],[-1,-1],[-1,0],[-1,-1],[-1,-1],[-2,-1],[-1,-1],[-1,0],[-1,-1],[-1,-1],[-1,0],[-1,0],[0,-1],[-1,0],[-1,0],[-1,0],[-2,-1],[-1,-1],[-1,-2],[-1,-1],[-1,-2],[-1,-3],[-1,-2],[-1,-2],[-1,-2],[-2,-2],[-1,-2],[-2,-1],[-2,-2],[-3,0],[-3,-1],[-4,0],[-3,0],[-3,0],[-2,-1],[-3,-1],[-2,-1],[-2,-1],[-2,-1],[-2,-2],[-2,-2],[-1,-2],[-2,-3],[-1,-3],[-1,-4],[-2,-3],[-1,-5],[-1,-3],[-2,-3],[-2,-2],[-3,-3],[-3,-2],[-3,-2],[-3,-2],[-4,-2],[-4,-1],[-4,-1],[-4,-1],[-3,-1],[-4,-1],[-4,-1],[-3,0],[-3,-1]],[[9668,5272],[4,10],[3,9],[3,9],[2,8],[2,8],[2,7],[2,7],[2,6],[1,6],[1,5],[1,6],[2,5],[1,4],[1,5],[1,4],[1,4],[1,5],[1,4],[0,4],[1,4],[0,4],[0,4],[-1,4],[0,3],[-1,3],[-1,3],[0,3],[-1,3],[-1,2],[-1,2],[-1,1],[-1,1]],[[9496,5371],[3,4],[5,3],[4,3],[4,4],[5,4],[5,3],[4,4],[5,3],[5,3],[4,2],[5,2],[4,2],[4,1],[3,0],[4,-1],[3,-1],[3,-3],[4,-3],[3,-3],[4,-3],[4,-4],[3,-3],[4,-4],[4,-3],[4,-3],[5,-3],[4,-3],[5,-3],[5,-1],[5,-2],[6,-1],[6,0],[6,0],[5,0],[5,0],[4,1],[4,1],[4,1],[3,2],[2,2],[3,2],[2,3],[1,3],[2,4],[1,4],[0,5],[1,5],[0,6],[0,6],[0,5],[1,4],[1,4],[1,2],[1,2],[1,2],[1,1],[2,0],[1,0],[1,0],[2,-1],[1,-1],[1,-1],[2,-1],[1,-1]],[[9349,5445],[-1,-9],[0,-9],[-1,-9],[0,-9],[-1,-9],[0,-9],[0,-10],[0,-9],[0,-9],[1,-8],[0,-8],[2,-8],[1,-7],[2,-7],[2,-5],[3,-5],[2,-4],[2,-3],[1,-3],[2,-3],[1,-2],[2,-2],[1,-2],[1,-2],[1,-2],[0,-2],[1,-1],[1,-1],[0,-2],[1,-1],[0,-1],[0,-1]],[[7773,5305],[0,10],[2,9],[1,10],[3,10],[2,9],[2,9],[3,9],[2,9],[2,9],[1,9],[1,8],[0,9],[0,8],[-1,8],[-3,8],[-3,7],[-4,7],[-4,6],[-4,4],[-4,4],[-3,2],[-4,2],[-3,0],[-4,0],[-3,-1],[-3,-2],[-4,-2],[-3,-2],[-3,-3],[-4,-3],[-3,-4],[-3,-4],[-4,-3],[-3,-3],[-3,-1],[-4,-1],[-3,-1],[-3,1],[-3,1],[-3,2],[-3,2],[-2,3],[-3,4],[-2,4],[-3,4],[-2,5],[-2,6],[-1,5],[-1,4],[-2,2],[-1,2],[-2,1],[-2,1],[-2,0],[-3,0],[-2,-1],[-3,-1],[-2,-2],[-3,-2],[-3,-2],[-2,-2],[-3,-2],[-3,-3],[-2,-2]],[[9692,5425],[1,5],[1,5],[2,5],[2,5],[2,6],[2,6],[2,5],[3,5],[2,5],[3,5],[3,4],[3,3],[3,3],[4,1],[3,1],[4,-1],[5,-1],[3,-2],[3,-1],[3,-2],[2,-2],[1,-1],[2,-2],[1,-1],[0,-2],[1,-1],[0,-1],[1,-1],[1,-1],[1,-1],[1,-1],[1,-1],[2,0],[1,0],[2,0],[1,0],[2,0],[2,0],[1,0],[2,1],[2,0],[2,0],[1,1],[2,0],[1,1],[2,0],[1,1],[2,0]],[[9349,5445],[2,4],[1,4],[2,5],[1,5],[2,4],[2,5],[2,5],[2,5],[2,4],[1,5],[2,4],[2,3],[2,4],[1,3],[2,2],[1,2],[2,2],[2,2],[1,0],[2,0],[1,0],[2,-1],[1,-1],[1,-2],[1,-1],[1,-2],[1,-1],[1,-2],[2,-1],[1,0],[1,-1],[1,0],[0,1],[1,0],[1,1],[1,0],[1,1],[0,1],[1,0],[1,1],[1,1],[1,0],[0,1],[1,1],[1,1],[1,1]],[[9453,5529],[1,0],[0,-1],[3,-4],[3,-5],[3,-5],[4,-7],[3,-7],[3,-9],[4,-9],[3,-9],[3,-11],[3,-11],[2,-12],[3,-13],[2,-13],[1,-13],[1,-14],[1,-15]],[[9408,5511],[3,2],[3,2],[2,3],[3,2],[3,2],[3,2],[3,2],[3,2],[3,2],[3,1],[3,1],[3,0],[3,0],[2,0],[3,-1],[2,-2]],[[9325,5567],[1,-6],[2,-6],[1,-5],[2,-5],[2,-5],[3,-5],[2,-6],[2,-5],[3,-5],[2,-5],[2,-6],[1,-5],[2,-6],[1,-6],[0,-7],[0,-6],[0,-2],[0,-2],[0,-1],[0,-2],[0,-2],[0,-2],[0,-2],[-1,-2],[0,-2],[0,-2],[0,-3],[0,-2],[0,-2],[-1,-2],[0,-3],[0,-2]],[[9419,5580],[0,-3],[-1,-2],[-1,-4],[-1,-3],[0,-4],[-1,-4],[-1,-4],[-1,-4],[0,-5],[-1,-5],[-1,-5],[0,-5],[-1,-5],[-1,-5],[0,-6],[-1,-5]],[[9325,5567],[0,-1],[-1,0],[0,-1],[-1,-1],[0,-1],[-1,0],[0,-1],[-1,-1],[-1,-1],[0,-1],[-1,-1],[-1,-1],[0,-1],[-1,-1],[0,-1],[-1,-1],[0,-1],[-1,-1],[-1,-1],[0,-1],[-1,0],[-1,-1],[-1,0],[-1,0],[0,1],[-1,0],[0,1],[0,1],[-1,1],[0,1],[0,1],[0,1],[0,2],[0,1],[0,1],[0,1],[0,2],[0,1],[0,1],[-1,1],[0,1],[0,2],[0,3],[0,2],[-1,2],[0,1],[-1,2],[0,1],[-1,1],[0,1],[-1,0],[-1,0],[-1,-1],[-1,-1],[-1,-2],[-1,-1],[-1,-2],[-1,-2],[-1,-2],[-1,-2],[-1,-3],[-1,-2],[-1,-2],[0,-3],[-1,-2],[-1,-2],[-1,-3],[0,-2],[-1,-3],[-1,-2],[0,-3],[-1,-2],[-1,-3],[-1,-3],[0,-3],[-1,-3],[0,-3],[-1,-3],[0,-3],[-1,-2],[0,-3],[0,-3],[0,-3],[0,-3],[1,-3],[0,-3],[1,-4],[1,-3],[0,-1],[0,-2],[0,-1],[1,-1],[0,-2],[0,-1],[0,-1],[0,-2],[0,-1],[0,-2],[0,-1],[0,-1],[0,-2],[0,-1],[0,-2],[0,-1],[-1,-2],[0,-2],[-1,-3],[0,-2],[-1,-2],[-1,-2],[-1,-2],[0,-1]],[[9335,5617],[0,-1],[1,-1],[0,-1],[0,-1],[0,-1],[0,-1],[1,0],[0,-1],[0,-1],[0,-1],[0,-1],[0,-1],[0,-4],[-1,-2],[0,-3],[-1,-2],[-2,-1],[-1,-1],[-1,-1],[-1,-2],[-2,-1],[-1,-2],[-1,-1],[-1,-3],[0,-3],[0,-3],[0,-5],[0,-5]],[[3383,5574],[1,3],[1,2],[1,4],[1,3],[1,3],[1,4],[1,4],[1,4],[0,4],[1,4],[1,3],[0,4],[1,4],[0,3],[1,4],[0,3],[0,1],[0,1],[0,1],[0,1],[0,1],[0,1],[0,1],[0,1],[0,1],[0,1],[0,1]],[[9335,5617],[2,4],[1,3],[2,4],[2,4],[2,3],[1,4],[2,3],[2,4],[1,3],[2,3],[1,3],[2,3],[1,2],[1,2],[1,2],[1,2],[2,2],[2,1],[1,0],[3,-1],[2,-1],[2,-2],[2,-3],[2,-3],[3,-3],[2,-4],[2,-3],[1,-4],[2,-4],[1,-4],[1,-4],[1,-4],[0,-3],[1,-4],[1,-3],[1,-4],[2,-3],[1,-4],[1,-3],[2,-3],[1,-3],[2,-3],[2,-2],[1,-2],[2,-2],[1,-1],[1,-1],[2,0],[1,0],[1,0],[1,0],[2,1],[1,0],[1,0],[1,1],[1,0],[1,0],[0,-1],[1,0],[0,-1],[0,-2],[0,-1],[0,-2],[-1,-3]],[[3586,5672],[0,-1],[0,-1],[0,-1],[0,-2],[0,-1],[0,-1],[0,-1],[0,-1],[0,-1],[0,-1],[0,-1],[0,-1],[1,-1],[0,-1],[0,-1],[1,0]],[[8059,5708],[3,-4],[3,-5],[3,-4],[3,-5],[3,-4],[3,-5],[3,-5],[3,-4],[2,-5],[3,-5],[3,-4],[2,-5],[2,-4],[2,-4],[2,-4],[2,-4],[3,-6],[4,-6],[6,-6],[6,-5],[8,-5],[7,-4],[9,-4],[8,-4],[8,-3],[8,-3],[7,-2],[7,-2],[5,-1],[5,0],[3,1],[2,1],[1,1],[2,1],[1,2],[2,0],[3,1],[2,0],[3,0],[3,-1],[3,-1],[3,-2],[3,-2],[4,-4],[4,-4],[4,-5],[4,-6],[4,-6],[4,-7],[5,-6],[6,-4],[6,-4],[6,-3],[6,-2],[6,-1],[6,-1],[6,0],[6,1],[5,0],[5,1],[4,1],[4,1],[3,2],[1,1],[1,0],[1,1],[1,0],[2,1],[1,1],[2,0],[1,1],[2,0],[2,1],[1,0],[2,1],[2,0],[2,1],[2,0],[1,1],[2,0]],[[9273,5731],[1,-3],[1,-3],[0,-3],[2,-4],[1,-4],[1,-4],[1,-4],[2,-4],[1,-4],[2,-4],[2,-4],[2,-4],[1,-4],[2,-3],[2,-3],[3,-2],[2,-3],[2,-3],[3,-3],[3,-3],[3,-3],[2,-4],[3,-3],[3,-4],[3,-4],[2,-4],[3,-4],[2,-4],[2,-4],[2,-3],[2,-4],[1,-4]],[[9229,5557],[-1,10],[0,9],[0,9],[1,8],[0,8],[1,8],[1,7],[1,7],[2,7],[1,7],[2,6],[1,6],[2,6],[1,5],[2,6],[1,5],[2,6],[2,4],[1,4],[1,2],[2,2],[1,1],[1,1],[1,1],[1,1],[1,1],[0,1],[1,2],[0,2],[0,4],[1,4],[0,6],[0,3],[0,4],[0,2],[1,3],[1,2],[0,1],[1,1],[1,1],[1,1],[1,0],[2,1],[1,0],[1,0],[1,-1],[2,0],[1,0]],[[9453,5529],[1,3],[0,2],[1,3],[1,3],[1,3],[0,3],[1,3],[1,3],[0,3],[1,3],[1,3],[0,3],[0,3],[1,2],[0,3],[0,3],[0,5],[1,5],[0,6],[1,6],[1,6],[0,5],[1,6],[1,6],[2,5],[1,5],[1,4],[2,4],[2,3],[1,2],[2,2],[2,0],[2,1],[2,1],[1,3],[1,3],[1,4],[0,5],[0,4],[-1,6],[0,5],[-1,6],[-1,5],[-2,5],[-2,5],[-2,5],[-2,4],[-2,3],[-3,3],[-2,4],[-3,3],[-2,4],[-2,5],[-3,4],[-1,5],[-2,5],[-2,5],[-1,6],[0,5],[0,6],[0,6],[1,5],[2,6],[2,6],[2,5],[3,4],[1,4],[2,3],[2,3],[1,3],[2,3],[1,2],[1,2],[1,2],[1,2],[0,2],[1,2],[0,2],[0,2],[1,2]],[[9817,5752],[-6,-1],[-5,0],[-4,0],[-4,1],[-3,2],[-2,2],[-3,2],[-2,4],[-3,4],[-3,4],[-3,5],[-4,5],[-5,7],[-6,6],[-7,8],[-8,8],[-9,7],[-8,4],[-8,2],[-8,1],[-7,-2],[-7,-3],[-7,-4],[-6,-5],[-6,-6],[-6,-6],[-5,-7],[-6,-7],[-4,-7],[-5,-6],[-4,-6],[-4,-5],[-5,-3],[-5,-3],[-6,-2],[-6,0],[-8,0],[-7,0],[-9,2],[-8,2],[-9,2],[-10,3],[-9,3],[-10,3],[-10,3],[-9,3],[-10,3],[-10,3],[-8,2],[-7,3],[-6,2],[-4,3],[-3,2],[-2,3],[-1,3],[0,2],[0,3],[0,3],[0,2],[0,3],[0,2],[0,3],[-1,2],[-2,3],[0,1],[-1,0],[0,1],[-1,1],[-1,1],[0,1],[-1,1],[-1,1],[0,1],[-1,0],[0,1],[-1,1],[0,1],[0,1]],[[9264,5942],[1,1],[1,2],[2,1],[1,2],[1,1],[1,1],[1,1],[1,1],[0,1],[1,0],[1,0],[1,-1],[0,-2],[1,-2],[0,-3],[0,-4],[0,-3],[-1,-4],[-1,-3],[-1,-4],[-1,-3],[-1,-4],[-1,-4],[-1,-4],[-1,-4],[0,-4],[-1,-5],[0,-5],[1,-6],[0,-6],[1,-6],[2,-7],[2,-6],[2,-6],[3,-6],[3,-6],[2,-5],[3,-6],[2,-4],[3,-5],[2,-4],[2,-4],[1,-4],[1,-4],[0,-3],[0,-3],[-1,-2],[-2,-2],[-2,-1],[-1,-1],[-2,0],[-2,0],[-2,1],[-1,1],[-2,0],[-2,1],[-1,0],[-1,0],[-1,-1],[-1,-1],[0,-3],[0,-3],[0,-4],[1,-5],[0,-5],[1,-4],[1,-5],[2,-4],[1,-4],[1,-5],[1,-3],[1,-4],[0,-3],[1,-4],[0,-3],[0,-2],[0,-3],[-1,-2],[-1,-1],[-1,-1],[-1,0],[-1,-1],[-1,0],[-1,0],[-1,0],[-1,0],[-1,1],[-1,0],[-1,0],[-1,0],[-1,1]],[[9264,5942],[-1,-1],[-1,-1],[-1,0],[0,-1],[-1,0],[-1,-1],[-1,0],[-1,0],[-2,0],[-2,0],[-2,2],[-2,3],[-3,3],[-2,3],[-3,4],[-3,4],[-4,4],[-4,4],[-4,4],[-5,4],[-5,3],[-6,3],[-6,3],[-7,2],[-7,1],[-7,1],[-7,0],[-7,0],[-7,0],[-7,0],[-6,-1],[-6,-1],[-6,-1],[-6,-1],[-5,-2],[-4,-2],[-4,-1],[-4,-2],[-3,-2],[-2,-2],[-2,-2],[-2,-1],[-1,-1],[-1,0],[-1,0],[-1,1],[-1,1],[0,1],[-1,1],[0,2],[0,2],[-1,2],[0,2],[0,3],[-1,2],[0,2],[-1,2],[-1,2],[-1,1],[-2,0],[-1,0],[-2,-1],[-3,-1],[-2,-1],[-3,-2],[-2,-2],[-3,-2],[-2,-3],[-3,-2],[-3,-3],[-2,-3],[-3,-3],[-1,-4],[1,-8],[3,-12],[3,-14],[5,-18],[7,-20],[7,-21],[7,-24],[9,-24],[9,-25],[9,-25],[9,-26],[9,-24],[8,-24],[8,-22],[8,-21]],[[9278,5997],[0,-3],[-1,-2],[0,-2],[-1,-2],[-1,-2],[-2,-3],[-1,-2],[-1,-3],[-1,-3],[-2,-3],[-1,-4],[-1,-4],[-1,-5],[-1,-5],[0,-6],[0,-6]],[[9794,6028],[1,-3],[2,-3],[2,-4],[2,-3],[2,-3],[2,-4],[2,-3],[2,-2],[2,-3],[2,-2],[2,-2],[2,-1],[2,-1],[2,-1],[2,0],[2,1],[2,2],[3,3],[3,3],[2,3],[3,4],[3,4],[3,4],[3,3],[4,3],[3,2],[4,1],[4,0],[4,-2],[5,-3],[4,-5],[5,-7]],[[8599,5776],[0,3],[0,3],[0,4],[0,3],[0,3],[0,4],[0,3],[-1,3],[0,3],[-1,3],[0,2],[-1,2],[-1,2],[-1,1],[-2,1],[-1,0],[-2,1],[-3,1],[-3,1],[-3,2],[-3,3],[-3,3],[-3,3],[-2,4],[-3,5],[-2,5],[-2,6],[-1,6],[-1,6],[0,7],[0,7],[1,7],[1,8],[1,6],[1,6],[1,5],[0,5],[0,4],[0,3],[-1,3],[0,3],[-1,3],[-2,3],[-1,3],[-2,3],[-2,3],[-2,3],[-2,4],[-2,3],[-2,4],[-2,3],[-1,3],[-1,2],[-1,2],[0,2],[0,2],[1,2],[1,1],[1,1],[2,2],[2,1],[3,1],[3,1],[4,1],[3,1],[3,2],[2,4],[2,4],[1,4],[1,5],[1,5],[0,6],[-1,6],[0,6],[-1,6],[-1,5],[-1,6],[-2,5],[-1,5],[-1,4],[-1,3],[-1,3],[0,3],[-1,3],[0,3],[-1,3],[0,3],[0,3],[0,3],[1,3],[0,3],[0,3],[0,3],[1,3],[0,3],[1,3]],[[9250,6105],[1,-5],[0,-5],[1,-6],[0,-6],[1,-7],[0,-6],[1,-6],[0,-6],[1,-6],[1,-6],[1,-6],[0,-4],[1,-5],[1,-4],[1,-3],[1,-2],[2,-2],[1,-2],[2,-2],[1,-1],[2,-2],[1,-1],[2,-1],[1,-2],[1,-1],[2,-1],[1,-1],[0,-2],[1,-1],[0,-2],[0,-2],[0,-2]],[[9477,5831],[-1,2],[-1,2],[-1,2],[-1,2],[-1,3],[0,2],[-1,2],[0,3],[-1,2],[0,2],[-1,3],[0,2],[-1,3],[0,2],[0,3],[-1,2],[0,3],[0,3],[1,2],[0,2],[1,1],[1,1],[1,2],[1,1],[1,1],[1,1],[0,2],[1,2],[0,2],[0,3],[-1,4],[-1,3],[-2,4],[-1,3],[-2,2],[-2,0],[-1,1],[-2,-1],[-2,-1],[-2,-2],[-2,-2],[-2,-2],[-2,-2],[-2,-2],[-2,-2],[-2,-1],[-2,-1],[-2,-1],[-3,-1],[-2,1],[-2,0],[-2,1],[-3,1],[-2,2],[-3,1],[-2,2],[-2,2],[-3,2],[-2,2],[-3,2],[-3,1],[-2,2],[-3,1],[-2,1],[-3,2],[-2,1],[-1,2],[-1,2],[-1,2],[0,2],[-1,3],[1,3],[0,3],[0,4],[1,4],[0,3],[1,5],[0,4],[0,5],[0,4],[0,5],[-1,4],[-1,4],[-2,3],[-2,3],[-2,3],[-2,3],[-3,3],[-2,4],[-3,3],[-2,4],[-2,4],[-1,4],[-2,5],[-1,6],[0,6],[0,7],[0,5],[-1,5],[-1,5],[-1,4],[-2,4],[-1,4],[-2,4],[-2,5],[-3,4],[-2,6],[-2,5],[-3,7],[-3,7],[-3,8],[-3,10],[0,2],[-1,1],[0,2],[-1,2],[0,2],[-1,1],[-1,2],[0,1],[-1,2],[-1,1],[0,1],[-1,2],[-1,1],[0,1],[-1,1],[-1,1]],[[9250,6105],[1,1],[1,1],[1,1],[1,1],[1,1],[1,1],[1,1],[0,1],[1,1],[1,1],[1,1],[1,1],[1,1],[1,2],[1,1],[1,1],[5,5],[4,5],[5,4],[5,4],[4,4],[5,3],[4,2],[5,2],[4,1],[4,1],[5,0],[4,-1],[3,-2],[4,-2],[4,-4],[3,-4]],[[9794,6028],[2,5],[3,5],[3,5],[2,6],[3,5],[3,5],[2,5],[3,5],[2,5],[2,5],[2,4],[2,5],[1,4],[2,3],[1,4],[0,2],[1,6],[1,6],[1,6],[1,8],[1,7],[0,8],[1,7],[1,8],[1,7],[2,7],[1,6],[2,5],[1,5],[2,3],[3,2],[2,1],[3,0],[3,-1],[4,0],[4,-1],[4,-2],[4,-1],[4,-1],[4,-2],[4,-1],[4,-1],[3,-1],[4,-1],[2,0],[3,0],[1,1],[1,1]],[[8946,6046],[3,-1],[3,0],[3,-1],[3,-1],[3,0],[4,-1],[3,0],[4,0],[4,0],[3,1],[4,0],[3,1],[4,2],[3,2],[3,2],[3,3],[3,3],[4,2],[2,1],[3,0],[3,-1],[2,-2],[3,-2],[2,-2],[2,-3],[3,-2],[2,-3],[2,-2],[3,-2],[2,-2],[3,0],[3,0],[3,0],[1,1],[2,1],[1,2],[0,1],[0,2],[0,2],[-1,2],[0,3],[-1,2],[-1,3],[0,3],[-1,2],[0,3],[0,3],[1,3],[1,3],[1,2],[1,2],[2,3],[1,2],[2,2],[2,2],[2,2],[1,2],[2,3],[1,3],[1,3],[1,3],[1,4],[0,5],[0,5],[1,5],[0,6],[2,6],[1,5],[3,6],[2,6],[3,5],[3,6],[3,5],[3,4],[4,4],[3,4],[3,3],[3,2],[2,1],[2,1],[1,0],[1,0],[1,0],[1,0],[1,1],[1,1],[1,0],[1,1],[0,1],[1,1],[0,1],[1,1],[0,1],[1,1],[0,2],[0,1]],[[9113,6198],[3,-6],[4,-7],[3,-7],[5,-7],[4,-8],[5,-8],[5,-8],[5,-8],[5,-8],[5,-7],[6,-7],[5,-6],[6,-6],[5,-5],[5,-3],[6,-3],[5,-2],[5,-2],[5,-2],[4,-1],[4,0],[4,-1],[3,0],[4,1],[3,1],[3,1],[4,2],[3,2],[3,2],[3,3],[4,3],[3,4]],[[8936,6087],[1,5],[0,5],[0,5],[1,5],[1,5],[0,6],[1,5],[1,5],[0,5],[1,5],[0,4],[0,4],[0,4],[0,3],[-1,2],[-1,3],[0,1],[-1,3],[0,2],[0,3],[0,3],[1,3],[1,4],[1,3],[1,4],[1,4],[1,4],[1,3],[2,4],[1,4],[1,3],[2,3]],[[8873,6242],[4,-4],[4,-4],[5,-4],[5,-4],[6,-3],[7,-3],[7,-2],[8,-1],[8,-1],[1,0],[1,0],[1,0],[1,0],[1,0],[1,0],[0,-1],[1,0],[1,0],[1,0],[1,0],[1,0],[0,-1],[1,0],[1,0],[1,0],[1,-1],[1,0],[1,0],[1,-1],[1,0],[1,-1],[1,0],[1,0],[0,-1],[1,0],[1,0],[0,-1],[1,0]],[[8564,6101],[3,0],[4,0],[4,-1],[4,0],[4,0],[4,0],[5,1],[4,1],[4,1],[4,1],[3,1],[3,2],[3,3],[3,2],[2,4],[2,3],[2,6],[1,6],[2,6],[1,6],[2,5],[1,6],[2,5],[1,5],[2,5],[1,4],[2,3],[2,4],[2,2],[2,2],[3,1],[2,1],[3,-1],[2,0],[1,-1],[0,-2],[0,-1],[0,-2],[-1,-2],[-1,-3],[0,-3],[-1,-3],[0,-3],[0,-3],[1,-4],[1,-3],[2,-4],[2,-4],[3,-4],[3,-4],[2,-5],[2,-6],[2,-5],[2,-6],[1,-6],[1,-5],[1,-5],[1,-5],[1,-4],[1,-3],[1,-3],[1,-2],[1,-1],[1,1],[1,2],[1,4],[2,5],[1,7],[1,8],[2,9],[1,10],[1,9],[2,10],[1,10],[1,9],[2,8],[1,7],[1,5],[2,4],[1,2],[1,1],[1,0],[2,0],[1,-1],[2,-1],[2,-1],[2,-1],[2,-1],[2,-2],[2,-1],[2,-2],[2,-1],[2,-1],[3,-1],[2,0],[3,-1],[3,1],[2,1],[1,2],[2,2],[1,2],[0,3],[1,3],[0,4],[1,3],[0,3],[1,4],[0,2],[1,3],[0,2],[1,2],[2,2],[1,0],[1,1],[1,2],[2,1],[1,2],[2,2],[1,2],[1,2],[1,2],[2,2],[1,3],[1,3],[1,2],[0,3],[1,3],[0,3]],[[8952,6209],[1,0],[0,-1],[1,0],[1,0],[0,-1],[1,0],[1,-1],[1,0],[0,-1],[1,0],[1,0],[0,-1],[1,0],[1,-1],[1,0],[0,-1],[1,0],[0,-1],[1,0],[3,-2],[2,-2],[3,-2],[2,-2],[2,-2],[2,-2],[2,-2],[2,-2],[2,-1],[2,-2],[1,-1],[2,-1],[2,-2],[1,0],[1,-1],[2,-1],[1,0],[1,0],[1,0],[1,0],[1,1],[1,1],[1,1],[0,1],[1,1],[0,1],[1,1],[0,1],[1,2],[2,6],[3,5],[5,5],[5,5],[6,4],[6,4],[6,4],[7,3],[6,3],[6,2],[6,2],[5,2],[4,1],[3,1],[2,1],[1,0],[1,1],[0,1],[1,2],[1,1],[1,2],[2,2],[1,2],[2,2],[2,3],[2,2],[2,3],[2,3],[3,2],[2,3]],[[9101,6263],[1,-3],[1,-3],[1,-3],[1,-4],[1,-3],[1,-4],[1,-4],[1,-3],[1,-4],[1,-3],[1,-3],[0,-3],[1,-3],[0,-2],[1,-3],[0,-1],[0,-1],[0,-1],[0,-1],[0,-1],[0,-1],[0,-1],[0,-1],[0,-1],[0,-1],[0,-1],[0,-1],[0,-1],[0,-1],[0,-1],[-1,-1],[0,-1]],[[8766,6252],[2,-1],[1,0],[2,-1],[2,-1],[1,-1],[2,-2],[1,-1],[2,-1],[2,-1],[1,-1],[2,-1],[2,-1],[1,0],[2,-1],[2,0],[2,0],[3,0],[2,1],[2,2],[2,2],[2,2],[3,3],[2,3],[2,4],[2,3],[3,4],[3,3],[2,4],[3,3],[4,3],[3,3],[4,3],[4,2],[3,2],[4,2],[3,2],[3,2],[3,1],[2,0],[3,1],[2,0],[1,-1],[1,-1],[1,-2],[1,-2],[0,-3],[0,-4],[-1,-4],[-1,-5],[0,-5],[1,-5],[1,-5],[2,-5],[2,-5],[3,-5]],[[4281,5967],[-2,2],[-1,1],[-2,2],[-1,2],[-1,1],[-2,2],[-1,2],[-1,1],[-1,2],[-1,2],[-2,2],[-1,2],[0,1],[-1,2],[-1,2],[-1,2],[-1,4],[-1,5],[-1,4],[-1,5],[-1,5],[0,4],[-1,5],[0,5],[-1,4],[0,5],[-1,5],[-1,5],[-2,5],[-2,5],[-2,5],[-3,5],[-2,7],[-2,9],[-1,12],[-1,13],[0,16],[0,17],[0,17],[1,19],[0,19],[-1,19],[0,19],[-2,18],[-2,17],[-2,16],[-4,14],[-5,13],[-2,5],[-2,4],[-2,4],[-2,3],[-3,3],[-2,2],[-2,2],[-1,2],[-2,1],[-2,1],[-2,1],[-2,0],[-1,0],[-2,0],[-2,0],[-1,-1],[-2,-1],[-2,-1],[-2,-1],[-2,-1],[-2,-2],[-1,-1],[-2,-2],[-1,-1],[-2,-1],[-1,-1],[-1,-1],[-1,0],[-1,0],[-1,1],[-1,1],[-1,1],[-2,3],[-2,2],[-3,1],[-4,1],[-4,-1],[-4,-2],[-4,-2],[-4,-4],[-5,-5],[-4,-6],[-4,-8],[-3,-8],[-3,-10],[-3,-12],[-1,-13],[-1,-15],[-1,-16],[-1,-16],[-2,-18],[-3,-18],[-3,-17],[-4,-18],[-3,-18],[-4,-18],[-5,-17],[-4,-16],[-4,-15],[-5,-14],[-4,-13],[-3,-11],[-4,-9],[-3,-8],[-1,-2],[-1,-1],[-1,-2],[-1,-1],[0,-2],[-1,-1],[-1,-2],[-1,-1],[-1,-2],[-1,-1],[-1,-1],[-1,-2],[-1,-1],[-1,-1],[-2,-2],[-1,-1],[-1,-1],[-2,-2],[-1,-1],[-2,-2],[-1,-1],[-2,-1],[-1,-1],[-2,-2],[-2,-1],[-1,-1],[-2,-1],[-2,-1],[-1,-1],[-2,-1],[-2,-1],[-1,-1],[-3,-1],[-2,-1],[-3,-2],[-2,0],[-3,-1],[-2,-1],[-3,-1],[-2,-1],[-3,0],[-2,-1],[-2,0],[-3,-1],[-2,0],[-2,0],[-3,0],[-2,0],[-2,0],[-3,0],[-3,0],[-3,1],[-3,0],[-4,1],[-4,1],[-5,1],[-4,0],[-5,1],[-5,1],[-5,1],[-5,1],[-6,0],[-5,1],[-6,1],[-4,0],[-5,1],[-5,0],[-5,1],[-5,0],[-5,0],[-4,0],[-5,0],[-5,0],[-5,-1],[-4,0],[-5,-1],[-4,0],[-5,-1],[-4,-1],[-4,-2],[-3,-1],[-2,-1],[-3,-1],[-2,-1],[-3,-1],[-2,-2],[-2,-1],[-3,-2],[-2,-2],[-2,-2],[-1,-1],[-2,-3],[-2,-2],[-1,-2],[-2,-3],[-1,-2],[-2,-3],[-1,-3],[-2,-3],[-1,-3],[-2,-2],[-2,-3],[-1,-3],[-2,-2],[-2,-3],[-2,-2],[-1,-2],[-2,-3],[-2,-2],[-2,-2],[-2,-2],[-2,-2]],[[8706,6357],[1,-2],[1,-2],[1,-2],[0,-2],[1,-3],[1,-2],[0,-2],[1,-3],[0,-2],[1,-2],[0,-3],[0,-2],[0,-3],[1,-2],[0,-3],[0,-2],[-1,-7],[1,-6],[0,-4],[0,-5],[1,-3],[1,-3],[1,-3],[2,-2],[1,-2],[2,-1],[2,-1],[2,-2],[2,-1],[3,-1],[2,-1],[3,-1],[2,-1],[3,-1],[2,0],[2,1],[2,0],[2,1],[2,1],[2,1],[1,0],[2,1],[1,0],[2,-1],[1,-1],[2,-2],[1,-3],[1,-4],[1,-1],[0,-1],[0,-1],[1,-1],[0,-1],[0,-1],[0,-1],[0,-1],[0,-1],[0,-1],[1,-2],[0,-1],[0,-1],[-1,-1],[0,-1],[0,-1]],[[8602,6373],[-1,-1],[-1,-2],[-1,-1],[-2,-1],[-2,-1],[-2,-1],[-2,-2],[-3,-1],[-3,-2],[-3,-3],[-4,-2],[-3,-4],[-4,-4],[-4,-4],[-4,-5],[-5,-6],[-5,-9],[-6,-11],[-5,-12],[-6,-13],[-5,-14],[-5,-15],[-4,-14],[-4,-15],[-4,-14],[-3,-13],[-3,-13],[-2,-11],[-1,-10],[0,-8],[0,-5],[1,-4],[2,-1],[1,0],[2,1],[2,1],[1,2],[2,3],[1,3],[2,4],[2,3],[2,4],[2,4],[2,3],[2,3],[3,3],[2,2],[3,1],[4,0],[3,-1],[3,-2],[2,-3],[3,-5],[2,-5],[3,-5],[2,-7],[1,-6],[2,-7],[1,-6],[1,-7],[1,-6],[0,-6],[0,-6],[0,-4],[0,-1],[0,-1],[0,-1],[-1,-1],[0,-1],[0,-1],[0,-1],[0,-1],[0,-1],[0,-1],[0,-1]],[[8706,6357],[-2,4],[-2,4],[-2,3],[-2,3],[-3,3],[-2,3],[-3,2],[-3,2],[-3,2],[-3,2],[-3,1],[-3,1],[-3,1],[-3,0],[-3,0],[-3,0],[-5,-1],[-5,-1],[-6,-1],[-5,-2],[-5,-1],[-5,-1],[-5,-1],[-5,-2],[-4,-1],[-4,-1],[-3,-1],[-3,-1],[-3,0],[-2,-1],[-1,0]],[[9145,6406],[0,-4],[-1,-3],[-1,-2],[-3,-1],[-2,-2],[-4,0],[-3,-1],[-4,-1],[-3,0],[-4,-1],[-3,0],[-3,-1],[-3,-1],[-2,-2],[-1,-2],[-1,-2],[1,-3],[1,-2],[1,-2],[1,-1],[2,-2],[2,-1],[2,-1],[2,-1],[2,-1],[2,-2],[2,-1],[1,-2],[0,-2],[0,-3],[0,-3],[-2,-3],[-1,-4],[-1,-5],[-1,-5],[0,-5],[0,-5],[0,-6],[0,-6],[0,-6],[0,-5],[0,-6],[-1,-6],[-1,-5],[-1,-5],[-2,-4],[-3,-5],[-3,-3],[-1,-1],[-1,-1],[-1,-1],[-1,-1],[-1,-1],[-1,-1],[-1,-1],[-1,-1],[-1,-1]],[[9333,6140],[10,5],[9,6],[8,9],[8,10],[8,12],[7,13],[7,14],[7,15],[5,15],[6,16],[5,16],[4,15],[4,16],[4,14],[3,14],[3,13],[3,12],[3,10],[4,10],[4,8],[4,8],[5,6],[4,6],[4,5],[5,4],[4,4],[4,3],[3,3],[3,3],[3,3],[2,3],[1,2]],[[9487,6433],[0,1],[0,1],[0,1],[0,1],[0,1],[0,1],[0,1],[0,1],[-1,0],[0,1],[0,1]],[[9157,6443],[-1,0],[0,-1],[-1,-2],[-1,-1],[-1,-2],[-2,-3],[-1,-2],[-1,-3],[-1,-3],[-1,-3],[-1,-3],[-1,-3],[0,-4],[0,-4],[0,-3]],[[9711,6481],[1,0],[0,-1],[1,0],[0,-1],[1,0],[0,-1],[4,-5],[4,-6],[3,-7],[3,-7],[2,-8],[1,-9],[2,-9],[2,-9],[1,-10],[2,-10],[2,-10],[2,-11],[3,-10],[4,-10],[4,-10],[5,-9],[6,-10],[5,-9],[5,-9],[4,-9],[4,-9],[4,-9],[3,-9],[3,-9],[3,-9],[2,-9],[1,-10],[1,-10],[0,-10],[0,-11],[-1,-11],[-2,-12],[-2,-12],[-2,-12],[-2,-11],[-1,-12],[-2,-11],[-1,-11],[-1,-10],[-1,-10],[-1,-9],[-1,-9],[0,-8],[0,-7],[0,-6],[1,-5],[1,-4],[2,-3],[0,-1],[1,-1],[0,-1],[1,-1],[0,-1],[1,-1],[1,-1],[0,-1],[1,-1],[0,-1],[1,-1],[1,-1],[0,-1],[1,-2]],[[9486,6443],[3,0],[4,1],[4,1],[5,1],[5,1],[5,0],[6,1],[5,0],[6,0],[5,-1],[6,-1],[5,-1],[5,-2],[5,-3],[4,-3],[4,-4],[4,-5],[4,-5],[4,-5],[3,-4],[3,-5],[3,-4],[3,-4],[3,-3],[3,-3],[3,-2],[2,-2],[3,-1],[3,0],[3,0],[2,1],[3,2],[3,3],[4,2],[3,3],[4,3],[4,4],[4,3],[3,3],[4,3],[4,3],[4,3],[3,3],[4,3],[3,2],[2,2],[3,2],[2,1],[1,1],[2,3],[2,3],[2,4],[2,5],[2,5],[3,5],[2,5],[3,4],[3,5],[3,3],[4,3],[3,2],[4,0],[4,0],[5,-3]],[[9486,6443],[-2,3],[-2,4],[-2,4],[-3,4],[-3,4],[-3,4],[-3,4],[-4,4],[-3,4],[-3,3],[-3,4],[-3,3],[-3,2],[-2,3],[-2,2],[-1,1],[-1,1],[0,1],[-1,0],[-1,0],[0,1],[-1,0],[-1,0]],[[9900,6183],[1,1],[0,1],[0,1],[-1,1],[0,1],[-1,1],[-1,1],[-2,2],[-1,3],[-1,2],[-1,4],[0,5],[-1,5],[0,6],[0,8],[1,9],[0,9],[0,7],[-1,6],[-1,5],[-2,4],[-1,4],[-2,3],[-3,2],[-2,3],[-2,2],[-2,2],[-2,3],[-2,3],[-1,3],[-1,5],[-1,5],[0,5],[-1,6],[-2,5],[-2,5],[-2,6],[-2,5],[-2,6],[-3,5],[-2,6],[-2,6],[-2,6],[-2,7],[-1,7],[-1,7],[0,8],[1,8],[1,8],[0,8],[-1,8],[-1,7],[-1,6],[-2,6],[-2,6],[-3,5],[-3,4],[-3,4],[-3,4],[-4,3],[-4,2],[-4,2],[-4,2],[-4,0],[-4,2],[-4,2],[-5,3],[-5,4],[-5,4],[-5,4],[-6,4],[-6,4],[-7,3],[-6,2],[-7,0],[-7,0],[-8,-3],[-7,-5],[-8,-6],[-8,-10]],[[9157,6443],[1,-1],[1,-2],[2,-3],[2,-3],[3,-4],[3,-3],[3,-4],[3,-4],[4,-4],[4,-3],[4,-4],[4,-3],[4,-2],[4,-2],[4,0],[4,-1],[4,0],[4,0],[3,0],[4,1],[4,0],[3,1],[4,1],[3,1],[3,1],[2,2],[3,2],[1,2],[2,2],[1,3],[0,2],[1,3],[1,4],[2,3],[2,4],[2,4],[3,4],[3,4],[3,4],[4,4],[4,3],[4,4],[3,3],[4,2],[4,2],[4,2],[3,0],[4,1],[4,2],[4,2],[4,3],[5,3],[4,3],[5,4],[4,5],[4,4],[5,5],[4,4],[4,5],[3,5],[4,4],[2,4],[3,4],[2,3],[3,2],[4,0],[3,-1],[4,-2],[4,-3],[5,-3],[4,-3],[5,-4],[4,-4],[4,-4],[5,-3],[4,-3],[4,-3],[3,-1],[3,-1],[2,0],[2,0],[2,0],[1,1],[2,0],[1,0],[1,0],[1,1],[2,0],[1,0],[1,1],[1,0],[1,0],[1,0],[1,0]],[[9139,6541],[0,-3],[-1,-4],[0,-3],[0,-3],[-1,-3],[0,-2],[-1,-3],[0,-3],[0,-3],[0,-3],[0,-3],[0,-4],[1,-3],[0,-5],[2,-5],[1,-5],[2,-5],[1,-5],[2,-5],[2,-4],[1,-4],[1,-4],[2,-3],[1,-3],[1,-2],[1,-2],[1,-2],[1,-1],[0,-1],[1,-1],[0,-1]],[[8956,6565],[-1,-1],[-1,-2],[-1,-2],[-1,-3],[-1,-2],[-1,-3],[-1,-3],[-1,-3],[-1,-4],[-1,-3],[0,-3],[-1,-4],[-1,-3],[-1,-4],[0,-3],[-1,-3],[-1,-5],[-2,-4],[-2,-4],[-2,-4],[-3,-3],[-2,-3],[-3,-3],[-3,-3],[-3,-3],[-3,-2],[-4,-2],[-3,-3],[-3,-2],[-3,-2],[-2,-3],[-3,-2],[-2,-3],[-1,-2],[-1,-4],[-1,-3],[0,-3],[1,-4],[1,-4],[1,-4],[1,-4],[1,-3],[1,-4],[2,-4],[1,-4],[1,-3],[0,-3],[0,-3],[0,-3],[1,-2],[1,-3],[0,-2],[1,-2],[2,-2],[1,-1],[1,-2],[1,-2],[1,-2],[1,-2],[1,-3],[0,-2],[0,-3],[0,-3],[0,-4],[-1,-3],[-1,-3],[-2,-3],[-1,-1],[-2,-1],[-2,-1],[-2,0],[-3,1],[-3,1],[-2,2],[-3,2],[-4,2],[-3,3],[-3,3],[-4,4],[-3,4],[-4,3],[-4,1],[-5,0],[-4,-2],[-5,-3],[-5,-4],[-5,-5],[-5,-5],[-5,-6],[-5,-5],[-5,-5],[-4,-4],[-4,-3],[-4,-3],[-4,0],[-3,1],[-3,1],[-3,2],[-3,0],[-3,1],[-4,0],[-3,0],[-3,0],[-3,-1],[-4,-1],[-3,0],[-3,-1],[-3,-1],[-3,-1],[-2,-1],[-3,0],[-2,-1],[-2,0],[-2,0],[-2,1],[-2,1],[-2,1],[-1,2],[-2,2],[-2,2],[-1,2],[-2,3],[-2,2],[-2,3],[-1,3],[-3,3],[-2,3],[-2,2],[-2,2],[-2,1],[-1,1],[-2,0],[-2,-1],[-1,-1],[-2,-1],[-1,-2],[-2,-1],[-1,-3],[-1,-2],[-2,-2],[-1,-2],[-1,-3],[0,-2],[-1,-2]],[[2985,6456],[-2,1],[-3,0],[-4,-1],[-5,-1],[-6,-2],[-6,-2],[-7,-2],[-7,-1],[-8,-2],[-8,-1],[-7,0],[-8,1],[-8,2],[-8,3],[-7,4],[-7,6],[-18,16],[-17,13],[-17,11],[-15,8],[-16,6],[-14,5],[-14,4],[-13,3],[-11,3],[-11,4],[-10,3],[-9,5],[-8,7],[-7,8],[-5,11],[-5,13],[-2,11]],[[8956,6565],[0,1],[1,0],[0,1],[1,0],[0,1],[1,0],[1,0],[1,0],[0,-1],[1,0],[1,-1],[1,-2],[2,-2],[2,-2],[3,-2],[2,-3],[3,-2],[3,-2],[3,-1],[2,-2],[3,-2],[3,-1],[2,0],[3,-1],[2,0],[2,1],[1,1],[2,2],[2,3],[2,3],[2,4],[2,4],[2,5],[3,5],[2,5],[3,4],[3,4],[3,4],[3,3],[3,3],[3,1],[3,1],[3,-1],[3,-1],[4,-2],[4,-2],[4,-1],[4,-2],[4,-2],[5,-1],[4,-2],[5,-1],[4,-2],[4,-1],[5,-1],[4,-1],[4,0],[4,-1],[3,0],[4,0],[3,-1],[3,0],[3,-2],[3,-1],[2,-2],[3,-2],[2,-2],[2,-2],[2,-3],[2,-3],[1,-3],[1,-3],[1,-3],[1,-4],[0,-4]],[[9439,6499],[1,7],[1,8],[1,8],[1,8],[1,8],[2,9],[1,8],[1,9],[2,8],[1,8],[2,7],[1,6],[2,6],[1,5],[2,4],[1,3]],[[2692,6592],[-3,10],[-3,8],[-3,7],[-2,6],[-3,4],[-2,3],[-2,2],[-2,0],[-3,0],[-2,-1],[-2,-3],[-2,-3],[-3,-5],[-2,-5],[-3,-5],[0,-1],[0,-1],[-1,0],[0,-1],[-2,-2],[-3,-3],[-4,-2],[-5,-1],[-5,-2],[-6,-1],[-6,-1],[-7,-1],[-8,-1],[-7,-1],[-9,0],[-8,0],[-9,-1],[-9,0],[-10,0],[-9,0],[-11,0],[-10,0],[-11,0],[-11,0],[-10,0],[-10,0],[-11,0],[-10,0],[-10,0],[-9,-1],[-9,0],[-9,-1],[-8,-1],[-8,-1],[-7,-1],[-6,-1],[-3,-1],[-3,0],[-4,-1],[-4,0],[-5,-1],[-5,0],[-6,0],[-6,0],[-7,0],[-6,0],[-8,0],[-7,0],[-8,0],[-9,0],[-9,1],[-9,0],[-8,0],[-8,1],[-9,0],[-9,0],[-9,1],[-9,0],[-10,1],[-10,0],[-9,1],[-11,1],[-10,0],[-10,1],[-11,0],[-10,1],[-11,1],[-11,0],[-21,2],[-21,1],[-21,2],[-21,1],[-22,1],[-22,2],[-22,1],[-22,2],[-22,1],[-22,2],[-22,1],[-22,1],[-22,2],[-21,1],[-22,1],[-21,1],[-15,1],[-16,1],[-15,0],[-15,1],[-15,1],[-14,0],[-14,1],[-13,0],[-14,0],[-12,0],[-13,1],[-12,0],[-11,0],[-11,-1],[-11,0],[-10,0],[-2,0],[-1,0],[-2,0],[-2,0],[-2,-1],[-1,0],[-2,0],[-2,0],[-2,0],[-1,0],[-2,0],[-2,0],[-2,0],[-2,0],[-2,0],[-1,0],[-7,-1],[-7,0],[-7,0],[-7,0],[-7,-1],[-7,0],[-8,0],[-7,0],[-7,-1],[-8,0],[-7,0],[-8,0],[-8,-1],[-7,0],[-8,0],[-8,0],[-3,-1],[-3,0],[-3,0],[-3,0],[-3,0],[-3,0],[-4,0],[-3,0],[-3,0],[-3,0],[-3,-1],[-3,0],[-4,0],[-3,0],[-3,0],[-3,0],[-30,-1],[-29,-1],[-30,-1],[-29,-1],[-28,0],[-27,-1],[-26,-1],[-25,0],[-23,-1],[-22,-1],[-19,0],[-18,-1],[-15,0],[-13,0],[-10,0],[-7,-1]],[[8602,6373],[0,1],[0,1],[0,1],[0,1],[0,1],[0,1],[0,1],[-1,0],[0,4],[-1,5],[-1,5],[0,5],[0,6],[0,7],[0,7],[0,7],[1,8],[0,7],[0,8],[1,8],[0,8],[0,8],[0,8],[0,8],[1,7],[1,8],[2,9],[2,8],[2,8],[3,9],[3,8],[3,8],[3,8],[3,7],[3,7],[2,7],[2,5],[1,6],[0,4],[-1,3],[-1,3],[-3,2],[-4,2],[-5,3],[-5,2],[-6,2],[-7,3],[-7,3],[-7,3],[-7,3],[-7,4],[-7,5],[-6,5],[-6,6],[-6,6],[-4,8],[-1,1],[-1,1],[0,2],[-1,1],[-1,1],[-1,1],[0,1],[-1,1],[-1,1],[-1,1],[-1,1],[0,1],[-1,1],[-1,1],[-1,1],[-1,1]],[[8530,6678],[2,6]],[[9139,6541],[0,3],[1,3],[1,3],[1,4],[1,3],[1,4],[2,3],[2,4],[2,3],[2,3],[3,2],[2,2],[4,2],[3,1],[4,0],[4,0],[6,0],[5,2],[5,5],[5,6],[5,8],[5,8],[4,10],[5,9],[5,11],[4,9],[4,10],[5,9],[4,7],[3,7],[4,5],[4,2]],[[8530,6678],[-2,1],[-2,2],[-2,1],[-2,2],[-2,1],[-2,1],[-2,1],[-2,1],[-3,1],[-2,1],[-2,0],[-2,1],[-2,0],[-3,1],[-2,0],[-2,0]],[[9460,6611],[-1,3],[0,2],[-1,2],[-2,3],[-1,2],[-1,3],[-1,2],[-2,2],[-1,3],[-2,2],[-1,2],[-2,2],[-2,2],[-2,2],[-2,2],[-2,2],[-4,2],[-4,2],[-4,2],[-4,1],[-3,2],[-4,1],[-3,1],[-4,1],[-4,0],[-4,1],[-4,1],[-4,1],[-5,2],[-5,1],[-5,2],[-5,2],[-6,2],[-5,0],[-5,0],[-5,-2],[-5,-2],[-4,-3],[-4,-4],[-4,-4],[-4,-4],[-3,-3],[-3,-4],[-3,-4],[-2,-3],[-3,-2],[-2,-1],[-2,-1],[-1,0],[-1,1],[-1,1],[-1,2],[-1,2],[-1,3],[-1,3],[0,3],[-1,4],[-1,4],[-1,5],[-1,4],[-1,5],[-1,5],[-2,6],[-2,6],[-2,5],[-2,3],[-1,2],[-2,1],[-2,0],[-1,0],[-2,-2],[-1,-2],[-2,-3],[-1,-3],[-2,-4],[-1,-3],[-1,-4],[-2,-3],[-1,-3],[-2,-3],[-1,-2],[-1,-1],[-1,0],[-1,1],[0,1],[-1,2],[-1,2],[-1,2],[0,2],[-2,3],[-1,2],[-2,3],[-2,2],[-3,2],[-3,2],[-1,0],[-1,0],[-1,0],[-1,0],[0,-1]],[[8410,6761],[3,0],[3,1],[3,1],[3,2],[3,2],[4,2],[3,1],[2,-2],[2,-2],[2,-4],[1,-4],[2,-5],[1,-6],[2,-6],[1,-6],[2,-6],[2,-7],[2,-5],[3,-6],[4,-4],[4,-4],[2,-1],[2,-2],[2,-1],[2,0],[2,-1],[2,-1],[2,-1],[2,0],[2,-1],[2,0],[3,-1],[2,0],[2,0],[2,-1],[3,0],[2,-1]],[[8532,6684],[1,6],[1,6],[0,6],[0,5],[0,5],[-1,4],[0,4],[-1,4],[-1,4],[-1,3],[-1,3],[-2,2],[-1,3],[-2,2],[-1,2],[-1,2],[-1,2],[-1,3],[0,2],[0,3],[0,4],[0,3],[0,3],[1,3],[0,4],[1,3],[0,3],[0,3],[1,3],[0,3],[0,2],[0,1],[0,1],[0,1],[0,1],[0,1],[-1,0]],[[8496,6692],[0,6],[0,7],[1,7],[0,8],[0,8],[1,8],[0,8],[0,8],[1,8],[1,7],[0,6],[1,6],[1,5],[1,4],[1,3],[1,1],[1,1],[1,1],[2,0],[1,1],[1,1],[2,0],[1,1],[1,0],[1,0],[2,0],[1,0],[1,0],[1,-1],[1,-1],[0,-1]],[[8522,6794],[1,2],[1,2],[1,2],[1,3],[0,3],[1,2],[0,3],[1,3],[0,2],[1,3],[0,2],[0,3],[0,2],[0,2],[1,1],[0,2]],[[9460,6611],[0,1],[1,0],[0,1],[1,0],[1,-1],[1,-1],[0,-1],[2,-2],[1,-2],[1,-1],[2,-2],[1,-1],[1,-1],[2,-1],[1,0],[1,0],[1,1],[0,2],[1,3],[0,4],[0,5],[-1,5],[0,7],[-1,7],[0,8],[-1,9],[0,9],[0,10],[1,10],[1,11],[2,11],[2,11],[3,11],[4,12],[4,12],[5,11],[6,9],[5,9],[6,8],[5,8],[5,6],[5,6],[5,6],[4,5],[4,5],[4,4],[3,5],[2,5],[2,5],[1,5],[1,6]],[[8530,6831],[0,1],[-1,1],[0,2],[0,1],[0,1],[-1,2],[0,1],[-1,1],[0,1],[-1,1],[-1,1],[-1,1],[-1,2],[-1,1],[-1,1],[-1,0],[0,1],[-1,1],[-1,1],[0,1],[0,1],[1,1],[0,1],[0,1],[1,0],[0,1],[1,1],[0,1],[0,1],[1,1],[0,1],[0,1],[-1,2],[0,1],[-1,2],[-1,1],[-1,2],[-1,2],[-1,2],[-1,3],[-1,2],[-1,2],[-2,2],[-1,2],[-1,2],[-1,2],[-1,2]],[[9245,6689],[-3,9],[-2,9],[-3,8],[-3,7],[-3,7],[-4,7],[-3,6],[-4,6],[-3,5],[-3,5],[-4,4],[-3,4],[-3,3],[-3,3],[-3,2],[-2,2],[-2,1],[-2,2],[-2,2],[-2,1],[-1,2],[-1,2],[0,1],[-1,2],[0,2],[-1,2],[0,2],[0,2],[0,2],[0,3],[0,3],[0,3],[0,3],[0,3],[0,1],[-1,1],[-1,0],[-1,0],[-1,-1],[-1,-1],[-1,-1],[-2,-2],[-1,-1],[-2,-1],[-2,-1],[-2,-1],[-2,-1],[-2,0],[-2,1],[-3,1],[-2,2],[-2,2],[-2,2],[-2,2],[-2,2],[-2,2],[-2,2],[-1,1],[-1,1],[-1,0],[-1,0],[-1,-1],[0,-2],[0,-3],[0,-2],[0,-3],[0,-2],[0,-1],[-1,-2],[0,-2],[-1,-1],[-2,-1],[-1,-1],[-2,0],[-2,-1],[-3,0],[-3,0],[-4,0],[-5,0],[-4,1],[-3,2],[-3,2],[-2,3],[-2,4],[-1,4],[-1,4],[0,5],[0,5],[0,5],[0,6],[0,5],[1,5],[0,5],[0,5],[0,4],[0,4],[-2,3],[-2,2],[-3,1],[-3,1],[-4,0],[-4,0],[-5,0],[-4,0],[-4,0],[-5,1],[-4,1],[-3,2],[-3,2],[-3,3],[-1,5],[-2,4],[-1,4],[-2,4],[-2,3],[-1,2],[-2,2],[-3,1],[-2,1],[-2,1],[-2,0],[-2,0],[-3,0],[-2,0],[-2,-1],[-2,0],[-2,-1],[-1,0],[-1,0],[0,1],[0,1],[0,1]],[[9018,6915],[-1,2],[-2,1],[-2,1],[-3,0],[-2,0],[-2,0],[-2,0],[-2,-1],[-2,0],[-1,-1],[-2,-1],[-1,0],[-1,-1],[-1,0],[0,-1],[-1,0],[-1,-1],[-2,-1],[-5,-3],[-6,-4],[-7,-5],[-8,-5],[-9,-6],[-9,-6],[-9,-7],[-9,-7],[-9,-7],[-8,-7],[-8,-7],[-6,-7],[-6,-6],[-3,-6],[-3,-5],[-3,-4],[-2,-4],[-2,-2],[-3,-1],[-2,-1],[-2,-1],[-2,0],[-1,0],[-2,1],[-1,0],[-1,-1],[-1,0],[-1,-1],[-1,-1],[0,-3],[0,-3],[0,-2],[1,-3],[2,-4],[2,-3],[2,-4],[2,-4],[3,-4],[2,-4],[3,-4],[2,-5],[2,-5],[2,-5],[1,-5],[1,-6],[0,-6],[-1,-7],[0,-6],[1,-7],[0,-7],[0,-7],[1,-8],[1,-7],[1,-6],[1,-7],[2,-6],[2,-6],[3,-5],[3,-5],[3,-3],[4,-3],[5,-2],[3,-2],[3,-3],[4,-3],[3,-4],[3,-5],[4,-5],[3,-6],[3,-6],[2,-6],[3,-7],[3,-6],[2,-6],[2,-6],[2,-6],[2,-6],[2,-5]],[[8305,6959],[1,-5],[1,-6],[2,-5],[2,-6],[1,-5],[2,-6],[2,-6],[2,-5],[2,-5],[3,-5],[2,-5],[2,-4],[3,-4],[3,-4],[2,-3],[3,-2],[4,-3],[5,-3],[4,-3],[5,-3],[4,-4],[4,-3],[4,-4],[4,-4],[4,-4],[3,-4],[3,-5],[3,-6],[3,-6],[2,-7],[1,-7],[2,-8],[1,-8],[1,-7],[1,-6],[1,-6],[2,-5],[1,-4],[2,-4],[2,-3],[2,-2],[2,-2],[2,-1]],[[8356,6987],[2,-2],[2,-3],[3,-2],[2,-2],[2,-2],[3,-2],[2,-2],[2,-2],[3,-2],[2,-1],[2,-1],[2,0],[3,-1],[2,0],[2,1],[1,0],[4,2],[3,3],[3,2],[3,2],[4,2],[3,3],[3,2],[4,2],[3,2],[3,1],[3,2],[4,1],[3,0],[3,0],[3,0],[4,-2],[3,-1],[3,-1],[4,-2],[4,-2],[4,-1],[4,-2],[4,-2],[4,-2],[3,-2],[3,-3],[3,-2],[3,-3],[2,-3],[2,-3],[1,-4],[1,-3],[0,-4],[0,-4],[-1,-4],[0,-5],[-1,-4],[-1,-5],[-1,-4],[0,-5],[-1,-4],[0,-5],[0,-4],[1,-4],[1,-3],[1,-3],[2,-3],[2,-3],[2,-1],[1,-1],[1,0],[1,0],[1,-1],[1,0],[1,0],[0,1],[1,0],[1,1],[1,1],[1,1],[0,1],[0,1],[1,2]],[[8507,6893],[0,1],[1,2],[0,2],[0,2],[0,2],[0,3],[1,2],[0,2],[0,2],[0,3],[0,2],[0,2],[0,3],[0,2],[0,2],[0,2],[0,4],[0,4],[1,4],[1,4],[0,4],[1,5],[1,4],[1,5],[1,4],[1,5],[0,4],[0,5],[1,4],[0,4],[-1,5]],[[9555,6851],[-1,7],[-1,9],[-2,11],[-3,12],[-3,12],[-3,14],[-4,14],[-3,14],[-4,14],[-3,13],[-2,13],[-2,11],[-1,11],[0,8],[1,7],[2,4],[1,1],[1,1],[1,1],[1,0],[0,1],[1,0],[1,1],[1,0],[1,0]],[[9534,7030],[1,0],[2,0],[2,0],[1,0],[2,0],[2,-1],[1,1],[2,0],[3,1],[2,1],[3,3],[3,3],[3,3],[4,5],[4,6],[4,7],[7,9],[8,7],[10,4],[10,4],[12,1],[12,1],[13,-1],[13,-3],[13,-3],[12,-4],[12,-4],[12,-6],[10,-5],[9,-7],[8,-6],[6,-6],[5,-6],[4,-4],[4,-4],[3,-2],[3,-1],[3,-1],[3,0],[2,0],[3,1],[2,1],[2,1],[3,1],[3,0],[3,0],[3,0],[4,-1],[3,-1],[4,-2],[3,-1],[3,-2],[3,-1],[3,-2],[2,-1],[3,-1],[2,-1],[2,-1],[2,0],[2,0],[2,0],[2,1],[2,1],[2,1],[2,2],[2,0],[2,0],[2,-1],[3,-2],[2,-2],[3,-2],[2,-2],[3,-3],[2,-2],[3,-2],[3,-2],[3,-1],[3,-1],[2,0],[3,1],[3,1],[3,1],[3,0],[4,0],[3,-1],[3,-1],[3,-2],[3,-1],[3,-2],[3,-2],[3,-3],[3,-2],[3,-3],[3,-2],[3,-2],[3,-3],[2,-1],[2,2],[1,4],[1,6],[1,8],[1,8],[1,10],[1,11],[1,10],[1,11],[2,10],[3,10],[3,9],[5,7],[5,6],[6,4],[3,1],[3,1],[3,1],[3,2],[3,1],[3,1],[3,1],[2,1],[3,1],[3,2],[2,1],[3,1],[3,1],[2,1],[3,1],[2,1]],[[8516,6992],[-1,4],[-1,4],[0,5],[-1,4],[-1,5],[0,5],[0,5],[-1,5],[1,5],[0,5],[0,4],[1,4],[1,3],[1,4],[2,2],[1,2],[3,1],[2,1],[3,1],[2,1],[4,1],[3,2],[3,1],[3,1],[3,2],[4,2],[2,3],[3,2],[2,3],[2,4],[1,4],[1,4],[1,5],[0,5],[0,4],[1,5],[2,4],[1,4],[1,4],[2,4],[1,3],[1,3],[1,4],[1,3],[1,2],[0,3],[-1,3],[-1,2],[-1,3],[-2,2],[-2,1],[-3,2],[-2,2],[-2,1],[-2,1],[-2,2],[-2,1],[-1,2],[-1,2],[-1,2],[0,3],[0,3],[0,3],[1,4],[2,5],[2,4],[2,4],[2,2],[2,2],[2,1],[2,2],[2,1],[2,1],[2,2],[2,2],[1,3],[2,4],[1,5],[1,7],[1,8],[0,10],[0,7],[0,6],[-1,6],[-1,6],[-1,6],[-1,5],[-1,5],[-1,4],[-2,4],[-1,4],[-2,4],[-2,3],[-2,3],[-1,3],[-2,3],[-2,2]],[[9521,7397],[0,-4],[0,-3],[1,-3],[0,-3],[0,-3],[1,-3],[0,-3],[0,-3],[1,-3],[0,-3],[1,-3],[0,-3],[1,-3],[1,-2],[0,-3],[1,-3],[2,-6],[2,-7],[2,-9],[3,-10],[2,-11],[2,-11],[2,-12],[2,-12],[1,-11],[1,-12],[1,-11],[0,-10],[-1,-9],[-1,-8],[-2,-7],[-3,-5],[-3,-4],[-4,-4],[-3,-4],[-3,-4],[-4,-3],[-3,-4],[-3,-4],[-3,-4],[-2,-4],[-3,-4],[-1,-4],[-2,-4],[0,-5],[-1,-4],[1,-5],[1,-5],[1,-5],[2,-4],[2,-3],[1,-3],[2,-2],[2,-1],[2,-1],[1,-1],[2,-1],[1,-2],[1,-1],[2,-1],[0,-2],[1,-3],[0,-3],[0,-3],[0,-3],[0,-3],[0,-3],[0,-3],[1,-4],[0,-4],[0,-4],[1,-4],[0,-5],[1,-4],[0,-5],[1,-5],[0,-4],[1,-5],[0,-5],[1,-5]],[[8984,7421],[1,-10],[1,-11],[1,-11],[1,-11],[1,-12],[0,-11],[1,-12],[1,-11],[1,-11],[0,-11],[1,-9],[0,-9],[0,-8],[0,-7],[-1,-5],[-1,-4],[-1,-4],[-1,-4],[-1,-3],[-2,-2],[-1,-2],[-1,-2],[-1,-1],[-1,-1],[-1,-2],[0,-1],[-1,-1],[0,-2],[0,-1],[0,-3],[1,-2],[1,-3],[1,-3],[1,-3],[2,-2],[1,-1],[2,-2],[1,-1],[2,-2],[2,-2],[2,-2],[1,-3],[1,-3],[2,-5],[1,-5],[0,-7],[1,-8],[0,-9],[0,-11],[0,-11],[1,-12],[0,-13],[1,-13],[1,-14],[1,-13],[1,-14],[2,-13],[1,-14],[2,-12],[2,-13],[2,-11],[2,-11],[2,-10],[3,-8],[1,-6],[1,-6],[1,-6],[0,-5],[0,-5],[0,-5],[0,-5],[-1,-5],[-1,-4],[-1,-4],[-1,-4],[-1,-3],[-1,-3],[0,-3],[-1,-2],[-1,-2]],[[7806,7424],[2,0],[1,-1]],[[9477,7474],[3,0],[3,0],[2,-1],[3,0],[2,-1],[3,-1],[2,-1],[2,-1],[2,-1],[2,-2],[2,-2],[1,-2],[2,-2],[1,-2],[2,-3],[1,-3],[1,-4],[1,-4],[1,-4],[1,-3],[1,-4],[1,-3],[1,-4],[1,-3],[0,-4],[1,-3],[0,-4],[1,-3],[0,-3],[0,-3],[1,-3],[0,-3]],[[9477,7474],[-4,0],[-5,0],[-5,-1],[-5,-1],[-5,-1],[-5,-1],[-6,-1],[-5,-1],[-6,-1],[-5,-1],[-6,-1],[-5,-1],[-6,-1],[-5,-1],[-5,0],[-6,0],[-6,0],[-6,1],[-6,1],[-7,1],[-6,2],[-7,2],[-6,2],[-6,2],[-6,2],[-7,3],[-5,2],[-6,3],[-5,3],[-5,2],[-5,3],[-4,2]],[[8706,7534],[3,0],[2,1]],[[8711,7535],[2,0],[2,1],[3,2],[2,1]],[[9479,7554],[-1,-4],[0,-5],[0,-4],[0,-5],[0,-5],[-1,-5],[0,-5],[0,-5],[0,-5],[0,-5],[0,-5],[0,-6],[0,-5],[0,-5],[0,-6],[0,-5]],[[8659,7559],[0,-1],[1,-1],[1,-1],[1,-1],[1,-1],[2,-1],[1,-1],[2,-1],[1,-1],[1,0],[2,0],[1,-1],[2,0],[1,0],[2,-1],[1,0],[2,0],[1,0],[3,-1],[2,-1],[3,-2],[2,-1],[3,-2],[2,-2],[2,-2],[3,-1],[2,-1],[2,-1]],[[7760,7602],[-1,-2],[0,-2],[-1,-2],[0,-2],[-1,-2],[-1,-1],[-1,-1],[-1,-1],[-1,-1],[-1,0],[-1,-1],[-1,-1],[-2,0],[-1,-1],[-2,0],[-2,-1],[-3,-2],[-1,-2],[-2,-3],[-1,-3],[-2,-4],[-1,-3],[-1,-4],[0,-4],[-1,-4],[-1,-4],[-1,-3],[-1,-4],[-2,-3],[-1,-2],[-2,-3],[-1,-1],[-1,0],[-1,-1],[-1,0],[-2,0],[-1,0],[-1,0],[-1,0],[-1,0],[-1,0],[-1,0],[0,-1],[-1,-1],[-1,-1],[0,-2],[-1,-2],[0,-3],[0,-2],[0,-2],[0,-2],[1,-1],[0,-2],[1,-1],[1,-1],[0,-1],[1,-1],[0,-1],[1,-2],[0,-1],[-1,-1],[0,-2],[-1,-2],[-1,-1],[-1,-1],[-1,0],[-1,-1],[-1,0],[-1,-1],[-1,0],[-1,0],[-1,-1],[-1,0],[-2,0],[-1,-1],[0,-1],[-1,-1],[-1,-1],[-1,-2],[0,-2],[0,-1],[0,-3],[1,-2],[0,-3],[1,-3],[1,-3],[0,-3],[1,-3],[1,-3],[1,-3],[1,-3],[1,-2],[1,-2],[0,-2],[1,-1],[0,-1],[1,-1],[0,-1],[1,-1],[1,-1],[0,-1],[1,0],[0,-1],[1,-1],[1,0],[1,-1],[1,-1],[1,-1],[1,-1],[1,-1],[1,-1],[0,-1],[1,-1],[1,-1],[1,-1],[1,-1],[0,-1],[1,-1],[1,-1],[1,-1],[1,-1],[1,-1],[1,0],[1,-1],[3,0],[3,0],[2,1],[3,2],[1,2],[2,3],[1,3],[2,4],[1,3],[1,4],[1,4],[1,3],[2,4],[1,4],[2,3],[2,3],[1,1],[2,2],[1,1],[1,0],[1,1],[1,-1],[1,-1],[0,-2],[0,-1],[1,-1],[0,-2],[0,-2],[0,-2],[1,-2],[0,-2],[1,-1],[0,-2],[0,-1],[1,-2],[0,-1],[1,-1],[0,-1],[1,-1],[0,-2],[1,-1],[1,-1],[0,-1],[1,-1],[0,-1],[1,-2],[1,-2],[0,-3],[1,-2],[1,-3],[1,-2],[0,-1],[1,-2],[1,-2],[1,-1],[0,-1],[1,0],[2,-1],[1,0],[2,0],[1,1],[3,1],[1,0],[2,1],[2,1],[2,1],[2,0],[1,1],[2,0],[2,0],[1,-1]],[[9390,7604],[3,-2],[3,-1],[3,-2],[4,-2],[3,-2],[4,-2],[4,-2],[3,-2],[4,-1],[4,-2],[3,-1],[4,-1],[3,-1],[3,-1],[3,0],[3,-1],[4,0],[4,0],[3,0],[4,0],[3,0],[3,-1],[2,-1],[3,-1],[2,-1],[2,-2],[1,-2],[2,-3],[1,-3],[0,-4],[1,-4],[0,-5]],[[9713,7609],[-1,-1],[-1,-1],[-2,-2],[-1,-1],[-2,-2],[-3,-2],[-2,-2],[-2,-2],[-3,-1],[-2,-2],[-3,-2],[-2,-2],[-3,-1],[-2,-1],[-2,-1],[-2,-1],[-2,-1],[-3,-2],[-2,-3],[-3,-3],[-2,-3],[-3,-4],[-3,-5],[-3,-5],[-3,-5],[-2,-5],[-3,-6],[-2,-6],[-2,-5],[-1,-6],[-2,-6],[-1,-6],[0,-5],[-1,-5],[-1,-5],[0,-5],[-1,-4],[0,-4],[0,-3],[0,-4],[0,-3],[0,-3],[0,-3],[0,-2],[1,-2],[0,-2],[1,-2],[1,-2],[1,-1],[1,-2],[1,-1],[1,-2],[1,-1],[1,-1],[0,-1],[1,-2],[0,-1],[0,-2],[0,-1],[0,-2],[0,-2],[0,-2],[-1,-2],[0,-3],[-1,-2],[-1,-2],[-1,-1],[-1,-1],[-2,0],[-1,0],[-1,1],[-1,1],[-1,1],[-2,1],[-1,2],[-1,2],[0,3],[-1,2],[0,3],[0,2],[0,3],[0,2],[-1,2],[0,1],[0,1],[-1,0],[-1,0],[-1,0],[-1,-1],[-1,0],[-1,-1],[-1,-1],[-2,0],[-1,-1],[-2,0],[-2,-1],[-2,-1],[-2,-1],[-2,-2],[-2,-2],[-2,-2],[-3,-2],[-2,-2],[-2,-2],[-2,-2],[-2,-2],[-1,-3],[-2,-2],[-1,-2],[-1,-1],[-1,-2],[0,-2],[-1,-1],[0,-2],[-1,-2],[0,-2],[-1,-2],[0,-2],[-1,-2],[-2,-1],[-2,-2],[-2,-1],[-2,-1],[-4,-1],[-3,-1],[-5,0],[-5,0],[-4,0],[-3,0],[-4,0],[-3,0],[-3,0],[-3,0],[-2,-1],[-3,0],[-3,0],[-2,-1],[-2,0],[-2,0],[-2,-1],[-2,0],[-2,0],[-2,0]],[[9700,7685],[0,-1],[0,-2],[-1,-2],[0,-1],[0,-2],[-1,-2],[0,-2],[0,-1],[-1,-2],[0,-2],[0,-1],[-1,-2],[0,-2],[0,-1],[0,-2],[-1,-1],[0,-4],[0,-3],[-1,-4],[0,-3],[0,-3],[0,-3],[-1,-3],[0,-3],[0,-2],[1,-3],[0,-2],[0,-2],[1,-1],[0,-2],[1,-1],[1,0],[1,-1],[1,0],[2,-1],[1,0],[2,-1],[2,0],[1,-1],[2,-1],[1,0],[1,-1],[2,-1],[1,-1],[0,-1],[0,-1],[-1,-1]],[[9800,7756],[-2,0],[-1,-1],[-2,-1],[-2,0],[-1,-1],[-2,-1],[-2,0],[-2,-1],[-1,-1],[-2,-1],[-2,0],[-1,-1],[-2,-1],[-1,-1],[-1,-1],[-2,0],[-2,-2],[-2,-3],[-1,-4],[-2,-4],[-2,-4],[-1,-5],[-2,-5],[-1,-4],[-2,-5],[-1,-4],[-2,-4],[-2,-3],[-2,-2],[-3,-1],[-2,0],[-3,1],[-3,2],[-3,2],[-2,1],[-3,1],[-2,0],[-2,0],[-3,0],[-2,0],[-2,-1],[-2,-1],[-2,-1],[-3,-2],[-2,-1],[-3,-3],[-3,-2],[-3,-3],[-1,-1],[-1,0],[0,-1],[-1,0],[0,-1],[-1,0]],[[9700,7685],[-2,-2],[-2,-1],[-3,-1],[-2,0],[-2,0],[-1,1],[-2,0],[-2,2],[-2,2],[-1,2],[-2,3],[-2,3],[-2,4],[-2,4],[-3,5],[-2,6],[-3,5],[-2,5],[-3,4],[-3,4],[-2,3],[-2,3],[-3,3],[-2,2],[-2,1],[-2,2],[-3,1],[-2,2],[-2,1],[-2,1],[-3,1],[-2,2],[-2,1],[-3,3],[-2,2],[-3,3],[-2,3],[-2,4],[-2,3],[-2,4],[-2,4],[-2,3],[-2,4],[-1,3],[-2,3],[-1,2],[-1,3],[-1,1],[-1,1],[-2,0],[-2,-1],[-3,-1],[-3,-3],[-4,-2],[-4,-3],[-5,-3],[-4,-3],[-5,-2],[-4,-2],[-5,-1],[-4,-1],[-4,0],[-4,2],[-3,2],[-3,3],[-3,2],[-3,2],[-4,1],[-3,1],[-4,1],[-4,0],[-4,0],[-4,0],[-5,0],[-5,0],[-5,0],[-6,1],[-7,1],[-6,1],[-8,2],[-6,1],[-6,0],[-7,-2],[-6,-2],[-7,-3],[-6,-3],[-7,-4],[-6,-5],[-6,-5],[-6,-5],[-6,-6],[-5,-5],[-5,-5],[-5,-5],[-4,-5],[-3,-4]],[[9753,7985],[-3,0],[-4,0],[-4,0],[-4,0],[-4,0],[-4,0],[-4,0],[-4,0],[-5,0],[-4,-1],[-4,0],[-4,0],[-4,0],[-4,0],[-4,1],[-3,0],[-5,1],[-4,2],[-3,3],[-2,3],[-2,4],[-2,3],[-1,5],[-1,4],[-1,4],[-1,4],[0,3],[-1,4],[-1,2],[-2,2],[-1,2],[-3,0],[-2,0],[-2,1],[-3,1],[-2,2],[-2,1],[-2,2],[-2,2],[-2,3],[-2,2],[-2,2],[-2,3],[-3,2],[-2,2],[-2,2],[-3,1],[-2,2],[-2,0],[-2,0],[-3,0],[-2,-1],[-3,-1],[-3,-1],[-4,-2],[-3,-2],[-3,-2],[-4,-3],[-3,-2],[-4,-3],[-3,-2],[-3,-3],[-4,-3],[-3,-2]],[[9362,9835],[-2,-1],[-2,-2],[-3,-1],[-2,-1],[-2,-1],[-2,-1],[-3,0],[-2,-1],[-2,-1],[-2,0],[-2,-1],[-2,0],[-2,0],[-1,-1],[-2,0],[-1,1],[-2,0],[-1,0],[1,-1],[1,0],[1,-2],[2,-1],[1,-2],[1,-3],[1,-4],[1,-4],[0,-5],[0,-6],[-1,-7],[-1,-8],[-2,-9],[-1,-7],[0,-8],[-1,-6],[0,-6],[0,-6],[0,-4],[0,-4],[-1,-3],[-2,-3],[-2,-1],[-3,-1],[-4,0],[-6,1],[-7,2],[-9,3],[-9,4],[-9,3],[-8,3],[-8,3],[-8,2],[-7,2],[-6,2],[-6,1],[-6,0],[-5,0],[-4,-1],[-3,-2],[-3,-3],[-2,-3],[-1,-5],[-1,-6],[0,-7],[0,-6],[-1,-7],[0,-7],[-1,-7],[-1,-7],[-1,-6],[-2,-6],[-2,-6],[-2,-4],[-2,-4],[-2,-3],[-3,-1],[-4,-1],[-3,1],[-4,2],[-4,3],[-5,1],[-5,1],[-4,0],[-5,0],[-5,-2],[-5,-1],[-4,-3],[-5,-2],[-4,-4],[-3,-3],[-3,-4],[-3,-4],[-2,-5],[-1,-4],[0,-5],[-1,-4],[0,-4],[-1,-4],[-2,-3],[-1,-3],[-2,-3],[-2,-3],[-2,-2],[-3,-3],[-2,-3],[-2,-2],[-1,-3],[-2,-4],[-1,-3],[-1,-4],[-1,-4],[0,-4],[0,-5],[1,-6],[1,-6],[1,-6],[1,-6],[1,-6],[0,-7],[1,-7],[-1,-7],[0,-8],[-2,-7],[-2,-7],[-3,-8],[-4,-7],[-5,-8],[-5,-7],[-5,-7],[-5,-6],[-4,-6],[-3,-6],[-4,-5],[-3,-5],[-2,-5],[-2,-5],[-2,-5],[-1,-4],[-1,-4],[0,-4],[0,-5],[0,-4],[1,-4],[0,-4],[-1,-3],[-2,-3],[-3,-2],[-4,-3],[-4,-2],[-5,-2],[-5,-2],[-5,-2],[-5,-3],[-4,-3],[-4,-3],[-4,-4],[-2,-5],[-2,-5],[0,-7],[0,-7],[1,-7],[0,-8],[0,-8],[0,-8],[0,-8],[0,-9],[0,-8],[-1,-9],[-1,-9],[-1,-10],[-2,-9],[-2,-10],[-3,-9],[-4,-10],[-4,-10],[-4,-10],[-4,-9],[-4,-9],[-3,-8],[-3,-7],[-3,-7],[-3,-6],[-2,-6],[-2,-5],[-2,-5],[-1,-4],[0,-3],[-1,-3],[1,-3],[1,-2],[1,-2],[2,-1],[2,-2],[3,-1],[2,-2],[2,-2],[2,-3],[2,-2],[2,-3],[2,-3],[1,-3],[2,-3],[1,-4],[1,-4],[0,-5],[0,-4],[0,-6],[-1,-5],[-1,-4],[-1,-4],[-1,-4],[-2,-3],[-3,-2],[-2,-3],[-3,-1],[-3,-2],[-4,-1],[-4,0],[-4,-1],[-5,0],[-5,1],[-5,0],[-6,1],[-6,0],[-6,-2],[-6,-2],[-5,-4],[-6,-5],[-5,-5],[-5,-7],[-5,-6],[-4,-7],[-4,-7],[-4,-7],[-3,-7],[-2,-6],[-2,-6],[-1,-5],[-1,-4],[0,-4],[0,-3],[-1,-4],[-1,-3],[-1,-3],[-1,-3],[-1,-3],[-1,-3],[-1,-3],[-1,-2],[-1,-3],[-1,-3],[0,-3],[-1,-3],[0,-3],[0,-3],[0,-3],[0,-4],[0,-5],[1,-5],[1,-6],[0,-5],[1,-6],[1,-7],[1,-6],[0,-6],[1,-7],[1,-6],[0,-6],[0,-6],[1,-5],[0,-5],[0,-5],[0,-5],[1,-5],[0,-5],[1,-5],[1,-5],[0,-4],[1,-5],[1,-4],[1,-5],[1,-4],[1,-4],[0,-4],[1,-3],[0,-3],[1,-3],[0,-4],[0,-3],[-1,-5],[0,-4],[-1,-5],[-1,-6],[-1,-5],[-1,-6],[-1,-6],[-1,-6],[0,-6],[-1,-6],[0,-5],[0,-6],[0,-6],[1,-5],[1,-5],[2,-5],[2,-5],[3,-5],[3,-5],[3,-5],[4,-5],[3,-5],[4,-5],[3,-5],[3,-6],[3,-5],[2,-5],[2,-5],[1,-5],[1,-6],[-1,-5],[-1,-4],[-1,-4],[-2,-3],[-2,-3],[-2,-2],[-3,-3],[-3,-2],[-2,-2],[-3,-2],[-3,-3],[-2,-2],[-2,-3],[-2,-3],[-1,-3],[0,-4],[-1,-5],[1,-6],[1,-8],[1,-8],[1,-10],[1,-10],[2,-10],[1,-11],[1,-11],[1,-11],[1,-11],[0,-10],[-1,-10],[-1,-9],[-1,-7],[-3,-7],[-3,-5],[-3,-5],[-3,-4],[-3,-3],[-2,-3],[-3,-3],[-3,-2],[-2,-2],[-2,-2],[-2,-1],[-2,-2],[-2,-2],[-1,-2],[-1,-3],[0,-3],[-1,-4],[0,-3],[0,-4],[-1,-3],[0,-3],[-1,-3],[-1,-3],[0,-3],[-1,-3],[-1,-4],[-1,-4],[0,-4],[-1,-4],[0,-5],[0,-5],[1,-7],[0,-6],[1,-7],[0,-7],[0,-7],[0,-7],[0,-7],[0,-6],[-1,-6],[0,-5],[-1,-5],[-1,-5],[-1,-3],[-1,-4],[-2,-2],[-1,-2],[-2,0],[-2,0],[-1,0],[-2,0],[-1,1],[-1,0],[-2,0],[-1,0],[-1,0],[-1,-1],[-2,0],[-1,0],[-1,0],[-1,-1],[-2,0],[-1,0],[-1,-1],[-2,0]],[[9554,9318],[-3,5],[-2,5],[-3,6],[-2,6],[-3,6],[-2,6],[-2,6],[-2,7],[-2,6],[-1,7],[-1,6],[-1,6],[0,6],[0,6],[1,5],[1,5],[2,7],[3,6],[2,6],[2,5],[2,5],[2,5],[1,4],[2,4],[1,4],[0,4],[0,4],[0,4],[-1,4],[-1,5],[-2,4],[-2,5],[-3,6],[-2,5],[-2,5],[-1,5],[-1,5],[-1,5],[0,5],[-1,4],[0,5],[1,4],[0,4],[0,4],[1,4],[1,3],[1,3],[0,3],[1,3],[0,2],[-1,2],[-1,2],[-2,1],[-1,2],[-2,1],[-2,2],[-3,1],[-2,2],[-2,1],[-1,2],[-2,2],[0,3],[-1,3],[0,3],[1,4],[1,4],[0,4],[1,5],[1,4],[1,5],[1,5],[1,5],[1,4],[0,5],[1,4],[1,4],[0,4],[0,4],[0,3],[-1,3],[0,2],[-1,2],[-1,2],[-1,3],[-2,1],[-1,2],[-2,2],[-1,2],[-2,2],[-2,1],[-1,2],[-2,2],[-2,2],[-1,1],[-2,2],[-1,2],[-2,2],[-1,3],[0,2],[-1,3],[-1,4],[-1,3],[-2,4],[-1,4],[-3,3],[-2,4],[-4,4],[-4,4],[-4,4],[-6,4],[-7,3],[-8,4],[-7,3],[-7,4],[-6,5],[-6,6],[-7,6],[-6,6],[-5,7],[-6,7],[-6,8],[-5,7],[-6,7],[-5,6],[-6,6],[-5,6],[-6,5],[-6,4]],[[609,7548],[4,9],[4,10],[4,11],[3,11],[4,11],[3,12],[3,12],[2,11],[2,12],[2,12],[0,12],[1,11],[-1,11],[-2,10],[-2,10],[-4,9],[-6,13],[-8,12],[-9,11],[-10,11],[-11,10],[-10,10],[-11,11],[-11,10],[-11,11],[-10,12],[-9,12],[-8,14],[-7,15],[-5,16],[-4,18],[-2,20],[-2,22],[-4,24],[-5,25],[-7,26],[-9,27],[-9,27],[-10,26],[-10,26],[-11,25],[-11,24],[-11,21],[-10,20],[-10,16],[-9,14],[-8,10],[-7,6],[-6,5],[-6,6],[-5,7],[-6,8],[-6,8],[-5,9],[-6,7],[-6,7],[-6,6],[-6,4],[-6,2],[-7,0],[-6,-3],[-8,-5],[-7,-9],[-8,-13],[-7,-14],[-7,-14],[-6,-13],[-5,-12],[-4,-11],[-4,-9],[-4,-8],[-4,-7],[-3,-4],[-3,-3],[-4,0],[-3,1],[-4,4],[-4,7],[-5,10],[-5,12],[-4,9],[-3,8],[-3,9],[-4,8],[-3,9],[-4,9],[-3,8],[-4,8],[-3,9],[-3,8],[-4,8],[-3,8],[-4,7],[-3,7],[-3,7],[-4,7],[-2,4],[-2,3],[-2,4],[-3,4],[-2,3],[-2,3],[-2,3],[-3,3],[-2,3],[-2,2],[-2,2],[-2,2],[-3,1],[-2,2],[-2,1],[-2,0],[-6,1],[-7,0],[-7,-1],[-7,-2],[-8,-3],[-7,-2],[-8,-3],[-7,-1],[-7,-2],[-7,0],[-6,1],[-6,3],[-4,4],[-4,7],[-3,8],[-1,12],[-1,18],[0,27],[-1,35],[1,41],[0,48],[0,51],[1,56],[0,57],[1,59],[0,59],[0,58],[0,56],[0,53],[-1,49],[-1,44],[-2,38],[-1,35],[-2,40],[-1,45],[-1,48],[-1,51],[0,53],[-1,54],[0,55],[0,54],[0,52],[1,51],[1,47],[1,45],[1,40],[1,35],[2,29]],[[9362,9835],[2,1],[2,1],[2,1],[2,1],[1,2],[2,1],[1,1],[1,1],[2,1],[1,2],[1,1],[1,1],[0,2],[1,1],[0,1],[0,1],[0,3],[1,2],[1,2],[1,2],[2,1],[1,1],[2,1],[2,1],[3,0],[2,1],[2,0],[3,0],[2,0],[2,1],[2,0],[2,0],[2,-1],[3,-2],[3,-3],[3,-5],[4,-5],[3,-5],[4,-7],[4,-6],[3,-7],[3,-7],[4,-6],[2,-6],[3,-6],[2,-5],[1,-5],[1,-3],[0,-2],[1,-2],[1,-2],[1,-1],[2,-1],[1,-1],[2,0],[2,0],[2,0],[2,0],[3,0],[2,0],[3,0],[2,0],[2,1],[3,0],[2,0],[2,-1],[1,0],[2,-1],[1,0],[1,-1],[1,-1],[1,-1],[1,-1],[0,-1],[1,-1],[2,-1],[1,-1],[2,-1],[1,-1],[3,-1],[2,-1],[3,0],[2,0],[3,1],[2,1],[2,1],[3,2],[2,2],[3,2],[2,2],[2,2],[2,2],[2,3],[1,2],[2,3],[1,2],[2,2],[2,1],[3,0],[3,-1],[4,-1],[4,-2],[4,-2],[5,-2],[4,-3],[4,-2],[3,-3],[4,-2],[2,-2],[3,-2],[1,-1],[1,0],[1,-1],[2,-1],[2,-1],[2,-1],[2,-1],[2,0],[2,-1],[2,-1],[3,0],[2,0],[2,1],[1,1],[2,2],[1,2],[0,2],[1,2],[0,2],[1,2],[0,2],[0,2],[0,1],[1,2],[1,2],[0,1],[1,2],[2,2],[2,2],[2,2],[3,3],[3,2],[3,3],[4,3],[2,4],[3,3],[2,5],[2,5],[2,5],[2,6],[1,7],[1,7],[1,8],[2,9],[1,9],[0,11],[1,11],[1,12],[2,12],[3,10],[4,9],[5,8],[5,6],[7,5],[6,5],[7,3],[7,3],[7,2],[6,2],[6,1],[5,1],[5,1],[3,2],[2,1],[2,1],[1,2],[2,2],[2,2],[2,2],[3,2],[2,2],[3,2],[2,1],[3,1],[3,0],[3,0],[3,-1],[3,-2],[4,-2],[3,-4],[4,-4],[3,-4],[4,-4],[3,-3],[4,-4],[4,-4],[4,-3],[4,-4],[4,-3],[4,-3],[4,-4],[4,-3],[4,-3],[5,-2],[4,-3],[4,-2],[2,-2],[3,-2],[1,-3],[2,-2],[1,-3],[2,-3],[0,-3],[1,-3],[1,-3],[0,-4],[0,-3],[0,-3],[0,-4],[0,-3],[0,-3],[-1,-3]]]}