{"type":"Topology","transform":{"scale":[0.028194600260026,0.012510474647464749],"translate":[-141.156368,-54.909989]},"objects":{"admin0_lines":{"type":"GeometryCollection","geometries":[{"type":"LineString","arcs":[0]},{"type":"LineString","arcs":[1]},{"type":"LineString","arcs":[2]},{"type":"LineString","arcs":[3]},{"type":"LineString","arcs":[4]},{"type":"LineString","arcs":[5]},{"type":"LineString","arcs":[6]},{"type":"LineString","arcs":[7]},{"type":"LineString","arcs":[8]},{"type":"LineString","arcs":[9]},{"type":"LineString","arcs":[10]},{"type":"LineString","arcs":[11]},{"type":"LineString","arcs":[12]},{"type":"LineString","arcs":[13]},{"type":"LineString","arcs":[14]},{"type":"LineString","arcs":[15]},{"type":"LineString","arcs":[16]},{"type":"LineString","arcs":[17]},{"type":"LineString","arcs":[18]},{"type":"LineString","arcs":[19]},{"type":"LineString","arcs":[20]},{"type":"LineString","arcs":[21]},{"type":"LineString","arcs":[22]},{"type":"LineString","arcs":[23]},{"type":"LineString","arcs":[24]},{"type":"LineString","arcs":[25]},{"type":"LineString","arcs":[26]},{"type":"LineString","arcs":[27]},{"type":"LineString","arcs":[28]},{"type":"LineString","arcs":[29]},{"type":"LineString","arcs":[30]},{"type":"LineString","arcs":[31]},{"type":"LineString","arcs":[32]},{"type":"LineString","arcs":[33]},{"type":"LineString","arcs":[34]},{"type":"LineString","arcs":[35]},{"type":"LineString","arcs":[36]},{"type":"LineString","arcs":[37]},{"type":"LineString","arcs":[38]},{"type":"LineString","arcs":[39]},{"type":"LineString","arcs":[40]},{"type":"LineString","arcs":[41]},{"type":"LineString","arcs":[42]},{"type":"LineString","arcs":[43]},{"type":"LineString","arcs":[44]},{"type":"LineString","arcs":[45]},{"type":"LineString","arcs":[46]},{"type":"LineString","arcs":[47]},{"type":"LineString","arcs":[48]},{"type":"LineString","arcs":[49]},{"type":"LineString","arcs":[50]},{"type":"LineString","arcs":[51]},{"type":"LineString","arcs":[52]},{"type":"LineString","arcs":[53]},{"type":"LineString","arcs":[54]},{"type":"LineString","arcs":[55]},{"type":"LineString","arcs":[56]},{"type":"LineString","arcs":[57]},{"type":"LineString","arcs":[58]},{"type":"LineString","arcs":[59]},{"type":"LineString","arcs":[60]},{"type":"LineString","arcs":[61]},{"type":"LineString","arcs":[62]},{"type":"LineString","arcs":[63]},{"type":"LineString","arcs":[64]},{"type":"LineString","arcs":[65]},{"type":"LineString","arcs":[66]},{"type":"LineString","arcs":[67]},{"type":"LineString","arcs":[68]},{"type":"LineString","arcs":[69]},{"type":"LineString","arcs":[70]},{"type":"LineString","arcs":[71]},{"type":"LineString","arcs":[72]},{"type":"LineString","arcs":[73]},{"type":"LineString","arcs":[74]},{"type":"LineString","arcs":[75]},{"type":"LineString","arcs":[76]},{"type":"LineString","arcs":[77]},{"type":"LineString","arcs":[78]},{"type":"LineString","arcs":[79]},{"type":"LineString","arcs":[80]},{"type":"LineString","arcs":[81]},{"type":"LineString","arcs":[82]},{"type":"LineString","arcs":[83]},{"type":"LineString","arcs":[84]},{"type":"LineString","arcs":[85]},{"type":"LineString","arcs":[86]},{"type":"LineString","arcs":[87]},{"type":"LineString","arcs":[88]},{"type":"LineString","arcs":[89]},{"type":"LineString","arcs":[90]},{"type":"LineString","arcs":[91]},{"type":"LineString","arcs":[92]},{"type":"LineString","arcs":[93]},{"type":"LineString","arcs":[94]},{"type":"LineString","arcs":[95]},{"type":"LineString","arcs":[96]},{"type":"LineString","arcs":[97]},{"type":"LineString","arcs":[98]},{"type":"LineString","arcs":[99]},{"type":"LineString","arcs":[100]},{"type":"LineString","arcs":[101]},{"type":"LineString","arcs":[102]},{"type":"LineString","arcs":[103]},{"type":"LineString","arcs":[104]},{"type":"LineString","arcs":[105]},{"type":"LineString","arcs":[106]},{"type":"LineString","arcs":[107]},{"type":"LineString","arcs":[108]},{"type":"LineString","arcs":[109]},{"type":"LineString","arcs":[110]},{"type":"LineString","arcs":[111]},{"type":"LineString","arcs":[112]},{"type":"LineString","arcs":[113]},{"type":"LineString","arcs":[114]},{"type":"LineString","arcs":[115]},{"type":"LineString","arcs":[116]},{"type":"LineString","arcs":[117]},{"type":"LineString","arcs":[118]},{"type":"LineString","arcs":[119]},{"type":"LineString","arcs":[120]},{"type":"LineString","arcs":[121]},{"type":"LineString","arcs":[122]},{"type":"LineString","arcs":[123]},{"type":"LineString","arcs":[124]},{"type":"LineString","arcs":[125]},{"type":"LineString","arcs":[126]},{"type":"LineString","arcs":[127]},{"type":"LineString","arcs":[128]},{"type":"LineString","arcs":[129]},{"type":"LineString","arcs":[130]},{"type":"LineString","arcs":[131]},{"type":"LineString","arcs":[132]},{"type":"LineString","arcs":[133]},{"type":"LineString","arcs":[134]},{"type":"LineString","arcs":[135]},{"type":"LineString","arcs":[136]},{"type":"LineString","arcs":[137]},{"type":"LineString","arcs":[138]},{"type":"LineString","arcs":[139]},{"type":"LineString","arcs":[140]},{"type":"LineString","arcs":[141]},{"type":"LineString","arcs":[142]},{"type":"LineString","arcs":[143]},{"type":"LineString","arcs":[144]},{"type":"LineString","arcs":[145]},{"type":"LineString","arcs":[146]},{"type":"LineString","arcs":[147]},{"type":"LineString","arcs":[148]},{"type":"LineString","arcs":[149]},{"type":"LineString","arcs":[150]},{"type":"LineString","arcs":[151]},{"type":"LineString","arcs":[152]},{"type":"LineString","arcs":[153]},{"type":"LineString","arcs":[154]},{"type":"LineString","arcs":[155]},{"type":"LineString","arcs":[156]},{"type":"LineString","arcs":[157]},{"type":"LineString","arcs":[158]},{"type":"LineString","arcs":[159]},{"type":"LineString","arcs":[160]},{"type":"LineString","arcs":[161]},{"type":"LineString","arcs":[162]},{"type":"LineString","arcs":[163]},{"type":"LineString","arcs":[164]},{"type":"LineString","arcs":[165]},{"type":"LineString","arcs":[166]},{"type":"LineString","arcs":[167]},{"type":"LineString","arcs":[168]},{"type":"LineString","arcs":[169]},{"type":"LineString","arcs":[170]},{"type":"LineString","arcs":[171]},{"type":"LineString","arcs":[172]},{"type":"LineString","arcs":[173]},{"type":"LineString","arcs":[174]},{"type":"LineString","arcs":[175]},{"type":"LineString","arcs":[176]},{"type":"LineString","arcs":[177]},{"type":"LineString","arcs":[178]},{"type":"LineString","arcs":[179]},{"type":"LineString","arcs":[180]},{"type":"LineString","arcs":[181]},{"type":"LineString","arcs":[182]},{"type":"LineString","arcs":[183]},{"type":"LineString","arcs":[184]},{"type":"LineString","arcs":[185]},{"type":"LineString","arcs":[186]},{"type":"LineString","arcs":[187]},{"type":"LineString","arcs":[188]},{"type":"LineString","arcs":[189]},{"type":"LineString","arcs":[190]},{"type":"LineString","arcs":[191]},{"type":"LineString","arcs":[192]},{"type":"LineString","arcs":[193]},{"type":"LineString","arcs":[194]},{"type":"LineString","arcs":[195]},{"type":"LineString","arcs":[196]},{"type":"LineString","arcs":[197]},{"type":"LineString","arcs":[198]},{"type":"LineString","arcs":[199]},{"type":"LineString","arcs":[200]},{"type":"LineString","arcs":[201]},{"type":"LineString","arcs":[202]},{"type":"LineString","arcs":[203]},{"type":"LineString","arcs":[204]},{"type":"LineString","arcs":[205]},{"type":"LineString","arcs":[206]},{"type":"LineString","arcs":[207]},{"type":"LineString","arcs":[208]},{"type":"LineString","arcs":[209]},{"type":"LineString","arcs":[210]},{"type":"LineString","arcs":[211]},{"type":"LineString","arcs":[212]},{"type":"LineString","arcs":[213]},{"type":"LineString","arcs":[214]},{"type":"LineString","arcs":[215]},{"type":"LineString","arcs":[216]},{"type":"LineString","arcs":[217]},{"type":"LineString","arcs":[218]},{"type":"LineString","arcs":[219]},{"type":"LineString","arcs":[220]},{"type":"LineString","arcs":[221]},{"type":"LineString","arcs":[222]},{"type":"LineString","arcs":[223]},{"type":"LineString","arcs":[224]},{"type":"LineString","arcs":[225]},{"type":"LineString","arcs":[226]},{"type":"LineString","arcs":[227]},{"type":"LineString","arcs":[228]},{"type":"LineString","arcs":[229]},{"type":"LineString","arcs":[230]},{"type":"LineString","arcs":[231]},{"type":"LineString","arcs":[232]},{"type":"LineString","arcs":[233]},{"type":"LineString","arcs":[234]},{"type":"LineString","arcs":[235]},{"type":"LineString","arcs":[236]},{"type":"LineString","arcs":[237]},{"type":"LineString","arcs":[238]},{"type":"LineString","arcs":[239]},{"type":"LineString","arcs":[240]},{"type":"LineString","arcs":[241]},{"type":"LineString","arcs":[242]},{"type":"LineString","arcs":[243]},{"type":"LineString","arcs":[244]},{"type":"LineString","arcs":[245]},{"type":"LineString","arcs":[246]},{"type":"LineString","arcs":[247]},{"type":"LineString","arcs":[248]},{"type":"LineString","arcs":[249]},{"type":"LineString","arcs":[250]},{"type":"LineString","arcs":[251]},{"type":"LineString","arcs":[252]},{"type":"LineString","arcs":[253]},{"type":"LineString","arcs":[254]},{"type":"LineString","arcs":[255]},{"type":"LineString","arcs":[256]},{"type":"LineString","arcs":[257]},{"type":"LineString","arcs":[258]},{"type":"LineString","arcs":[259]},{"type":"LineString","arcs":[260]},{"type":"LineString","arcs":[261]},{"type":"LineString","arcs":[262]},{"type":"LineString","arcs":[263]},{"type":"LineString","arcs":[264]},{"type":"LineString","arcs":[265]},{"type":"LineString","arcs":[266]},{"type":"LineString","arcs":[267]},{"type":"LineString","arcs":[268]},{"type":"LineString","arcs":[269]},{"type":"LineString","arcs":[270]},{"type":"LineString","arcs":[271]},{"type":"LineString","arcs":[272]},{"type":"LineString","arcs":[273]},{"type":"LineString","arcs":[274]},{"type":"LineString","arcs":[275]},{"type":"LineString","arcs":[276]},{"type":"LineString","arcs":[277]},{"type":"LineString","arcs":[278]},{"type":"LineString","arcs":[279]},{"type":"LineString","arcs":[280]},{"type":"LineString","arcs":[281]},{"type":"LineString","arcs":[282]},{"type":"LineString","arcs":[283]},{"type":"LineString","arcs":[284]},{"type":"LineString","arcs":[285]},{"type":"LineString","arcs":[286]},{"type":"LineString","arcs":[287]},{"type":"LineString","arcs":[288]},{"type":"LineString","arcs":[289]},{"type":"LineString","arcs":[290]},{"type":"LineString","arcs":[291]},{"type":"LineString","arcs":[292]},{"type":"LineString","arcs":[293]},{"type":"LineString","arcs":[294]},{"type":"LineString","arcs":[295]},{"type":"LineString","arcs":[296]},{"type":"LineString","arcs":[297]},{"type":"LineString","arcs":[298]},{"type":"LineString","arcs":[299]},{"type":"LineString","arcs":[300]},{"type":"LineString","arcs":[301]},{"type":"LineString","arcs":[302]},{"type":"LineString","arcs":[303]},{"type":"LineString","arcs":[304]},{"type":"LineString","arcs":[305]},{"type":"LineString","arcs":[306]},{"type":"LineString","arcs":[307]},{"type":"LineString","arcs":[308]},{"type":"LineString","arcs":[309]},{"type":"LineString","arcs":[310]},{"type":"LineString","arcs":[311]},{"type":"LineString","arcs":[312]},{"type":"LineString","arcs":[313]},{"type":"LineString","arcs":[314]},{"type":"LineString","arcs":[315]},{"type":"LineString","arcs":[316]},{"type":"LineString","arcs":[317]},{"type":"LineString","arcs":[318]},{"type":"LineString","arcs":[319]},{"type":"LineString","arcs":[320]},{"type":"LineString","arcs":[321]},{"type":"LineString","arcs":[322]},{"type":"LineString","arcs":[323]},{"type":"LineString","arcs":[324]},{"type":"LineString","arcs":[325]},{"type":"LineString","arcs":[326]},{"type":"LineString","arcs":[327]},{"type":"LineString","arcs":[328]},{"type":"LineString","arcs":[329]},{"type":"LineString","arcs":[330]},{"type":"LineString","arcs":[331]},{"type":"LineString","arcs":[332]},{"type":"LineString","arcs":[333]},{"type":"LineString","arcs":[334]},{"type":"LineString","arcs":[335]},{"type":"LineString","arcs":[336]},{"type":"LineString","arcs":[337]},{"type":"LineString","arcs":[338]},{"type":"LineString","arcs":[339]},{"type":"LineString","arcs":[340]},{"type":"LineString","arcs":[341]},{"type":"LineString","arcs":[342]},{"type":"LineString","arcs":[343]},{"type":"LineString","arcs":[344]},{"type":"LineString","arcs":[345]},{"type":"LineString","arcs":[346]},{"type":"LineString","arcs":[347]},{"type":"LineString","arcs":[348]},{"type":"LineString","arcs":[349]},{"type":"LineString","arcs":[350]},{"type":"LineString","arcs":[351]},{"type":"LineString","arcs":[352]},{"type":"LineString","arcs":[353]},{"type":"LineString","arcs":[354]},{"type":"LineString","arcs":[355]},{"type":"LineString","arcs":[356]},{"type":"LineString","arcs":[357]},{"type":"LineString","arcs":[358]},{"type":"LineString","arcs":[359]},{"type":"LineString","arcs":[360]},{"type":"LineString","arcs":[361]},{"type":"LineString","arcs":[362]},{"type":"LineString","arcs":[363]},{"type":"LineString","arcs":[364]},{"type":"LineString","arcs":[365]},{"type":"LineString","arcs":[366]},{"type":"LineString","arcs":[367]},{"type":"LineString","arcs":[368]},{"type":"LineString","arcs":[369]},{"type":"LineString","arcs":[370]},{"type":"LineString","arcs":[371]},{"type":"LineString","arcs":[372]},{"type":"LineString","arcs":[373]},{"type":"LineString","arcs":[374]},{"type":"LineString","arcs":[375]},{"type":"LineString","arcs":[376]},{"type":"LineString","arcs":[377]},{"type":"LineString","arcs":[378]},{"type":"LineString","arcs":[379]},{"type":"LineString","arcs":[380]},{"type":"LineString","arcs":[381]},{"type":"LineString","arcs":[382]},{"type":"LineString","arcs":[383]},{"type":"LineString","arcs":[384]},{"type":"LineString","arcs":[385]},{"type":"LineString","arcs":[386]},{"type":"LineString","arcs":[387]},{"type":"LineString","arcs":[388]},{"type":"LineString","arcs":[389]},{"type":"LineString","arcs":[390]},{"type":"LineString","arcs":[391]},{"type":"LineString","arcs":[392]},{"type":"LineString","arcs":[393]},{"type":"LineString","arcs":[394]},{"type":"LineString","arcs":[395]},{"type":"LineString","arcs":[396]},{"type":"LineString","arcs":[397]},{"type":"LineString","arcs":[398]},{"type":"LineString","arcs":[399]},{"type":"LineString","arcs":[400]},{"type":"LineString","arcs":[401]},{"type":"LineString","arcs":[402]},{"type":"LineString","arcs":[403]},{"type":"LineString","arcs":[404]},{"type":"LineString","arcs":[405]},{"type":"LineString","arcs":[406]},{"type":"LineString","arcs":[407]},{"type":"LineString","arcs":[408]},{"type":"LineString","arcs":[409]},{"type":"LineString","arcs":[410]},{"type":"LineString","arcs":[411]},{"type":"LineString","arcs":[412]},{"type":"LineString","arcs":[413]},{"type":"LineString","arcs":[414]},{"type":"LineString","arcs":[415]},{"type":"LineString","arcs":[416]},{"type":"LineString","arcs":[417]},{"type":"LineString","arcs":[418]},{"type":"LineString","arcs":[419]},{"type":"LineString","arcs":[420]},{"type":"LineString","arcs":[421]},{"type":"LineString","arcs":[422]},{"type":"LineString","arcs":[423]},{"type":"LineString","arcs":[424]},{"type":"LineString","arcs":[425]},{"type":"LineString","arcs":[426]},{"type":"LineString","arcs":[427]},{"type":"LineString","arcs":[428]},{"type":"LineString","arcs":[429]},{"type":"LineString","arcs":[430]},{"type":"LineString","arcs":[431]},{"type":"LineString","arcs":[432]},{"type":"LineString","arcs":[433]},{"type":"LineString","arcs":[434]},{"type":"LineString","arcs":[435]},{"type":"LineString","arcs":[436]},{"type":"LineString","arcs":[437]},{"type":"LineString","arcs":[438]},{"type":"LineString","arcs":[439]},{"type":"LineString","arcs":[440]}]}},"arcs":[[[2558,0],[7,19],[-7,18],[7,19],[-7,19],[7,18],[-7,19],[7,19]],[[2565,131],[-7,19],[7,19]],[[2543,225],[-7,20],[-14,0],[-8,-20],[-14,0],[-8,20],[-14,0],[-7,-20],[-15,0],[-7,20],[-15,0]],[[2981,1996],[-8,-22],[-14,0],[-7,-22],[7,-22],[-7,-22],[7,-22],[-7,-22],[7,-22],[-7,-21],[-15,0],[-7,-22],[7,-22],[-7,-22],[7,-21],[-7,-22],[7,-21],[-7,-22],[7,-22]],[[3112,1691],[-7,21],[7,22],[-7,21],[7,22],[-7,22],[7,22],[-7,21],[-15,0],[-7,22],[-15,0],[-7,22],[-15,0],[-7,22],[-15,0],[-7,22],[7,22],[-7,22],[-14,0],[-8,22]],[[5991,1930],[-15,0],[-7,22],[7,22],[-7,22],[7,22],[-7,22],[7,22]],[[5976,2062],[15,0],[7,22],[15,0],[7,22],[14,0],[8,-22],[-8,-22],[8,-22],[-8,-22],[8,-22],[-8,-22],[-14,0],[-7,-22],[-15,0],[-7,-22]],[[6166,2239],[-15,0]],[[6151,2239],[-7,23],[7,22],[-7,22]],[[6122,2329],[-15,0],[-7,-23],[7,-22],[-7,-22],[7,-23],[-7,-22],[7,-22],[15,0],[7,22],[15,0],[7,22]],[[6144,2306],[-15,0],[-7,23]],[[3083,2351],[7,-22],[15,0],[7,-23],[-7,-22],[7,-22],[-7,-23],[7,-22],[-7,-22],[-15,0],[-7,-23],[-15,0],[-7,-22],[-15,0],[-7,-22],[-15,0],[-7,-22],[7,-22],[-7,-22],[-14,0],[-8,-22],[-14,0],[-8,-22],[8,-22]],[[5714,2418],[-8,-22],[8,-23],[-8,-22],[8,-22],[-8,-23],[8,-22],[-8,-22],[8,-23],[-8,-22],[8,-22],[-8,-23],[8,-22],[-8,-22],[8,-22],[-8,-22],[-14,0],[-7,-22],[-15,0],[-7,22],[-15,0],[-7,22],[-15,0],[-7,22],[7,22],[-7,22],[-15,0],[-7,-22],[7,-22],[-7,-22],[-14,0]],[[2427,264],[7,19],[-7,19],[7,19],[-7,19],[-15,0],[-7,20],[7,19],[-7,19],[7,20],[-7,19],[7,20],[15,0],[7,19],[-7,20],[7,19],[-7,20],[7,19],[-7,20],[7,20],[15,0],[7,20],[-7,19],[7,20],[-7,20],[7,20],[-7,20],[7,20],[15,0],[7,20],[-7,20],[-15,0],[-7,20],[7,20],[15,0],[7,21],[-7,20],[-15,0],[-7,20],[7,20],[-7,21],[7,20],[-7,20],[7,21],[-7,20],[7,21],[-7,20],[7,21],[-7,20],[7,21],[-7,21],[7,20],[-7,21],[7,21],[-7,21],[7,21],[15,0],[7,20],[-7,21],[7,21],[-7,21],[7,21],[-7,21],[7,21],[-7,22],[7,21],[-7,21],[7,21],[14,0],[8,21],[-8,22],[8,21],[-8,21],[8,22],[-8,21],[8,22],[14,0],[8,21],[-8,21],[8,22],[-8,22],[8,21],[-8,22],[8,21],[-8,22],[8,22],[-8,22],[-14,0],[-8,21],[8,22],[-8,22],[8,22],[14,0],[8,22],[-8,22],[8,22],[-8,22],[8,22],[-8,22],[8,22],[-8,22],[8,22],[14,0],[7,22],[-7,22],[7,22],[15,0],[7,23],[-7,22],[7,22],[-7,23],[7,22],[-7,22],[7,23],[-7,22],[7,22],[-7,23],[7,22],[15,0],[7,23],[15,0],[7,22],[15,0],[7,23],[-7,23],[7,22],[-7,23]],[[6144,2306],[7,23],[-7,22],[7,22],[-7,23],[7,22],[-7,23],[7,22],[-7,23],[-15,0],[-7,23],[7,22],[-7,23],[7,22],[-7,23]],[[2777,2622],[7,-23],[15,0],[7,-23],[-7,-22],[7,-23],[14,0],[8,-22],[14,0],[8,-23],[14,0],[7,-23],[15,0],[7,-22],[15,0],[7,-23],[15,0],[7,-22],[15,0],[7,-23],[-7,-22],[7,-22],[-7,-23],[-15,0],[-7,-22],[7,-22],[-7,-23],[7,-22],[15,0],[7,-22],[14,0],[8,-23],[14,0],[8,23],[14,0],[7,22],[15,0],[7,22],[15,0],[7,23],[-7,22],[7,22],[-7,23],[7,22],[15,0]],[[6042,2622],[-8,-23],[-14,0],[-7,-23],[-15,0],[-7,-22],[7,-23],[-7,-22],[-15,0],[-7,-23],[7,-23],[-7,-22],[-15,0],[-7,-23],[-15,0],[-7,-22],[7,-23],[-7,-22],[-15,0],[-7,-22],[-14,0],[-8,22],[-14,0],[-8,22],[-14,0],[-7,-22],[-15,0],[-7,-22],[7,-23],[-7,-22],[-15,0],[-7,-22],[-15,0],[-7,-23],[-15,0],[-7,23],[-14,0],[-8,22],[8,22],[-8,23],[8,22],[-8,22],[8,23],[-8,22],[-14,0]],[[6042,2622],[14,0],[8,-23],[14,0],[7,23],[15,0]],[[6100,2622],[7,-23],[15,0]],[[2624,2554],[7,22],[-7,23],[7,23],[15,0],[7,23],[14,0],[8,-23],[14,0],[8,23],[14,0],[7,-23],[-7,-23],[7,-23],[15,0],[7,23],[-7,23],[7,23],[15,0]],[[2755,2645],[7,-23],[15,0]],[[3083,2351],[7,22],[-7,23],[7,22],[-7,23],[7,22],[-7,23],[-15,0],[-7,-23],[-15,0],[-7,23],[7,23],[-7,22],[7,23],[-7,22],[7,23],[-7,23],[-15,0],[-7,23],[-14,0],[-8,-23],[-14,0],[-8,23],[-14,0],[-7,22],[7,23],[-7,23],[7,23],[-7,22],[7,23],[-7,23]],[[2908,2850],[-15,0],[-7,-23],[-15,0],[-7,23],[-14,0],[-8,-23],[-14,0],[-8,-23],[-14,0],[-7,-23],[7,-23],[-7,-22],[7,-23],[-7,-23],[-15,0],[-7,-23],[7,-22],[-7,-23]],[[2952,2804],[-15,0],[-7,23],[-15,0],[-7,23]],[[5903,2919],[7,-23],[15,0],[7,-23],[-7,-23],[7,-23],[15,0],[7,-23],[15,0],[7,-23],[-7,-23],[7,-22],[15,0],[7,-23],[-7,-23],[7,-23],[15,0],[7,-22],[14,0],[8,-23]],[[5910,2942],[-7,-23]],[[2514,2942],[8,23],[14,0]],[[2624,2554],[-15,0],[-7,22],[-15,0],[-7,23],[7,23],[-7,23],[7,22],[-7,23],[7,23],[-7,23],[-15,0],[-7,22],[7,23],[-7,23],[7,23],[-7,23],[7,23],[-7,23],[7,23],[-7,23],[-15,0],[-7,23]],[[5714,2418],[-8,23],[8,22],[-8,23],[8,23],[-8,22],[8,23],[-8,22],[8,23],[-8,23],[8,23],[14,0],[8,-23],[14,0],[7,23],[-7,22],[7,23],[-7,23],[7,23],[-7,22],[7,23],[-7,23],[7,23],[-7,23],[7,23],[-7,23],[7,23],[15,0],[7,-23],[15,0],[7,23],[15,0],[7,23],[15,0],[7,-23],[14,0],[8,23],[14,0],[8,23]],[[5889,2965],[14,0],[7,-23]],[[5823,2988],[15,0],[7,-23],[14,0],[8,23],[14,0],[8,-23]],[[5488,3034],[-15,0],[-7,-23],[-15,0],[-7,23],[-15,0]],[[5823,2988],[-7,-23],[-15,0],[-7,-23],[-15,0],[-7,23],[-15,0],[-7,-23],[-14,0],[-8,23],[-14,0],[-8,-23],[-14,0],[-7,23],[-15,0],[-7,23],[-15,0],[-7,23],[-15,0],[-7,-23],[-15,0],[-7,23],[-14,0],[-8,-23],[-14,0],[-8,23],[-14,0],[-7,-23],[-15,0],[-7,23],[-15,0],[-7,23]],[[6078,3149],[-14,0],[-8,-23],[-14,0],[-8,-23],[8,-23],[-8,-23],[-14,0],[-7,-23],[-15,0],[-7,-23],[7,-23],[-7,-23],[-15,0],[-7,-23],[-15,0],[-7,23],[-15,0],[-7,-23],[-15,0]],[[6122,2599],[7,23],[15,0],[7,23],[-7,22],[7,23],[-7,23],[7,23],[15,0],[7,22],[-7,23],[7,23],[-7,23],[7,23],[-7,23],[7,23],[-7,23],[7,23],[-7,23],[7,23],[-7,23],[7,23],[-7,23],[-15,0],[-7,23],[-15,0],[-7,23],[-15,0],[-7,23],[-15,0],[-7,23]],[[6078,3149],[7,23],[-7,24],[7,23],[15,0],[7,23],[15,0],[7,-23],[15,0],[7,23],[15,0],[7,23]],[[2689,3451],[8,-23],[14,0],[7,-23],[15,0],[7,-24],[15,0],[7,-23],[15,0],[7,-23],[15,0],[7,-23],[14,0],[8,23],[14,0],[8,-23],[14,0],[7,-24],[-7,-23],[7,-23],[-7,-23],[7,-23],[-7,-24],[7,-23],[-7,-23],[7,-23],[15,0],[7,-23],[15,0],[7,23],[15,0],[7,-23],[-7,-23],[7,-23],[-7,-23],[7,-23],[15,0],[7,-23],[-7,-23],[7,-23],[-7,-23],[7,-23],[-7,-23],[7,-23],[-7,-23]],[[6238,3475],[-7,-24],[7,-23],[-7,-23],[7,-24],[-7,-23],[7,-23],[-7,-23],[7,-24],[15,0],[7,-23],[15,0],[7,-23],[-7,-23],[7,-23],[-7,-24],[7,-23],[-7,-23],[7,-23],[-7,-23],[-15,0],[-7,-23],[7,-23],[-7,-23],[-15,0],[-7,23],[7,23],[-7,23],[-14,0],[-8,23],[8,23],[-8,23],[8,23],[14,0],[7,24],[-7,23],[-14,0],[-8,23],[-14,0],[-8,23],[-14,0]],[[2536,2965],[7,23],[-7,23],[7,23],[15,0],[7,23],[-7,23],[-15,0],[-7,23],[7,23],[-7,23],[7,23],[-7,24],[7,23],[15,0],[7,23],[-7,23],[7,23],[-7,24],[7,23],[-7,23],[7,23],[-7,24],[7,23],[-7,23],[-15,0],[-7,24],[7,23]],[[5867,3498],[-8,-23],[8,-24],[-8,-23],[8,-23],[-8,-24],[8,-23],[-8,-23],[-14,0],[-7,23],[-15,0],[-7,-23],[-15,0],[-7,23],[-15,0],[-7,-23],[7,-23],[-7,-24],[7,-23],[-7,-23],[7,-23],[-7,-23],[7,-24],[-7,-23],[7,-23],[-7,-23],[7,-23],[15,0],[7,-23],[-7,-23],[7,-23],[15,0],[7,-23]],[[6238,3475],[15,0],[7,-24],[15,0],[7,24],[15,0],[7,-24],[15,0],[7,24],[14,0],[8,23],[14,0],[8,-23],[14,0],[7,23],[15,0],[7,23],[15,0],[7,24],[15,0]],[[6238,3615],[-7,-24],[7,-23],[-7,-23],[7,-24],[-7,-23],[7,-23]],[[2543,3498],[15,0],[7,23],[15,0],[7,24],[15,0],[7,23],[15,0],[7,23],[15,0],[7,24],[14,0],[8,23],[14,0],[8,-23],[-8,-24],[8,-23],[-8,-23],[8,-24],[-8,-23],[8,-23],[-8,-24]],[[6173,3265],[-7,23],[7,24],[-7,23],[7,23],[-7,23],[7,24],[14,0],[8,23],[-8,23],[8,24],[-8,23],[8,23],[-8,24],[8,23],[-8,23],[-14,0],[-7,24],[7,23]],[[6173,3638],[14,0],[8,-23],[14,0],[8,23],[14,0],[7,-23]],[[9452,3638],[-7,24]],[[6078,3755],[-14,0],[-8,-23],[-14,0],[-8,-24],[-14,0],[-7,-23],[7,-23],[-7,-24],[7,-23],[-7,-24],[7,-23],[-7,-23],[7,-24],[-7,-23],[7,-23],[-7,-24],[7,-23],[14,0],[8,-23],[14,0],[8,-24],[-8,-23],[8,-23],[-8,-23],[-14,0],[-8,23],[-14,0],[-7,23],[7,23],[-7,24],[-15,0],[-7,23],[-15,0],[-7,23],[-15,0],[-7,-23],[-15,0],[-7,23],[-15,0],[-7,24],[-14,0],[-8,23],[-14,0]],[[6173,3638],[-7,24],[-15,0],[-7,23],[-15,0],[-7,23],[-15,0],[-7,24],[-15,0],[-7,23]],[[5451,3896],[15,0],[7,24],[15,0],[7,-24],[15,0],[7,24],[15,0],[7,-24],[14,0],[8,24],[14,0]],[[5575,3920],[8,-24],[14,0],[7,-23],[-7,-24],[7,-23],[-7,-24],[7,-23],[15,0],[7,-24],[15,0],[7,-23],[15,0],[7,23],[15,0],[7,24],[-7,23],[7,24],[14,0],[8,23],[14,0],[8,-23],[14,0],[7,-24],[15,0],[7,-23],[-7,-24],[7,-23],[-7,-24],[7,-23],[-7,-23],[7,-24],[-7,-23],[7,-24],[15,0],[7,-23],[-7,-23],[7,-24],[-7,-23],[7,-23],[15,0],[7,23],[15,0],[7,23],[14,0],[8,-23]],[[5473,4014],[-7,-24],[-15,0],[-7,-23],[7,-24],[-7,-23]],[[6042,4014],[-8,-24],[8,-23],[14,0],[8,-24],[-8,-23],[8,-24],[-8,-23],[8,-24],[14,0],[7,-23],[-7,-24],[7,-23],[-7,-24]],[[5429,4014],[15,0],[7,23],[15,0],[7,-23]],[[2543,3498],[-7,23],[-14,0],[-8,-23],[-14,0],[-8,23],[8,24],[-8,23],[8,23],[-8,24],[-14,0],[-7,-24],[-15,0],[-7,24],[-15,0],[-7,23],[-15,0],[-7,24],[7,23],[-7,23],[-15,0],[-7,24],[7,23],[-7,24],[7,23],[-7,24],[7,23],[15,0],[7,24],[-7,23],[7,24],[-7,23],[7,24],[15,0],[7,23],[15,0],[7,24],[15,0],[7,23],[14,0],[8,24],[14,0],[8,-24],[14,0],[7,24],[-7,23]],[[6042,4014],[-8,23],[8,24],[-8,23],[8,24],[-8,23],[8,24]],[[6042,4155],[14,0]],[[6056,4155],[8,24],[14,0]],[[6078,4179],[7,-24],[15,0],[7,-24],[-7,-23],[-15,0],[-7,-24],[7,-23],[-7,-24],[-14,0],[-8,-23],[-14,0]],[[9999,4179],[-7,-24],[7,-24],[-7,-23],[7,-24],[-7,-23],[7,-24],[-7,-23],[7,-24],[-7,-23],[7,-24],[-7,-23],[7,-24],[-7,-23],[7,-24],[-7,-23],[7,-24],[-7,-23],[7,-24],[-7,-23],[7,-24],[-7,-23]],[[6064,4273],[-8,-24],[-14,0],[-8,-23],[8,-24],[-8,-23],[8,-24]],[[6064,4273],[14,0],[7,23],[15,0]],[[6100,4296],[7,-23],[-7,-24],[7,-23],[-7,-24],[-15,0],[-7,-23]],[[2536,4084],[-14,0],[-8,24],[8,23],[-8,24],[8,24],[-8,23],[-14,0],[-8,-23],[-14,0],[-7,23],[-15,0],[-7,-23],[-15,0],[-7,23],[-15,0],[-7,24],[7,23],[-7,24],[-15,0],[-7,23],[-14,0],[-8,24]],[[6209,4320],[-14,0],[-8,-24],[-14,0],[-7,24],[-15,0],[-7,-24],[-15,0],[-7,24],[-15,0],[-7,-24]],[[6391,4014],[-7,23],[-14,0],[-8,24],[-14,0],[-8,23],[8,24],[-8,23],[8,24],[-8,24],[-14,0],[-7,23],[-15,0],[-7,24],[-15,0],[-7,23],[-15,0],[-7,24],[-15,0],[-7,23],[-14,0],[-8,24]],[[2347,4367],[-8,-23],[8,-24],[-8,-24],[-14,0],[-7,-23],[7,-24],[-7,-23],[-15,0],[-7,-24],[-15,0],[-7,-23],[-15,0],[-7,-24],[-15,0],[-7,-24],[7,-23],[-7,-24],[-14,0],[-8,-23],[8,-24],[-8,-23],[-14,0],[-8,23],[-14,0],[-7,24],[7,23],[-7,24]],[[2361,4320],[8,24],[-8,23],[-14,0]],[[2347,4367],[-8,24],[-14,0],[-7,23],[-15,0],[-7,-23],[-15,0],[-7,23],[-15,0],[-7,24],[-15,0],[-7,23],[-14,0],[-8,24]],[[5386,4485],[-8,-24],[-14,0],[-7,24],[-15,0]],[[8702,4508],[-15,0],[-7,-23]],[[2536,4084],[7,24],[-7,23],[7,24],[-7,24],[7,23],[-7,24],[7,23],[-7,24],[7,23],[-7,24],[7,24],[-7,23],[-14,0],[-8,24],[8,23],[14,0],[7,24],[15,0],[7,23],[-7,24],[-15,0],[-7,-24],[-14,0],[-8,24],[8,23],[14,0],[7,24],[15,0],[7,-24],[15,0],[7,24],[15,0],[7,-24],[15,0]],[[5408,4556],[-8,-24],[8,-24],[-8,-23],[-14,0]],[[5466,4556],[7,-24],[-7,-24],[7,-23],[15,0],[7,23],[15,0],[7,-23],[-7,-24],[7,-23],[-7,-24],[-15,0],[-7,-23],[7,-24],[15,0],[7,-23],[-7,-24],[7,-24],[-7,-23],[7,-24],[-7,-23],[-15,0],[-7,-24],[-15,0],[-7,24],[-15,0],[-7,-24],[-15,0],[-7,-23],[7,-24],[-7,-24],[7,-23],[-7,-24],[-14,0],[-8,-23]],[[5408,4556],[-8,23],[-14,0],[-8,-23],[-14,0]],[[5444,4579],[-15,0],[-7,-23],[-14,0]],[[5466,4556],[-15,0],[-7,23]],[[5583,4556],[-8,-24],[-14,0],[-8,24],[-14,0],[-7,23],[-15,0],[-7,-23],[-15,0],[-7,23],[-15,0],[-7,-23]],[[3003,4556],[14,0],[7,23],[15,0],[7,24],[15,0],[7,-24],[15,0]],[[5473,4014],[15,0],[7,23],[15,0],[7,-23],[15,0],[7,23],[14,0],[8,24],[14,0],[8,23],[-8,24],[8,23],[-8,24],[8,24],[-8,23],[8,24],[14,0],[7,23],[-7,24],[7,23],[15,0],[7,24],[15,0],[7,24],[-7,23],[7,24],[-7,23],[7,24],[-7,23],[7,24],[-7,23],[7,24],[-7,24],[7,23],[15,0],[7,24],[-7,23],[7,24],[-7,23]],[[6100,4673],[7,-23],[-7,-24],[7,-23],[15,0],[7,-24],[-7,-23],[-15,0],[-7,-24],[7,-24],[-7,-23],[-15,0],[-7,-24],[-14,0],[-8,-23],[8,-24],[-8,-23],[8,-24],[-8,-23],[8,-24],[-8,-24],[8,-23]],[[5641,4697],[-15,0],[-7,-24],[-15,0],[-7,-23],[7,-24],[-7,-23],[7,-24],[-7,-23],[-14,0]],[[5663,4673],[-15,0],[-7,24]],[[6209,4697],[-14,0],[-8,-24],[-14,0],[-7,24],[-15,0],[-7,-24],[-15,0],[-7,24],[-15,0],[-7,-24]],[[6209,4320],[8,24],[-8,23],[8,24],[-8,23],[8,24],[14,0],[7,23],[-7,24],[7,23],[15,0],[7,24],[-7,24],[7,23],[-7,24],[-15,0],[-7,23],[7,24],[-7,23],[-14,0],[-8,24]],[[6494,4720],[7,-23],[-7,-24],[-15,0],[-7,-23],[7,-24],[-7,-23],[-15,0],[-7,-24],[7,-23],[-7,-24],[7,-24],[-7,-23],[7,-24],[-7,-23],[7,-24],[-7,-23],[7,-24],[-7,-23],[7,-24],[-7,-24],[7,-23],[15,0],[7,-24]],[[3083,4579],[7,-23],[15,0],[7,23],[15,0],[7,-23],[14,0],[8,23],[-8,24],[8,23],[-8,24],[8,23],[14,0],[8,24],[-8,23],[8,24]],[[9073,4720],[-14,0],[-7,24]],[[8899,4532],[7,-24],[-7,-23],[7,-24],[14,0],[8,-23],[14,0],[8,23],[14,0],[7,24],[15,0],[7,23],[15,0],[7,-23],[15,0],[7,23],[15,0],[7,-23],[14,0],[8,23],[-8,24],[8,24],[-8,23],[8,24],[14,0],[8,23],[-8,24],[8,23],[-8,24],[8,23],[14,0],[7,24],[15,0],[7,-24],[15,0],[7,24],[15,0],[7,-24]],[[2864,4768],[7,-24],[15,0],[7,-24],[-7,-23],[-15,0],[-7,-24],[7,-23],[-7,-24],[7,-23],[-7,-24],[7,-23],[15,0],[7,-24],[-7,-24],[7,-23],[15,0],[7,-24],[15,0],[7,24],[15,0],[7,23],[14,0],[8,24],[14,0],[8,24]],[[6494,4720],[-15,0],[-7,-23],[-15,0],[-7,23],[-15,0],[-7,-23],[-15,0],[-7,-24],[-15,0],[-7,-23],[-14,0],[-8,23],[-14,0],[-8,24],[-14,0],[-7,23],[-15,0],[-7,24],[-15,0],[-7,24]],[[9095,4791],[8,-23],[-8,-24],[-14,0],[-8,-24]],[[2624,4508],[7,-23],[15,0],[7,-24],[14,0],[8,-23],[14,0],[8,23],[14,0],[7,24],[15,0],[7,23],[-7,24],[7,24],[15,0],[7,23],[-7,24],[-15,0],[-7,23],[7,24],[-7,23],[-15,0],[-7,24],[7,23],[15,0],[7,-23],[15,0],[7,-24],[15,0],[7,24],[15,0],[7,23],[14,0],[8,24],[14,0],[8,24],[-8,23],[8,24]],[[2850,4815],[14,0],[7,-24],[-7,-23]],[[5969,4815],[-15,0],[-7,-24],[-15,0],[-7,24],[-15,0],[-7,-24],[-14,0],[-8,24],[-14,0],[-8,-24],[-14,0],[-7,-23],[-15,0],[-7,-24],[-15,0],[-7,-24],[-15,0],[-7,24],[-15,0],[-7,24],[-14,0],[-8,23],[-14,0],[-8,24],[-14,0],[-7,-24],[-15,0],[-7,-23],[7,-24],[-7,-24],[7,-23],[-7,-24]],[[5969,4815],[7,-24],[15,0],[7,-23],[15,0],[7,-24],[14,0],[8,24],[14,0],[8,-24],[-8,-24],[8,-23],[14,0],[7,-24],[15,0]],[[6209,4697],[8,23],[-8,24],[8,24],[14,0],[7,23],[15,0],[7,24]],[[6275,4768],[7,23],[-7,24],[-15,0]],[[3083,4579],[7,24],[-7,23],[7,24],[-7,23],[7,24],[-7,23],[-15,0],[-7,24],[7,24],[-7,23],[7,24],[15,0],[7,23]],[[2981,4862],[-8,-24],[8,-23],[-8,-24],[-14,0],[-7,-23],[7,-24],[-7,-24],[7,-23],[-7,-24],[7,-23],[14,0],[8,-24],[-8,-23],[8,-24],[14,0],[8,-23]],[[8549,4909],[7,23],[15,0]],[[8571,4932],[7,-23],[14,0],[8,-24],[-8,-23],[8,-24],[14,0],[8,24],[-8,23],[8,24]],[[4752,4744],[-8,24],[8,23],[-8,24],[8,23],[-8,24],[-14,0],[-7,23],[-15,0],[-7,24],[7,23],[-7,24],[7,23]],[[4708,4979],[-7,23],[-15,0],[-7,-23],[-15,0],[-7,23]],[[5561,5002],[-8,-23],[8,-23],[-8,-24],[-14,0],[-7,-23],[7,-24],[-7,-23],[7,-24],[-7,-23],[7,-24],[-7,-23],[7,-24],[-7,-24],[7,-23],[14,0],[8,-24],[-8,-23],[8,-24],[14,0],[8,-23],[-8,-24],[8,-23]],[[2237,5002],[15,0],[7,24],[15,0],[7,23]],[[2850,4815],[-8,23],[-14,0],[-8,24],[8,23],[14,0],[8,24],[14,0],[7,23],[-7,24],[7,23],[-7,23],[7,24],[15,0],[7,23]],[[6712,5049],[7,-23],[-7,-24],[-14,0],[-8,-23],[-14,0],[-8,-23],[8,-24],[-8,-23],[-14,0],[-7,-24],[-15,0],[-7,-23],[7,-24],[-7,-23],[-15,0],[-7,-24],[-15,0],[-7,-23],[-15,0],[-7,23],[-14,0],[-8,-23],[-14,0],[-8,-24],[-14,0],[-7,-24]],[[5859,5073],[8,-24],[14,0],[8,-23],[14,0],[7,-24],[-7,-23],[7,-23],[15,0],[7,-24],[-7,-23],[7,-24],[15,0],[7,-23],[15,0],[7,-24],[-7,-23]],[[4591,4932],[8,24],[14,0],[8,23],[-8,23],[8,24],[14,0],[7,23],[-7,24],[7,23]],[[4657,5002],[7,24],[-7,23],[7,24],[-7,23],[-15,0]],[[2084,5120],[-7,-24],[7,-23],[-7,-24]],[[2405,5120],[7,-24],[15,0],[7,-23],[-7,-24],[7,-23],[-7,-24],[7,-23],[15,0],[7,-23],[15,0],[7,-24],[14,0],[8,24],[14,0],[8,-24],[14,0],[7,-23],[-7,-24],[7,-23],[15,0],[7,23],[15,0],[7,-23],[15,0],[7,-24],[-7,-23],[7,-24],[-7,-23],[7,-24],[-7,-24],[7,-23],[15,0],[7,-24],[-7,-23],[-15,0],[-7,-24],[7,-23],[15,0],[7,-24],[-7,-23],[7,-24],[-7,-24]],[[4897,4791],[8,24],[-8,23],[8,24],[-8,23],[8,24],[-8,23],[8,24],[-8,23],[8,23],[14,0],[8,24],[-8,23],[8,24],[-8,23],[8,24],[-8,23],[-14,0],[-8,23]],[[6260,4815],[-7,23],[-15,0],[-7,24],[7,23],[-7,24],[7,23],[-7,24],[-14,0],[-8,23],[-14,0],[-8,23],[8,24],[-8,23],[8,24],[14,0],[8,23],[-8,24],[8,23],[-8,23],[8,24]],[[4591,5213],[-14,0],[-7,-23],[-15,0],[-7,-24],[7,-23],[-7,-23],[-15,0]],[[4642,5096],[-7,24],[-14,0],[-8,23],[8,23],[-8,24],[-14,0],[-8,23]],[[4723,5213],[7,-23],[-7,-24],[7,-23],[-7,-23],[7,-24],[-7,-23],[7,-24],[-7,-23],[7,-24],[-7,-23],[-15,0]],[[4897,5166],[-14,0],[-7,24],[-15,0],[-7,-24],[-15,0],[-7,24],[-15,0],[-7,23]],[[5058,4885],[-7,24],[7,23],[-7,24],[7,23],[-7,23],[7,24],[-7,23],[7,24],[-7,23],[7,24],[-7,23],[7,23],[-7,24],[-15,0],[-7,23]],[[4723,5213],[7,24],[14,0],[8,-24],[14,0],[8,24],[14,0]],[[4788,5237],[7,-24],[15,0]],[[6187,5237],[8,-24],[14,0],[8,-23]],[[6712,5049],[7,24],[15,0],[7,23],[-7,24],[7,23],[-7,23],[7,24],[-7,23],[7,24]],[[5014,5260],[-7,-23],[7,-24],[-7,-23],[7,-24],[-7,-23],[7,-23],[-7,-24],[7,-23],[15,0],[7,-24],[-7,-23],[7,-24],[-7,-23],[7,-23],[-7,-24],[7,-23],[-7,-24],[7,-23]],[[5029,5260],[-15,0]],[[5029,5213],[7,24],[-7,23]],[[5561,5002],[14,0],[8,24],[14,0],[7,-24],[15,0],[7,24],[15,0],[7,23],[15,0],[7,24],[-7,23],[7,24],[15,0],[7,-24],[14,0],[8,24],[14,0],[8,23],[14,0],[7,23],[-7,24],[7,23],[15,0],[7,24],[15,0],[7,23],[15,0]],[[5816,5260],[7,-23],[15,0],[7,-24],[-7,-23],[7,-24],[-7,-23],[7,-23],[-7,-24],[7,-23],[14,0]],[[6515,5260],[8,-23],[-8,-24],[8,-23],[14,0],[8,-24],[-8,-23],[8,-23],[14,0],[7,-24],[15,0],[7,-23],[15,0],[7,-24],[15,0],[7,24],[15,0],[7,-24],[14,0],[8,-23],[14,0],[8,23],[14,0]],[[1975,5283],[15,0],[7,-23],[14,0],[8,23],[14,0]],[[5014,5260],[-7,23],[-15,0],[-7,-23],[-15,0],[-7,23],[-15,0],[-7,-23],[-14,0],[-8,23],[-14,0],[-8,-23],[8,-23],[-8,-24],[8,-23],[-8,-24]],[[6741,5237],[-7,23],[7,23]],[[2449,5307],[-15,0],[-7,-24],[7,-23],[-7,-23],[-15,0],[-7,-24],[7,-23],[-7,-24],[7,-23],[-7,-23]],[[6545,5307],[-8,-24],[-14,0],[-8,-23]],[[5029,5260],[7,23],[15,0],[7,24],[14,0],[8,23]],[[5138,5330],[7,-23],[-7,-24],[7,-23],[-7,-23],[7,-24],[-7,-23],[-15,0],[-7,-24],[7,-23],[-7,-23],[-14,0],[-8,-24],[8,-23],[-8,-24],[8,-23],[-8,-24],[8,-23],[-8,-23],[8,-24],[-8,-23]],[[5080,5330],[14,0],[8,23],[14,0]],[[5116,5353],[7,-23],[15,0]],[[5859,5073],[8,23],[14,0],[8,24],[-8,23],[8,23],[-8,24],[8,23],[14,0],[7,-23],[15,0],[7,-24],[15,0],[7,-23],[15,0],[7,23],[15,0],[7,-23],[15,0],[7,-23],[14,0],[8,23],[-8,23],[8,24],[14,0],[8,23],[14,0],[7,-23],[15,0],[7,-24],[15,0],[7,24],[-7,23],[7,24],[15,0],[7,23],[-7,23],[7,24],[-7,23],[7,23],[15,0],[7,24],[14,0],[8,-24],[-8,-23],[8,-23],[-8,-24],[8,-23],[-8,-23]],[[4467,5283],[15,0],[7,24],[15,0],[7,23],[15,0],[7,23],[-7,24],[7,23]],[[4533,5400],[15,0],[7,-23],[15,0],[7,23],[14,0]],[[4591,5400],[8,-23],[14,0],[8,-24],[14,0],[7,24],[15,0],[7,23],[15,0]],[[4679,5400],[7,-23],[15,0],[7,-24],[-7,-23],[7,-23],[-7,-24],[7,-23],[-7,-23],[7,-24],[15,0]],[[6515,5260],[-14,0],[-7,23],[7,24],[-7,23],[7,23],[-7,24],[7,23]],[[6501,5400],[14,0]],[[4416,5353],[8,24],[14,0],[8,23],[14,0],[7,23],[15,0],[7,-23],[15,0],[7,23],[15,0],[7,-23]],[[5313,4768],[7,23],[-7,24],[7,23],[-7,24],[7,23],[15,0],[7,24],[15,0],[7,23],[14,0],[8,-23],[14,0],[8,-24],[14,0],[7,24],[-7,23],[7,24],[-7,23],[7,23],[-7,24],[7,23],[15,0],[7,24],[-7,23],[7,24],[15,0],[7,23],[-7,23],[7,24],[-7,23],[7,24],[15,0],[7,23],[-7,23],[7,24],[15,0],[7,23],[-7,23],[7,24],[-7,23],[-15,0],[-7,23],[7,23]],[[5495,5446],[15,0]],[[5510,5446],[7,-23],[15,0],[7,-23],[-7,-23],[7,-24],[-7,-23],[7,-23],[-7,-24],[7,-23],[14,0],[8,-23],[-8,-24],[8,-23],[-8,-24],[-14,0],[-7,24],[-15,0],[-7,-24],[7,-23],[-7,-23],[7,-24],[15,0],[7,-23],[14,0],[8,-24],[-8,-23],[8,-24]],[[5495,5446],[-7,24]],[[5204,5493],[-15,0],[-7,-23],[-15,0],[-7,-24],[-15,0],[-7,-23],[7,-23],[-7,-23],[7,-24],[-7,-23]],[[5488,5470],[-15,0],[-7,-24],[-15,0],[-7,-23],[-15,0],[-7,23],[-14,0],[-8,24],[-14,0],[-8,-24],[-14,0],[-7,-23],[-15,0],[-7,-23],[-15,0],[-7,23],[-15,0],[-7,23],[-15,0],[-7,-23],[-14,0],[-8,23],[-14,0],[-8,24],[-14,0],[-7,23]],[[4402,5493],[14,0],[8,-23],[14,0],[8,23],[14,0],[7,23],[15,0]],[[4482,5516],[7,-23],[15,0],[7,-23],[-7,-24],[-15,0],[-7,24],[-15,0],[-7,-24],[-14,0],[-8,-23],[-14,0],[-8,23],[-14,0]],[[6217,5190],[14,0],[7,23],[-7,24],[7,23],[15,0],[7,23],[-7,24],[7,23],[-7,23],[7,24],[15,0],[7,23],[-7,23],[7,23],[15,0],[7,24],[-7,23],[7,23]],[[8811,5516],[7,-23],[-7,-23],[7,-24],[-7,-23],[7,-23],[-7,-23],[-15,0],[-7,-24],[-14,0],[-8,-23],[8,-23],[-8,-24],[8,-23],[-8,-23],[-14,0],[-8,23],[-14,0],[-7,-23],[-15,0],[-7,-24]],[[1815,5470],[7,23],[-7,23],[7,23],[15,0]],[[1837,5539],[7,-23],[14,0],[8,23],[14,0]],[[1880,5539],[8,-23],[14,0],[7,-23],[-7,-23]],[[8745,5539],[8,-23],[14,0],[8,23],[14,0],[7,-23],[15,0]],[[5007,5563],[7,-24],[-7,-23],[7,-23],[15,0],[7,-23],[-7,-24],[7,-23],[15,0],[7,-23],[14,0],[8,-23],[-8,-24],[8,-23]],[[6406,5563],[-15,0],[-7,-24],[-14,0],[-8,24],[-14,0],[-8,-24],[-14,0],[-7,-23],[-15,0]],[[6501,5400],[-7,23],[-15,0],[-7,23],[7,24],[-7,23],[-15,0],[-7,23],[-15,0],[-7,23],[-15,0],[-7,24]],[[8636,5377],[7,23],[-7,23],[7,23],[-7,24],[7,23],[15,0],[7,23],[15,0],[7,23],[15,0],[7,24],[15,0]],[[8724,5563],[7,-24],[14,0]],[[2055,5586],[-14,0],[-8,-23],[-14,0],[-8,23],[-14,0],[-7,-23],[7,-24],[-7,-23],[-15,0],[-7,-23],[-15,0],[-7,-23],[-15,0],[-7,-24],[-15,0]],[[4591,5400],[8,23],[-8,23],[-14,0],[-7,24],[7,23],[-7,23],[7,23],[-7,24],[7,23]],[[4810,5213],[7,24],[-7,23],[7,23],[-7,24],[7,23],[15,0],[7,23],[15,0],[7,24],[-7,23],[7,23],[-7,23],[7,24],[15,0],[7,-24],[14,0],[8,24],[-8,23],[8,23],[14,0],[8,23],[14,0],[7,24],[15,0],[7,23],[15,0]],[[4985,5586],[7,-23],[15,0]],[[1866,5632],[-8,-23],[-14,0],[-7,-23],[7,-23],[-7,-24]],[[4504,5724],[-15,0],[-7,-23],[-15,0],[-7,23],[-14,0],[-8,-23],[-14,0]],[[4577,5586],[-7,23],[-15,0],[-7,23],[-15,0],[-7,23],[7,23],[-7,23],[-15,0],[-7,23]],[[1858,5655],[-14,0],[-7,23],[7,23],[-7,23],[7,23],[-7,24],[7,23]],[[1727,5563],[8,23],[-8,23],[8,23],[14,0],[7,23],[15,0],[7,23],[15,0],[7,23],[-7,23],[-15,0],[-7,23],[-15,0],[-7,24],[7,23],[15,0],[7,23],[15,0],[7,-23],[15,0],[7,23],[15,0]],[[1844,5794],[-7,23]],[[6304,5516],[-7,23],[7,24],[-7,23],[7,23],[-7,23],[7,23],[15,0],[7,23],[-7,23],[7,23],[-7,23],[7,24],[14,0],[8,23],[14,0],[8,23]],[[1837,5817],[7,23],[14,0],[8,23],[14,0]],[[6894,5724],[-7,23],[7,24],[-7,23],[-15,0],[-7,23],[7,23],[-7,23],[-14,0],[-8,22]],[[5160,5908],[7,-23],[-7,-22],[7,-23],[-7,-23],[7,-23],[-7,-23],[7,-24],[-7,-23],[7,-23],[-7,-23],[7,-23],[-7,-23],[-15,0],[-7,-23],[-15,0],[-7,-23],[-14,0],[-8,23],[-14,0],[-8,-23],[-14,0],[-7,-23],[-15,0],[-7,23],[-15,0],[-7,-23]],[[6821,5908],[-14,0],[-7,-23],[-15,0],[-7,-22],[-15,0],[-7,22],[-15,0],[-7,-22],[-15,0],[-7,-23],[7,-23],[-7,-23],[-14,0],[-8,-23],[8,-24],[-8,-23],[-14,0],[-8,23],[-14,0],[-7,24],[-15,0],[-7,23],[-15,0],[-7,-23],[-15,0],[-7,23],[-15,0],[-7,-23],[-14,0],[-8,-24],[8,-23],[-8,-23],[-14,0]],[[6843,5885],[-14,0],[-8,23]],[[5859,5954],[8,-23],[-8,-23],[8,-23],[-8,-22],[8,-23],[-8,-23],[8,-23],[-8,-23],[8,-24],[-8,-23],[8,-23],[-8,-23],[-14,0],[-7,-23],[-15,0],[-7,-23],[7,-23],[-7,-23],[-15,0],[-7,-23],[7,-24],[-7,-23],[7,-23],[-7,-23],[7,-24],[-7,-23],[7,-23],[-7,-23],[7,-24],[-7,-23],[7,-23],[15,0],[7,-24],[-7,-23]],[[2471,5840],[7,23],[-7,22],[7,23],[-7,23],[7,23],[-7,23]],[[8549,6023],[-15,0],[-7,-23],[-15,0],[-7,-23],[-15,0],[-7,-23],[7,-23],[-7,-23],[7,-23],[-7,-22],[-14,0],[-8,-23],[8,-23],[14,0],[7,-23],[-7,-23],[7,-24],[15,0],[7,-23],[-7,-23],[7,-23],[-7,-23],[7,-23],[-7,-23],[-15,0],[-7,-23],[7,-23],[15,0],[7,-24],[-7,-23],[7,-23],[15,0],[7,-23],[-7,-24],[7,-23],[-7,-23],[7,-23],[-7,-24],[7,-23],[-7,-23],[7,-24],[-7,-23],[-15,0],[-7,-23],[7,-24],[-7,-23],[-15,0]],[[8745,5539],[8,24],[-8,23],[8,23],[-8,23],[8,23],[-8,23],[-14,0],[-7,23],[7,23],[-7,23],[7,24],[-7,23],[-15,0],[-7,23],[7,23],[-7,23],[-15,0],[-7,-23],[-15,0],[-7,-23],[-15,0],[-7,23],[-14,0],[-8,-23],[-14,0],[-8,23],[8,23],[-8,22],[8,23],[-8,23],[-14,0],[-7,23],[7,23],[-7,23],[-15,0],[-7,23]],[[8549,6023],[7,23],[15,0],[7,22],[14,0],[8,23]],[[5889,6137],[-8,-23],[8,-23],[-8,-23],[8,-22],[-8,-23],[8,-23],[-8,-23],[-14,0],[-8,-23]],[[8294,6137],[-8,-23],[8,-23],[-8,-23],[-14,0]],[[6304,6159],[-7,-22],[-15,0],[-7,22],[-15,0],[-7,-22],[-15,0],[-7,22],[-14,0],[-8,-22],[-14,0],[-8,22],[-14,0],[-7,-22],[-15,0],[-7,22],[-15,0],[-7,-22],[-15,0],[-7,22],[-15,0],[-7,-22],[-14,0],[-8,22],[-14,0],[-8,-22],[-14,0],[-7,22],[-15,0],[-7,-22],[-15,0],[-7,22],[-15,0],[-7,-22],[-15,0],[-7,22],[-15,0],[-7,-22],[-14,0]],[[8636,6159],[7,-22],[15,0],[7,-23],[-7,-23],[7,-23],[15,0],[7,-22],[15,0],[7,-23],[15,0],[7,-23],[-7,-23],[-15,0],[-7,-23],[-15,0],[-7,-23],[7,-23],[15,0],[7,-23],[15,0],[7,-22],[14,0],[8,-23],[-8,-23],[8,-23],[14,0],[8,-23],[-8,-24],[8,-23],[14,0],[7,-23],[-7,-23],[7,-23],[15,0],[7,-23],[-7,-23],[7,-23],[-7,-23],[7,-24],[-7,-23]],[[5488,5470],[7,23],[-7,23],[7,23],[-7,24],[7,23],[15,0],[7,23],[-7,23],[7,23],[15,0],[7,23],[-7,23],[7,23],[14,0],[8,23],[-8,24],[8,23],[-8,23],[8,23],[-8,23],[8,22],[-8,23],[8,23],[-8,23],[8,23],[14,0],[8,23],[-8,23],[8,23],[-8,22],[-14,0],[-8,23],[8,23],[-8,23],[-14,0],[-7,22],[7,23],[-7,23]],[[8636,6205],[-14,0],[-8,-23],[8,-23],[-8,-22],[8,-23],[-8,-23],[-14,0]],[[8636,6205],[7,-23],[-7,-23]],[[6843,5885],[8,23],[14,0],[7,23],[15,0],[7,23],[15,0],[7,23],[15,0],[7,23],[15,0],[7,23],[-7,23],[7,22],[15,0],[7,23],[-7,23],[7,23],[-7,22],[7,23],[-7,23],[-15,0],[-7,22]],[[5429,6250],[-7,-23],[-14,0],[-8,-22],[-14,0],[-8,-23],[-14,0],[-7,-23],[-15,0],[-7,-22],[-15,0],[-7,-23],[-15,0],[-7,-23],[7,-23],[-7,-22],[-15,0],[-7,-23],[-14,0],[-8,-23],[-14,0],[-8,-23],[-14,0],[-7,-23],[-15,0],[-7,-23],[-15,0],[-7,-23]],[[5488,6250],[-15,0],[-7,-23],[-15,0],[-7,23],[-15,0]],[[5532,6205],[-15,0],[-7,22],[-15,0],[-7,23]],[[5532,6205],[7,22],[14,0],[8,23],[14,0]],[[5575,6250],[8,-23],[14,0],[7,-22],[15,0],[7,-23],[15,0],[7,-23],[15,0],[7,-22],[15,0],[7,-23],[14,0],[8,-23],[14,0],[8,-23],[14,0],[7,-22],[15,0],[7,-23],[15,0],[7,-23],[15,0],[7,-23],[15,0],[7,-23],[14,0]],[[8745,6273],[-14,0],[-7,-23],[-15,0],[-7,-23],[-15,0],[-7,-22],[-15,0],[-7,22],[-15,0],[-7,-22]],[[8840,6114],[-7,23],[-15,0],[-7,22],[-15,0],[-7,23],[7,23],[-7,22],[-14,0],[-8,23],[-14,0],[-8,23]],[[6851,6318],[-8,-23],[8,-22],[-8,-23],[8,-23],[14,0],[7,-22],[15,0],[7,22],[15,0],[7,-22],[15,0],[7,22],[15,0]],[[6953,6227],[7,23],[15,0],[7,23],[-7,22],[7,23]],[[6843,6340],[-14,0],[-8,23]],[[4577,5586],[14,0],[8,23],[-8,23],[8,23],[14,0],[8,-23],[14,0],[7,-23],[15,0],[7,23],[15,0],[7,-23],[15,0],[7,23],[15,0],[7,-23],[14,0],[8,23],[14,0],[8,-23],[14,0],[7,23],[15,0],[7,23],[-7,23],[7,23],[-7,23],[7,23],[-7,24],[7,23],[-7,23],[7,23],[-7,23],[-15,0],[-7,22],[7,23],[-7,23],[7,23],[-7,23],[7,23],[-7,23],[7,23],[-7,22],[7,23],[-7,23],[7,23],[-7,22],[7,23],[-7,23],[7,22],[-7,23],[-14,0],[-8,23],[8,22],[-8,23],[8,22],[-8,23],[8,22],[14,0],[7,-22],[15,0],[7,22],[15,0]],[[5160,5908],[-15,0],[-7,-23],[-15,0],[-7,23],[7,23],[-7,23],[-14,0],[-8,23],[-14,0],[-8,23],[-14,0],[-7,23],[7,23],[-7,22],[-15,0],[-7,23],[-15,0],[-7,23],[7,23],[-7,22],[-15,0],[-7,23],[-15,0],[-7,23],[-15,0],[-7,22],[-14,0],[-8,23],[8,23],[-8,22],[-14,0],[-8,23],[-14,0],[-7,22],[-15,0],[-7,23],[-15,0],[-7,22]],[[6982,6318],[-7,22],[7,23],[14,0],[8,22]],[[6996,6453],[-14,0]],[[8162,6137],[-7,22],[7,23],[-7,23],[7,22],[-7,23],[7,23],[-7,22],[7,23],[-7,22],[-14,0],[-8,23],[8,22],[14,0],[7,23],[-7,22],[-14,0],[-8,23],[8,22],[14,0],[7,22],[15,0]],[[8177,6497],[7,-22],[15,0],[7,-22],[-7,-23],[7,-22],[15,0],[7,-23],[15,0],[7,23],[14,0],[8,-23],[14,0],[8,-22],[-8,-23],[-14,0],[-8,-22],[-14,0],[-7,-23],[7,-22],[-7,-23],[7,-23],[14,0],[8,23],[-8,23],[8,22],[14,0],[8,-22],[-8,-23],[8,-23],[-8,-22],[8,-23],[-8,-23],[8,-22]],[[4402,6091],[14,0],[8,-23],[14,0],[8,23],[14,0],[7,-23],[15,0],[7,23],[15,0],[7,-23],[15,0],[7,23],[15,0],[7,23],[-7,23],[7,22],[-7,23],[7,23],[-7,22],[7,23],[15,0],[7,23],[14,0],[8,22],[-8,23],[8,22],[-8,23],[8,22],[-8,23],[8,22],[-8,23],[8,22],[14,0],[8,-22],[14,0],[7,22],[15,0],[7,-22],[15,0],[7,22],[15,0],[7,22],[-7,23],[7,22]],[[4723,6542],[-15,0]],[[4832,6385],[7,23],[-7,22],[-15,0],[-7,23],[-15,0],[-7,22],[-14,0],[-8,22],[-14,0],[-8,23],[-14,0],[-7,22]],[[4701,6564],[-15,0],[-7,-22],[-15,0],[-7,22],[-15,0],[-7,-22],[-14,0],[-8,22],[-14,0],[-8,-22],[8,-22],[-8,-23],[-14,0],[-7,-22],[7,-22],[-7,-23],[7,-22],[-7,-23],[-15,0],[-7,-22],[7,-23],[-7,-22],[-15,0],[-7,-23],[-15,0],[-7,-22],[7,-23],[-7,-23],[7,-22],[-7,-23],[-15,0],[-7,-23],[7,-22],[-7,-23],[-15,0],[-7,23],[-14,0],[-8,-23],[-14,0],[-8,23],[-14,0]],[[4708,6542],[-7,22]],[[8272,6609],[-8,-23],[8,-22],[-8,-22],[-14,0],[-7,-22],[-15,0],[-7,22],[-15,0],[-7,-22],[-15,0],[-7,22],[-15,0],[-7,22],[7,22],[-7,23],[7,22]],[[8600,6091],[-8,23],[-14,0],[-7,-23],[-15,0],[-7,23],[7,23],[-7,22],[-15,0],[-7,23],[7,23],[-7,22],[-15,0],[-7,23],[7,23],[-7,22],[-15,0],[-7,23],[-14,0],[-8,22],[8,23],[-8,22],[8,23],[14,0],[7,22],[15,0],[7,23],[-7,22],[7,22],[-7,23],[7,22],[-7,22],[7,22],[-7,23],[-15,0],[-7,22]],[[8162,6631],[-7,22],[-14,0],[-8,-22]],[[8162,6631],[15,0],[7,22],[15,0],[7,-22],[15,0],[7,22],[15,0]],[[8243,6653],[7,-22],[14,0],[8,-22]],[[8461,6653],[8,-22],[-8,-22],[-14,0],[-8,-23],[8,-22],[-8,-22],[-14,0],[-7,22],[-15,0],[-7,-22],[-15,0],[-7,-22],[7,-23],[-7,-22],[7,-22],[-7,-23],[-15,0],[-7,-22],[7,-23],[-7,-22],[7,-23],[-7,-22],[-15,0],[-7,-23],[-15,0],[-7,-22],[7,-23],[-7,-23],[7,-22],[-7,-23],[7,-23],[-7,-22],[-14,0]],[[8483,6631],[7,22],[-7,22],[-14,0],[-8,-22]],[[6719,6675],[-7,-22],[-14,0],[-8,22],[8,22],[-8,22],[-14,0],[-8,22]],[[8461,6653],[-14,0],[-8,22],[8,22],[-8,22],[-14,0],[-7,22],[-15,0],[-7,-22],[-15,0],[-7,22],[-15,0],[-7,-22],[-15,0],[-7,-22],[-15,0],[-7,-22],[7,-22],[-7,-22],[-14,0],[-8,-22],[-14,0]],[[7179,6785],[-8,-22],[8,-22],[-8,-22],[8,-22],[14,0],[7,-22],[15,0],[7,-22],[15,0],[7,-22],[-7,-22],[7,-23],[15,0],[7,-22],[-7,-22],[-15,0],[-7,-22],[-15,0],[-7,-23],[-15,0],[-7,-22],[7,-22],[-7,-23],[7,-22]],[[7878,6785],[-7,-22],[-15,0],[-7,-22],[7,-22],[-7,-22],[7,-22],[15,0],[7,-22],[15,0],[7,-22],[15,0],[7,-22],[15,0],[7,-23],[14,0],[8,-22],[14,0],[8,22],[14,0],[7,-22],[15,0],[7,-22],[15,0],[7,-22],[15,0],[7,-23],[15,0],[7,23],[14,0],[8,-23],[14,0],[8,23],[-8,22],[8,22],[-8,22],[8,23],[-8,22]],[[6690,6807],[-14,0],[-8,-22],[8,-22],[-8,-22]],[[6712,6785],[-14,0],[-8,22]],[[7915,6807],[-15,0],[-7,-22],[-15,0]],[[8133,6631],[-14,0],[-8,-22],[-14,0],[-7,22],[-15,0],[-7,22],[-15,0],[-7,22],[-15,0],[-7,22],[-15,0],[-7,22],[-14,0],[-8,22],[-14,0],[-8,22],[-14,0],[-7,22],[-15,0],[-7,22]],[[5342,6829],[-7,-22],[7,-22],[-7,-22],[7,-22],[15,0],[7,-22],[-7,-22],[7,-22],[-7,-22],[7,-22],[-7,-22],[7,-23],[-7,-22],[7,-22],[-7,-22],[-15,0],[-7,-23],[7,-22],[-7,-22],[7,-23],[15,0],[7,-22],[-7,-23],[7,-22],[14,0],[8,-23],[14,0],[8,-22],[14,0],[7,-23],[-7,-22],[7,-23]],[[6231,6873],[7,-22],[-7,-22],[7,-22],[-7,-22],[7,-22]],[[6209,6895],[8,-22],[14,0]],[[6231,6873],[7,22],[-7,22]],[[6260,6917],[-7,-22],[7,-22],[-7,-22],[7,-22],[-7,-22],[7,-22],[-7,-22]],[[6260,6917],[15,0]],[[5889,6137],[-8,22],[8,23],[-8,23],[8,22],[-8,23],[8,23],[-8,22],[8,23],[-8,22],[8,23],[-8,22],[8,23],[-8,22],[8,23],[-8,22],[8,22],[-8,23],[8,22],[-8,22],[8,22],[-8,23],[8,22],[-8,22],[8,22],[-8,22],[8,22],[-8,22],[8,22],[-8,22],[8,22],[-8,22],[8,22],[-8,22],[8,22],[-8,22],[8,22]],[[6391,6960],[-7,-21],[-14,0],[-8,-22],[-14,0],[-8,-22],[-14,0],[-7,-22],[7,-22],[14,0],[8,-22],[-8,-22],[-14,0],[-7,-22],[-15,0],[-7,-22],[-15,0],[-7,-22],[-15,0]],[[6406,6960],[-15,0]],[[6668,6741],[-14,0],[-7,-22],[-15,0],[-7,22],[-15,0],[-7,-22],[-15,0],[-7,22],[-15,0],[-7,22],[-14,0],[-8,22],[8,22],[-8,22],[-14,0],[-8,22],[-14,0],[-7,22],[-15,0],[-7,22],[-15,0],[-7,22],[-15,0],[-7,22],[-15,0],[-7,21]],[[6275,6917],[7,22],[-7,21],[7,22]],[[860,6982],[15,0],[7,22],[14,0],[8,-22],[14,0],[8,22],[14,0]],[[940,7004],[7,-22],[15,0],[7,-22],[15,0],[7,-21],[15,0],[7,-22],[15,0],[7,-22],[14,0],[8,-22],[14,0],[8,22],[14,0],[7,-22],[15,0],[7,22],[15,0],[7,-22],[15,0],[7,22],[-7,22],[7,22],[15,0],[7,-22],[15,0],[7,22],[14,0],[8,-22],[14,0],[8,-22],[14,0],[7,-22],[-7,-22],[7,-22],[15,0],[7,-22],[-7,-22],[7,-22],[15,0],[7,-22],[15,0],[7,-22],[15,0],[7,22],[14,0],[8,22],[14,0],[8,22],[14,0],[7,-22],[-7,-22],[7,-22],[15,0],[7,-22],[-7,-22],[7,-22],[15,0],[7,-22],[-7,-22],[7,-23],[15,0],[7,-22],[-7,-22],[7,-22],[15,0],[7,-23],[14,0],[8,-22],[14,0]],[[6275,7004],[-15,0],[-7,-22],[7,-22],[-7,-21],[7,-22]],[[6275,7004],[7,-22]],[[6282,6982],[15,0],[7,-22],[15,0],[7,22],[14,0],[8,22],[14,0],[8,22],[14,0]],[[6391,6960],[-7,22],[7,22],[-7,22]],[[5342,6829],[15,0],[7,22],[-7,22],[7,22],[14,0],[8,22],[-8,22],[8,21],[14,0],[8,22],[14,0],[7,22],[-7,22],[7,21]],[[6260,7047],[15,0]],[[6275,7047],[7,-21],[-7,-22]],[[6282,7155],[15,0],[7,-21],[-7,-22],[7,-22],[-7,-21],[-15,0],[-7,-22]],[[4701,6564],[7,22],[-7,23],[7,22],[-7,22],[7,22],[-7,22],[7,22],[15,0],[7,22],[14,0],[8,22],[14,0],[8,22],[14,0],[7,-22],[15,0],[7,22],[15,0],[7,22],[15,0],[7,22],[15,0],[7,22],[-7,22],[7,22],[-7,22],[7,22],[14,0],[8,21],[14,0],[8,-21],[14,0],[7,21],[15,0],[7,22],[-7,22],[-15,0],[-7,22],[7,21],[-7,22],[7,21],[-7,22],[7,22],[-7,21],[7,21],[-7,22]],[[6166,7198],[7,-22],[14,0]],[[6187,7176],[8,22],[14,0]],[[7179,6785],[-8,22],[8,22],[14,0],[7,22],[-7,22],[7,22],[-7,22],[-14,0],[-8,-22],[-14,0],[-8,22],[8,22],[-8,21],[8,22],[-8,22],[8,22],[-8,21],[8,22],[-8,21],[8,22],[14,0],[8,22],[-8,21],[8,21],[-8,22],[8,21]],[[7412,6295],[7,23],[15,0],[7,22],[15,0],[7,-22],[14,0],[8,22],[14,0],[8,-22],[14,0],[7,22],[-7,23],[7,22],[-7,23],[7,22],[-7,23],[-14,0],[-8,22],[8,22],[-8,23],[-14,0],[-8,22],[8,22],[-8,22],[8,23],[14,0],[8,22],[14,0],[7,-22],[15,0],[7,22],[15,0],[7,22],[-7,22],[7,22],[15,0],[7,22],[15,0],[7,22],[-7,22],[7,22],[14,0],[8,22],[-8,22],[8,22],[14,0],[8,22],[-8,22],[8,22],[-8,22],[8,21],[14,0],[7,22],[-7,22],[-14,0],[-8,22],[-14,0],[-8,21],[8,22],[-8,21],[8,22],[-8,22],[8,21],[14,0],[8,21],[14,0],[7,-21],[15,0],[7,21],[15,0],[7,-21],[15,0],[7,21],[-7,22],[7,21]],[[7762,7219],[-15,0]],[[7878,6785],[-7,22],[7,22],[-7,22],[-15,0],[-7,22],[-15,0],[-7,22],[-14,0],[-8,22],[-14,0],[-8,22],[8,21],[-8,22],[8,22],[14,0],[8,-22],[14,0],[7,22],[-7,22],[7,21],[-7,22],[-14,0],[-8,21],[8,22],[-8,22],[-14,0],[-8,21],[8,21],[-8,22],[-14,0],[-7,21]],[[5291,7326],[7,-21],[-7,-22],[7,-21],[-7,-21],[7,-22],[-7,-21],[7,-22],[-7,-21],[7,-21],[-7,-22],[-15,0],[-7,-22],[7,-21],[-7,-22],[7,-21],[15,0],[7,-22],[15,0],[7,-22],[15,0],[7,-22],[-7,-21],[7,-22],[-7,-22],[7,-22],[-7,-22],[7,-22]],[[6384,7026],[7,21],[-7,22],[7,21],[15,0],[7,22],[15,0],[7,22],[15,0],[7,21],[15,0],[7,21],[-7,22],[7,21],[-7,22],[7,21],[-7,21],[7,22],[15,0],[7,21],[-7,21]],[[7660,7347],[-8,-21],[-14,0],[-8,21],[-14,0],[-7,-21],[-15,0],[-7,-21],[-15,0],[-7,-22],[-15,0],[-7,-21],[7,-21],[-7,-22],[7,-21],[-7,-22],[-15,0],[-7,-21],[7,-21],[-7,-22],[-14,0],[-8,22],[-14,0],[-8,-22],[8,-22],[14,0],[8,-21],[-8,-22],[-14,0],[-8,-21],[-14,0],[-7,-22],[7,-22],[-7,-22],[7,-21],[-7,-22],[-15,0],[-7,22],[-15,0],[-7,-22],[-15,0],[-7,-22],[-15,0],[-7,-22],[-15,0],[-7,-22],[7,-22],[-7,-22],[7,-22],[-7,-22],[-14,0],[-8,-22],[-14,0],[-8,22],[-14,0],[-7,-22],[-15,0],[-7,22],[-15,0],[-7,-22],[-15,0],[-7,22],[-15,0],[-7,22],[-14,0]],[[7674,7347],[-14,0]],[[7747,7219],[-7,22],[-15,0],[-7,21],[-15,0],[-7,21],[7,22],[-7,21],[-15,0],[-7,21]],[[6282,7241],[15,0],[7,21],[-7,21],[7,22],[-7,21],[7,21],[15,0],[7,-21],[14,0],[8,21],[14,0],[8,-21],[14,0],[7,21],[15,0],[7,-21],[15,0],[7,21],[15,0],[7,21],[15,0]],[[6472,7368],[7,-21],[15,0]],[[6719,6807],[-7,22],[7,22],[-7,22],[-14,0],[-8,22],[8,22],[-8,22],[8,21],[-8,22],[-14,0],[-8,22],[-14,0],[-7,22],[7,21],[-7,22],[-15,0],[-7,21],[7,22],[-7,22],[7,21],[-7,21],[7,22],[15,0],[7,21],[-7,22],[-15,0],[-7,21],[-15,0],[-7,21],[7,22],[-7,21],[7,21],[-7,21],[-15,0]],[[7652,7368],[8,-21]],[[6494,7347],[7,21],[14,0],[8,21],[14,0]],[[6537,7389],[8,-21],[14,0],[7,-21],[15,0],[7,21]],[[7368,7389],[7,-21],[15,0],[7,-21],[15,0],[7,21]],[[7179,7219],[14,0],[7,-21],[15,0],[7,21],[15,0],[7,22],[15,0],[7,21],[15,0],[7,21],[-7,22],[7,21],[14,0],[8,21],[-8,21],[8,21],[14,0],[8,22],[14,0],[7,-22],[15,0]],[[6916,7347],[15,0],[7,21],[15,0],[7,21],[-7,22],[7,21],[15,0],[7,21],[14,0],[8,-21],[14,0],[8,21],[14,0],[7,-21],[15,0],[7,-21],[15,0],[7,-22],[15,0],[7,-21],[15,0],[7,-21],[14,0],[8,-21],[14,0],[8,-21],[-8,-22],[8,-21],[-8,-21],[8,-22]],[[7419,7368],[15,0],[7,-21],[15,0],[7,21],[14,0],[8,21],[14,0],[8,22],[-8,21],[8,21],[14,0]],[[7521,7453],[7,-21],[15,0],[7,-21],[-7,-22],[7,-21],[-7,-21],[7,-21],[15,0],[7,21],[15,0],[7,21],[15,0],[7,21],[14,0],[8,-21],[14,0]],[[9554,7474],[-14,0],[-7,-21],[-15,0],[-7,-21],[-15,0],[-7,-21]],[[6734,7453],[-15,0],[-7,21],[7,21]],[[6654,7516],[-7,-21],[-15,0],[-7,21]],[[7652,7368],[8,21],[-8,22],[8,21],[-8,21],[8,21],[-8,21],[-14,0],[-8,-21],[-14,0],[-7,21],[7,21],[-7,20]],[[6588,7368],[-7,21],[7,22],[-7,21],[-15,0],[-7,21],[7,21],[-7,21],[7,21],[-7,20],[7,21],[15,0]],[[6625,7516],[-15,0],[-7,20],[-15,0],[-7,21]],[[6719,7495],[-7,21],[7,20],[-7,21],[-14,0],[-8,-21],[-14,0],[-8,-20],[-14,0]],[[6581,7557],[7,21]],[[6603,7578],[-15,0]],[[6625,7516],[7,20],[-7,21],[-15,0],[-7,21]],[[7609,7536],[-15,0],[-7,-20],[-15,0],[-7,20],[-15,0],[-7,21],[-15,0],[-7,-21],[-14,0],[-8,21],[-14,0],[-8,-21],[-14,0],[-7,21],[7,21],[14,0],[8,21],[14,0],[8,-21],[14,0],[7,21]],[[5750,7641],[7,-21],[-7,-21],[-14,0],[-8,-21],[-14,0]],[[7528,7641],[-7,-21],[7,-21]],[[5728,7661],[8,-20],[14,0]],[[6588,7578],[-7,21],[-15,0],[-7,21],[-14,0],[-8,21],[8,20]],[[6603,7661],[7,-20],[15,0],[7,-21],[-7,-21],[7,-21],[15,0],[7,-21],[-7,-21],[7,-20]],[[7419,7368],[-7,21],[7,22],[15,0],[7,21],[-7,21],[7,21],[-7,21],[-15,0],[-7,21],[-15,0],[-7,20],[7,21],[15,0],[7,-21],[15,0],[7,21],[-7,21],[7,21],[15,0],[7,21],[-7,21],[7,20],[14,0],[8,-20],[14,0],[8,20],[14,0],[7,-20]],[[5954,7682],[-7,-21],[-15,0],[-7,-20]],[[6610,7682],[-7,-21]],[[5750,7641],[7,20],[15,0],[7,21],[15,0],[7,21],[15,0]],[[6545,7661],[14,0],[7,21],[15,0],[7,21],[15,0],[7,-21]],[[6545,7661],[-8,21],[-14,0],[-8,21],[-14,0],[-7,20],[-15,0]],[[6610,7682],[15,0],[7,-21],[15,0],[7,21],[-7,21],[7,20]],[[5444,7723],[7,21]],[[5947,7744],[-15,0],[-7,-21],[7,-20],[-7,-21],[-15,0],[-7,21],[-14,0],[-8,-21],[-14,0],[-8,21],[-14,0],[-7,-21],[-15,0],[-7,21]],[[5947,7744],[7,-21],[-7,-20],[7,-21]],[[6654,7723],[14,0],[8,-20],[14,0],[8,20],[14,0],[7,21]],[[2062,7723],[-7,21],[7,20]],[[4686,7764],[15,0]],[[4701,7764],[7,-20],[15,0],[7,-21],[14,0],[8,21],[14,0],[8,-21],[14,0],[7,-20],[-7,-21],[-14,0],[-8,-21],[8,-20],[-8,-21],[8,-21],[-8,-21],[-14,0],[-8,-21],[8,-21],[-8,-20],[8,-21],[-8,-21],[8,-21],[-8,-21],[8,-21],[-8,-22],[8,-21]],[[5451,7744],[-7,20],[-15,0],[-7,-20]],[[5736,7764],[-8,-20],[8,-21],[-8,-20],[8,-21],[-8,-21]],[[5816,7703],[7,20],[-7,21],[-15,0],[-7,20]],[[5969,7764],[-15,0],[-7,-20]],[[5991,7744],[-15,0],[-7,20]],[[7609,7536],[7,21],[14,0],[8,21],[14,0],[8,21],[14,0],[7,21],[15,0],[7,-21],[15,0],[7,21],[-7,21],[7,20],[15,0],[7,-20],[15,0],[7,20],[14,0],[8,21],[14,0],[8,21],[14,0],[7,20],[15,0],[7,21],[-7,20]],[[5116,7785],[-14,0],[-8,-21],[-14,0],[-8,21]],[[5685,7744],[7,20],[14,0],[8,21]],[[5714,7785],[14,0],[8,-21]],[[5772,7785],[-15,0],[-7,-21],[-14,0]],[[5772,7785],[7,-21],[15,0]],[[6982,7703],[-7,-21],[-15,0],[-7,21],[7,20],[-7,21],[-15,0],[-7,20],[-15,0],[-7,21],[-15,0],[-7,-21],[-15,0]],[[7528,7599],[15,0],[7,21],[15,0],[7,21],[15,0],[7,20],[-7,21],[-15,0],[-7,21],[-15,0],[-7,-21],[-15,0],[-7,21],[-14,0],[-8,20],[8,21],[14,0],[7,20],[-7,21]],[[5072,7785],[-14,0],[-7,20]],[[5080,7805],[-8,-20]],[[6982,7703],[14,0],[8,-21],[14,0],[8,21],[-8,20],[8,21],[14,0],[7,20],[15,0],[7,21],[15,0],[7,20],[15,0]],[[7106,7805],[7,-20],[15,0],[7,-21],[-7,-20],[7,-21],[-7,-20],[7,-21],[14,0],[8,21],[14,0],[8,-21],[14,0],[7,-21],[-7,-20],[7,-21],[15,0],[7,-21],[-7,-21],[7,-21],[15,0],[7,-21],[15,0],[7,-20],[15,0],[7,-21],[14,0],[8,-21],[14,0],[8,-21],[14,0],[7,-21],[15,0],[7,-21],[-7,-22]],[[9627,7805],[-7,-20],[7,-21]],[[2077,7805],[7,21]],[[5051,7805],[7,21],[14,0],[8,-21]],[[5714,7785],[-8,20],[8,21]],[[9627,7805],[-7,21],[-15,0],[-7,-21],[7,-20],[-7,-21],[-14,0],[-8,-20],[-14,0],[-8,-21],[8,-20],[-8,-21],[-14,0],[-7,21],[-15,0],[-7,20],[-15,0],[-7,-20],[7,-21],[-7,-21],[-15,0],[-7,-20],[-15,0],[-7,-21],[-14,0],[-8,-21],[-14,0],[-8,-21]],[[2208,7846],[8,-20],[-8,-21],[-14,0]],[[5714,7826],[14,0],[8,20],[14,0]],[[5750,7846],[7,-20],[15,0],[7,-21],[-7,-20]],[[7630,7846],[-14,0],[-7,-20],[7,-21],[-7,-20],[-15,0],[-7,20],[-15,0],[-7,21],[-15,0],[-7,-21],[-15,0],[-7,-20]],[[7849,7764],[-15,0],[-7,21],[-14,0],[-8,20],[-14,0],[-8,21],[-14,0],[-7,-21],[-15,0],[-7,21],[-15,0],[-7,-21],[-15,0],[-7,21],[-15,0],[-7,-21],[-14,0],[-8,21],[-14,0],[-8,20]],[[5051,7805],[-15,0],[-7,-20],[-15,0],[-7,20],[-15,0],[-7,21],[-15,0],[-7,20],[-15,0],[-7,20]],[[5685,7866],[-15,0],[-7,-20],[7,-20],[-7,-21]],[[5685,7866],[7,-20],[14,0],[8,-20]],[[6428,7866],[7,21],[15,0]],[[6450,7887],[7,-21],[15,0],[7,-20],[15,0],[7,20],[14,0],[8,-20],[14,0],[8,-20],[14,0],[7,-21],[15,0],[7,21],[15,0],[7,-21],[15,0],[7,-20],[-7,-21],[7,-20],[15,0],[7,-21]],[[5255,7887],[-8,20],[-14,0],[-8,-20],[8,-21]],[[5794,7764],[7,21],[-7,20],[7,21],[15,0],[7,20],[-7,20],[-15,0],[-7,21],[7,20]],[[5444,7927],[-15,0],[-7,-20],[7,-20],[15,0],[7,20]],[[5801,7907],[15,0],[7,-20],[15,0],[7,20],[14,0],[8,-20],[14,0],[8,20],[14,0],[7,-20],[15,0],[7,20],[15,0],[7,20],[15,0]],[[5969,7927],[7,-20],[15,0],[7,-20],[15,0]],[[5685,7988],[7,-20],[-7,-21],[7,-20],[-7,-20],[7,-20],[-7,-21]],[[5619,7846],[7,20],[-7,21],[-15,0],[-7,20],[-14,0],[-8,20],[8,20],[-8,21],[-14,0],[-8,20],[8,20],[14,0],[8,-20],[14,0],[7,20],[15,0],[7,-20],[15,0],[7,20],[15,0]],[[5663,8008],[7,-20],[15,0]],[[5255,8048],[-8,-20],[8,-20],[-8,-20],[8,-20],[-8,-21],[8,-20],[14,0],[7,-20]],[[5663,8048],[7,-20],[15,0],[7,-20],[-7,-20]],[[6013,8048],[7,-20],[14,0],[8,-20],[14,0]],[[7062,8048],[-15,0],[-7,-20],[-14,0],[-8,-20],[-14,0],[-8,-20],[-14,0],[-7,-20],[7,-21],[-7,-20],[7,-20],[-7,-20],[7,-21],[-7,-20],[7,-20],[-7,-21],[7,-20],[-7,-21],[7,-20],[-7,-21],[7,-20]],[[7521,7785],[-14,0],[-8,-21],[-14,0],[-8,-20],[-14,0],[-7,-21],[7,-20],[-7,-21],[-15,0],[-7,-21],[7,-20],[-7,-21],[-15,0],[-7,21],[7,20],[-7,21],[-15,0],[-7,-21],[-15,0],[-7,21],[7,21],[-7,20],[7,21],[-7,20],[-15,0],[-7,21],[7,20],[-7,21],[-14,0],[-8,20],[8,20],[-8,21],[-14,0],[-8,-21],[-14,0],[-7,21],[-15,0],[-7,-21],[-15,0],[-7,21],[-15,0],[-7,-21],[-15,0],[-7,21],[-14,0],[-8,20],[8,20],[-8,20],[-14,0],[-8,21],[-14,0],[-7,20],[-15,0],[-7,20],[-15,0],[-7,20],[-15,0],[-7,20]],[[5728,8068],[8,-20],[14,0],[7,-20],[-7,-20],[7,-20],[15,0],[7,-20],[15,0],[7,-21],[-7,-20],[7,-20]],[[5706,8088],[-14,0],[-7,-20],[-15,0],[-7,-20]],[[5728,8068],[-14,0],[-8,20]],[[2041,8068],[-8,20],[-14,0],[-8,20]],[[5495,8108],[-7,-20],[7,-20],[-7,-20]],[[5495,8028],[15,0],[7,20],[15,0],[7,-20],[14,0],[8,20],[-8,20],[8,20],[14,0],[8,20]],[[5583,8108],[14,0]],[[5597,8108],[7,-20],[15,0],[7,-20],[15,0],[7,-20],[15,0]],[[5255,8048],[14,0],[7,20],[15,0],[7,20],[15,0],[7,-20],[15,0],[7,20],[15,0],[7,20],[14,0],[8,20]],[[5575,8128],[-14,0],[-8,-20],[-14,0],[-7,20],[-15,0],[-7,-20],[-15,0]],[[5583,8108],[-8,20]],[[5386,8128],[-8,19],[-14,0]],[[5422,8147],[-14,0],[-8,-19],[-14,0]],[[5495,8108],[-7,20],[-15,0],[-7,-20],[-15,0],[-7,20],[-15,0],[-7,19]],[[2631,8008],[-7,20],[-15,0],[-7,20],[7,20],[-7,20],[7,20],[-7,20],[7,19],[-7,20],[-15,0],[-7,-20],[-15,0],[-7,20],[-15,0],[-7,-20],[-14,0],[-8,-19],[8,-20],[-8,-20],[8,-20],[-8,-20],[-14,0],[-8,-20],[-14,0],[-7,-20],[-15,0],[-7,-20],[-15,0],[-7,20],[-15,0],[-7,-20],[-15,0],[-7,20],[-14,0],[-8,-20],[-14,0],[-8,-20],[-14,0],[-7,-21],[-15,0],[-7,-20]],[[5364,8147],[-7,-19],[-15,0],[-7,19],[7,20]],[[5364,8147],[-7,20],[-15,0]],[[5342,8167],[-7,20]],[[5269,8207],[-14,0],[-8,-20],[8,-20],[-8,-20],[-14,0],[-8,-19],[-14,0],[-7,-20],[7,-20],[14,0],[8,20],[14,0],[8,-20],[-8,-20],[8,-20]],[[5313,8207],[-15,0],[-7,-20],[-15,0],[-7,20]],[[5335,8187],[-15,0],[-7,20]],[[5604,8207],[-7,-20],[-14,0],[-8,-20],[8,-20],[-8,-19]],[[5801,8226],[-7,-19],[7,-20],[-7,-20],[-15,0],[-7,-20],[7,-19],[-7,-20],[-15,0],[-7,-20],[-14,0],[-8,-20]],[[6013,8048],[-15,0],[-7,20],[7,20],[-7,20],[7,20],[-7,19],[7,20],[-7,20],[-15,0],[-7,20],[-15,0],[-7,19]],[[5794,8246],[7,-20]],[[5801,8226],[15,0],[7,20],[15,0]],[[5838,8246],[7,-20],[14,0],[8,-19],[14,0],[8,19],[14,0],[7,-19],[15,0],[7,19],[15,0]],[[5335,8187],[7,20],[15,0],[7,-20],[14,0],[8,20],[14,0],[8,-20],[14,0],[7,20],[15,0],[7,-20],[15,0],[7,20],[-7,19],[7,20],[15,0],[7,20]],[[5597,8266],[7,-20],[-7,-20],[7,-19]],[[5947,8226],[7,20],[15,0],[7,20],[15,0]],[[5991,8266],[7,-20],[15,0],[7,-20],[14,0],[8,-19],[-8,-20],[8,-20],[14,0],[8,-20],[-8,-19],[8,-20],[-8,-20],[-14,0],[-8,-20],[-14,0],[-7,-20]],[[5604,8207],[15,0],[7,19],[15,0],[7,-19],[15,0],[7,19],[15,0],[7,20],[14,0],[8,20],[14,0],[8,19],[14,0]],[[5750,8285],[7,-19],[15,0],[7,-20],[15,0]],[[5495,8266],[15,0],[7,19],[15,0],[7,20],[14,0]],[[5553,8305],[8,-20],[14,0],[8,-19],[14,0]],[[5801,8305],[-7,-20],[7,-19],[-7,-20]],[[1822,8226],[-7,20],[-15,0],[-7,-20],[-15,0],[-7,20],[-15,0],[-7,20],[-14,0],[-8,19],[-14,0],[-8,-19],[-14,0],[-7,19],[-15,0],[-7,20],[-15,0],[-7,19]],[[7849,7764],[7,21],[-7,20],[7,21],[15,0],[7,20],[-7,20],[7,21],[-7,20],[-15,0],[-7,20],[7,20],[-7,21],[7,20],[15,0],[7,20],[15,0],[7,-20],[15,0],[7,20],[15,0],[7,20],[-7,20],[7,20],[-7,20],[7,20],[-7,20],[7,19],[14,0],[8,20],[14,0],[8,-20],[14,0],[7,-19],[15,0],[7,19],[15,0],[7,20],[-7,20],[7,20],[-7,19],[7,20],[15,0],[7,20],[15,0],[7,19],[-7,20],[7,19]],[[8097,8324],[14,0]],[[5204,8344],[7,-20],[14,0]],[[5225,8324],[8,20]],[[5233,8344],[14,0],[8,-20],[14,0],[7,-19],[15,0],[7,-20],[-7,-19],[-15,0],[-7,-20],[7,-20],[-7,-19]],[[5670,8344],[-7,-20],[-15,0],[-7,-19],[-15,0],[-7,-20],[-15,0],[-7,-19]],[[1640,8324],[7,20],[-7,19],[-15,0],[-7,-19],[7,-20],[-7,-19],[-15,0],[-7,19],[-15,0],[-7,-19],[-14,0],[-8,19],[-14,0],[-8,-19],[-14,0],[-7,19],[-15,0],[-7,-19],[-15,0],[-7,19],[-15,0],[-7,-19],[-15,0],[-7,19],[-14,0],[-8,-19],[-14,0],[-8,19],[-14,0],[-7,-19],[-15,0],[-7,19],[-15,0],[-7,-19],[-15,0],[-7,19],[-15,0],[-7,-19],[-14,0],[-8,19],[-14,0],[-8,-19],[-14,0],[-7,19],[-15,0],[-7,-19],[-15,0],[-7,19],[-15,0],[-7,-19],[-15,0],[-7,19],[-15,0],[-7,-19],[-14,0],[-8,19],[-14,0],[-8,-19],[-14,0],[-7,19],[-15,0],[-7,-19],[-15,0],[-7,19],[-15,0],[-7,-19],[-15,0],[-7,19],[-14,0],[-8,-19],[-14,0],[-8,19],[-14,0],[-7,-19],[-15,0],[-7,19],[-15,0],[-7,-19],[-15,0],[-7,19],[-15,0],[-7,-19],[-14,0],[-8,19],[-14,0],[-8,-19],[-14,0],[-7,19],[-15,0],[-7,-19],[-15,0],[-7,19],[-15,0],[-7,-19]],[[5706,8363],[-14,0],[-7,-19],[-15,0]],[[5801,8305],[-7,19],[-15,0],[-7,20],[-15,0],[-7,-20],[-14,0],[-8,20],[-14,0],[-8,19]],[[8111,8324],[8,-19],[-8,-20],[8,-19],[14,0],[8,-20],[14,0],[7,-20],[15,0],[7,-19],[15,0],[7,-20],[15,0],[7,-20],[-7,-20],[7,-19],[-7,-20],[7,-20],[-7,-20],[7,-20],[-7,-20],[7,-20],[15,0],[7,-20],[14,0],[8,-20],[14,0],[8,20],[14,0],[7,-20],[15,0],[7,-21],[15,0],[7,-20],[15,0],[7,-20],[15,0],[7,-20],[-7,-21],[7,-20],[-7,-20],[7,-21],[15,0],[7,-20],[14,0],[8,20],[14,0],[8,-20],[14,0],[7,20],[15,0],[7,-20],[15,0],[7,20],[15,0],[7,-20],[15,0],[7,20],[14,0],[8,-20],[14,0],[8,-21],[14,0],[7,-20],[15,0],[7,-21],[15,0],[7,21],[15,0],[7,-21],[15,0],[7,-20],[14,0],[8,20],[14,0],[8,21],[14,0],[7,20],[15,0],[7,21],[15,0],[7,-21],[15,0],[7,21],[15,0],[7,-21],[15,0],[7,21],[14,0],[8,20],[-8,21],[8,20],[14,0],[8,20],[14,0],[7,21],[-7,20],[7,20],[-7,20],[7,21],[-7,20],[7,20],[15,0],[7,-20],[15,0],[7,-20],[15,0],[7,20],[15,0],[7,20],[14,0],[8,20],[14,0],[8,20],[14,0],[7,20],[15,0],[7,20],[15,0],[7,20],[15,0],[7,-20],[15,0],[7,20],[14,0],[8,-20],[14,0],[8,20],[14,0],[7,20],[-7,19],[-14,0],[-8,20],[8,20],[-8,20],[-14,0],[-8,19],[-14,0],[-7,20],[-15,0],[-7,-20],[-15,0],[-7,-19],[-15,0],[-7,19],[-15,0],[-7,-19],[-14,0],[-8,19],[8,20],[14,0],[7,20],[-7,19],[7,20],[15,0],[7,19],[-7,20],[7,19]],[[5225,8402],[-14,0],[-7,-20],[7,-19],[-7,-19]],[[5233,8344],[-8,19],[8,19],[-8,20]],[[5204,8344],[-15,0],[-7,19],[-15,0],[-7,19],[-15,0],[-7,20],[-15,0],[-7,19],[-14,0],[-8,19]],[[5225,8440],[8,-19],[-8,-19]],[[5094,8440],[8,20],[-8,19]],[[5211,8479],[-7,-19],[7,-20],[14,0]],[[5495,8266],[-7,19],[-15,0],[-7,20],[7,19],[-7,20],[-15,0],[-7,19],[7,19],[-7,20],[7,19],[15,0],[7,19],[15,0],[7,20],[15,0],[7,19],[15,0]],[[5532,8479],[7,-19],[14,0],[8,-20],[14,0],[8,-19],[-8,-19],[8,-20],[14,0],[7,20],[15,0],[7,-20],[15,0],[7,-19],[15,0],[7,-19]],[[5116,8498],[7,-19],[15,0],[7,19],[15,0],[7,-19],[15,0],[7,19],[15,0],[7,-19]],[[5845,8498],[-7,-19],[7,-19],[14,0],[8,-20],[-8,-19],[-14,0],[-7,-19],[-15,0],[-7,-20],[7,-19],[-7,-19],[7,-20],[-7,-19],[-15,0]],[[8111,8324],[8,20],[14,0],[8,-20],[14,0],[7,20],[15,0],[7,19],[15,0],[7,19],[15,0],[7,20],[15,0],[7,19],[14,0],[8,19],[14,0],[8,-19],[14,0],[7,19],[15,0],[7,-19],[15,0],[7,-19],[15,0],[7,-20],[15,0],[7,-19],[15,0],[7,19],[14,0],[8,-19],[14,0],[8,19],[14,0],[7,20],[-7,19],[7,19],[-7,20],[7,19],[-7,19],[7,19],[15,0],[7,19],[15,0]],[[8527,8536],[7,-19],[15,0],[7,-19],[15,0],[7,19],[14,0],[8,-19],[14,0],[8,-19],[-8,-19],[8,-20],[14,0],[7,-19],[15,0],[7,-19],[15,0],[7,-20],[15,0],[7,20],[15,0],[7,19],[14,0],[8,-19],[14,0],[8,19],[14,0],[7,-19],[15,0],[7,-20],[15,0],[7,-19],[-7,-19],[7,-20],[15,0],[7,-19],[15,0],[7,19],[15,0],[7,-19],[14,0],[8,19],[14,0],[8,20],[14,0],[7,-20],[15,0],[7,20],[15,0],[7,19],[15,0],[7,19],[15,0],[7,20],[14,0],[8,-20],[14,0],[8,-19],[14,0],[7,19],[15,0],[7,-19]],[[6129,8555],[-7,-19],[-15,0],[-7,-19],[-15,0],[-7,-19],[-14,0],[-8,-19],[-14,0],[-8,19],[-14,0],[-7,19],[-15,0],[-7,-19],[-15,0],[-7,19],[-15,0],[-7,19],[-15,0],[-7,-19],[-15,0],[-7,19],[-14,0],[-8,-19],[-14,0],[-8,-19],[-14,0]],[[6362,8167],[8,20],[14,0],[7,20],[15,0],[7,19],[-7,20],[7,20],[-7,19],[7,20],[-7,19],[7,20],[-7,19],[-15,0],[-7,19],[-14,0],[-8,20],[-14,0],[-8,19],[-14,0],[-7,-19],[-15,0],[-7,19],[-15,0],[-7,-19],[-15,0],[-7,19],[7,19],[-7,20],[-15,0],[-7,19],[-14,0],[-8,19],[8,19],[-8,19],[8,19]],[[6217,8555],[-8,19],[-14,0],[-8,-19],[-14,0],[-7,19],[-15,0],[-7,-19],[-15,0]],[[5225,8440],[8,20],[-8,19],[8,19],[-8,19],[8,19],[14,0],[8,19],[-8,19],[8,19],[-8,19],[8,19],[-8,19]],[[9146,8363],[15,0],[7,-19],[15,0],[7,19],[15,0],[7,19],[14,0],[8,20],[-8,19],[8,19],[14,0],[8,20],[-8,19],[8,19],[14,0],[7,19],[-7,19],[7,19],[-7,19],[-14,0],[-8,19],[8,19],[14,0],[7,19],[15,0],[7,19],[15,0],[7,19],[15,0],[7,-19],[15,0],[7,19],[15,0]],[[9380,8669],[7,-19],[14,0],[8,-19],[14,0],[8,19],[14,0],[7,-19],[15,0],[7,-19],[-7,-19],[7,-19],[15,0],[7,-19],[-7,-19],[7,-19],[-7,-19],[7,-19],[15,0],[7,-19],[-7,-20],[7,-19],[-7,-19],[7,-20],[15,0],[7,-19],[14,0],[8,-19],[14,0],[8,-20],[14,0],[7,-19],[15,0],[7,-20],[-7,-19],[7,-20],[-7,-20],[7,-19],[15,0],[7,-20],[15,0],[7,20],[15,0],[7,-20],[14,0],[8,20],[14,0],[8,19],[14,0],[7,20],[15,0],[7,-20],[-7,-19],[7,-20],[-7,-20],[-15,0],[-7,-20],[7,-19],[-7,-20],[7,-20],[-7,-20],[-14,0],[-8,-20],[8,-20],[-8,-20],[-14,0],[-8,-20],[-14,0],[-7,20],[-15,0],[-7,-20],[-15,0],[-7,-20],[7,-21],[-7,-20],[7,-20],[-7,-20],[7,-21],[-7,-20],[7,-20],[-7,-21],[-15,0]],[[5510,8687],[7,-18],[-7,-19],[7,-19],[-7,-19],[7,-19],[15,0],[7,-19],[-7,-19],[7,-19],[-7,-19],[7,-19],[-7,-19]],[[5845,8498],[-7,19],[7,19],[-7,19],[-15,0],[-7,19],[7,19],[15,0],[7,19],[-7,19],[7,19],[-7,19],[7,18]],[[4723,8725],[7,-19],[14,0],[8,19],[14,0],[8,-19],[14,0]],[[5845,8687],[-7,19],[-15,0],[-7,19]],[[5706,8743],[8,-18],[14,0],[8,18],[14,0],[7,-18],[15,0],[7,18],[15,0],[7,-18],[15,0]],[[5342,8781],[-7,-19],[-15,0]],[[4752,8799],[-8,-18],[-14,0],[-7,-19],[7,-19],[-7,-18]],[[5816,8725],[7,18],[-7,19],[7,19],[-7,18],[-15,0],[-7,-18],[-15,0],[-7,18],[-15,0],[-7,19]],[[6741,8088],[-7,20],[7,20],[-7,19],[7,20],[-7,20],[-15,0],[-7,20],[-14,0],[-8,19],[-14,0],[-8,20],[-14,0],[-7,20],[7,19],[-7,20],[7,19],[-7,20],[7,19],[14,0],[8,19],[-8,20],[8,19],[14,0],[8,-19],[14,0],[7,-20],[15,0],[7,20],[-7,19],[7,19],[15,0],[7,20],[15,0],[7,19],[15,0],[7,19],[14,0],[8,19],[14,0],[8,-19],[14,0],[7,19],[15,0],[7,-19],[15,0],[7,-19],[15,0],[7,-19],[15,0],[7,-20],[15,0],[7,-19],[14,0],[8,19],[14,0],[8,20],[14,0],[7,-20],[15,0],[7,20],[15,0],[7,-20],[15,0],[7,-19],[15,0],[7,19],[14,0],[8,-19],[14,0],[8,19],[14,0],[7,20],[-7,19],[-14,0],[-8,19],[-14,0],[-8,19],[-14,0],[-7,19],[7,19],[14,0],[8,19],[-8,19],[8,19],[14,0],[8,-19],[14,0],[7,19],[-7,19],[-14,0],[-8,19],[8,19],[-8,18],[8,19],[14,0],[7,19],[15,0],[7,-19],[15,0],[7,19],[15,0],[7,18],[15,0],[7,-18],[14,0],[8,18],[14,0],[8,19],[14,0],[7,-19],[15,0],[7,19],[15,0],[7,19],[15,0],[7,18],[15,0],[7,19],[15,0]],[[7456,8818],[7,-19],[14,0],[8,-18],[14,0],[8,18],[14,0],[7,-18],[-7,-19],[7,-19],[-7,-18],[7,-19],[15,0],[7,19],[15,0],[7,-19],[15,0],[7,-19],[15,0],[7,-18],[14,0],[8,18],[14,0],[8,19],[14,0],[7,19],[15,0],[7,18],[15,0],[7,-18],[-7,-19],[7,-19],[15,0],[7,-18],[15,0],[7,-19],[-7,-19],[7,-19],[14,0],[8,-19],[-8,-19],[8,-19],[14,0],[8,-19],[-8,-19],[8,-19],[14,0],[7,-19],[-7,-19],[7,-20],[15,0],[7,20],[-7,19],[7,19],[15,0],[7,-19],[-7,-19],[7,-20],[15,0],[7,-19],[15,0],[7,19],[15,0],[7,20],[14,0],[8,-20],[14,0],[8,-19],[-8,-19],[8,-20],[14,0],[7,-19],[15,0],[7,-19],[15,0],[7,-20],[15,0],[7,20],[15,0],[7,-20]],[[5845,8687],[14,0],[8,19],[14,0],[8,19],[14,0],[7,18],[-7,19],[7,19],[15,0],[7,18],[15,0],[7,19],[-7,18]],[[5947,8836],[7,19],[15,0],[7,18],[15,0]],[[5991,8873],[7,-18],[15,0],[7,18],[14,0]],[[6034,8873],[8,-18],[14,0],[8,-19],[14,0],[7,-18],[15,0],[7,-19],[-7,-18],[7,-19],[-7,-19],[7,-18],[15,0],[7,-19],[15,0],[7,-19],[-7,-18],[7,-19],[-7,-19],[-15,0],[-7,-19],[7,-19],[-7,-19],[7,-19]],[[5859,8910],[-14,0],[-7,-19],[-15,0],[-7,19],[-15,0],[-7,-19],[-15,0],[-7,-18],[-15,0]],[[5947,8836],[-15,0],[-7,19],[-15,0],[-7,18],[-14,0],[-8,18],[-14,0],[-8,19]],[[5969,9000],[7,-18],[15,0],[7,-18],[-7,-18],[7,-18],[-7,-18],[7,-19],[-7,-18]],[[5881,9037],[-14,0]],[[5969,9000],[-15,0],[-7,-18],[-15,0],[-7,18],[-15,0],[-7,19],[-14,0],[-8,18]],[[5998,9144],[-7,-18],[7,-18],[-7,-18],[-15,0],[-7,-18],[7,-17],[-7,-18],[7,-18],[-7,-19]],[[5728,9904],[-14,0],[-8,-16],[8,-16],[-8,-17],[-14,0],[-7,17],[-15,0],[-7,-17],[-15,0],[-7,-16],[-15,0],[-7,-16],[-15,0],[-7,-16],[7,-16],[-7,-17],[-14,0],[-8,-16],[8,-16],[-8,-17],[-14,0],[-8,-16],[8,-17],[-8,-16],[-14,0],[-7,-17],[-15,0],[-7,-16],[7,-17],[-7,-17],[7,-17],[-7,-16],[-15,0],[-7,-17],[7,-17],[15,0],[7,-17],[-7,-17],[-15,0],[-7,-17],[-15,0],[-7,17],[-15,0],[-7,-17],[7,-17],[-7,-17],[7,-17],[-7,-17],[7,-17],[-7,-17],[7,-18],[-7,-17],[7,-17],[-7,-17],[7,-18],[15,0],[7,-17],[-7,-18],[-15,0],[-7,-17],[7,-18],[-7,-17],[7,-18],[-7,-18],[-15,0],[-7,-17],[7,-18],[-7,-18],[7,-18],[-7,-18],[-14,0]],[[5859,9643],[8,16],[-8,17],[-14,0],[-7,16],[7,17],[-7,16],[7,17],[-7,16],[7,16],[-7,17],[7,16],[-7,16],[-15,0],[-7,16],[-15,0],[-7,16],[-15,0],[-7,17],[-15,0],[-7,16],[-14,0],[-8,16]],[[6020,9904],[-7,-16],[7,-16],[-7,-17],[7,-16],[14,0],[8,-16],[14,0],[8,-16],[-8,-16],[8,-17],[-8,-16],[-14,0],[-8,-16],[8,-17],[-8,-16],[8,-17],[14,0],[8,-16],[-8,-17],[8,-16],[-8,-17],[8,-17],[-8,-17],[8,-16],[14,0],[7,-17],[-7,-17],[7,-17],[-7,-17],[7,-17],[-7,-17],[7,-17],[15,0],[7,-17],[15,0],[7,-17],[-7,-17],[7,-17],[-7,-18],[-15,0],[-7,-17],[-15,0],[-7,-17],[-14,0],[-8,-17],[8,-18],[-8,-17],[-14,0],[-8,-18],[-14,0],[-7,-17],[-15,0],[-7,-18]],[[394,8762],[7,19],[-7,18],[7,19],[-7,18],[7,19],[-7,18],[-15,0],[-7,18],[-15,0],[-7,19],[-15,0],[-7,18],[7,18],[-7,18],[-15,0],[-7,18],[7,18],[-7,19],[-14,0],[-8,18],[8,18],[-8,17],[-14,0],[-8,18],[-14,0],[-7,18],[-15,0],[-7,18],[7,18],[-7,18],[-15,0],[-7,-18],[-15,0],[-7,-18],[-15,0],[-7,-18],[-15,0],[-7,18],[-14,0],[-8,18],[-14,0],[-8,18],[8,17],[-8,18],[-14,0],[-7,18],[-15,0],[-7,-18],[-15,0],[-7,18],[-15,0],[-7,17],[7,18],[-7,17],[7,18],[-7,17],[7,18],[-7,17],[7,17],[-7,17],[7,18],[-7,17],[7,17],[-7,17],[7,17],[-7,17],[7,17],[-7,17],[7,17],[-7,17],[7,17],[-7,17],[7,16],[-7,17],[7,17],[-7,17],[7,16],[-7,17],[7,16],[-7,17],[7,16],[-7,17],[7,16],[-7,16],[7,17],[-7,16],[7,16],[-7,16],[7,16],[-7,17],[7,16],[-7,16],[7,16],[-7,16],[7,15]],[[6107,9967],[-7,-16],[-15,0],[-7,-15],[-14,0],[-8,-16],[-14,0],[-8,-16],[-14,0]],[[5728,9904],[8,16],[14,0],[7,16],[15,0],[7,-16],[15,0],[7,-16],[-7,-16],[7,-16],[15,0],[7,16],[15,0],[7,-16],[14,0],[8,16],[14,0],[8,-16],[14,0],[7,16],[15,0],[7,16],[-7,16],[7,16],[-7,15],[7,16],[15,0],[7,16],[15,0],[7,16],[15,0]],[[5991,9999],[7,-16],[15,0],[7,-16],[14,0],[8,-16],[-8,-15],[-14,0],[-7,-16],[7,-16]]]}