{"type":"Topology","transform":{"scale":[0.0333115503550355,0.012557861186118612],"translate":[-156.567327,-50.411149]},"objects":{"lakes":{"type":"GeometryCollection","geometries":[{"type":"Polygon","arcs":[[0]]},{"type":"Polygon","arcs":[[1]]},{"type":"Polygon","arcs":[[2]]},{"type":"Polygon","arcs":[[3]]},{"type":"Polygon","arcs":[[4]]},{"type":"Polygon","arcs":[[5]]},{"type":"Polygon","arcs":[[6]]},{"type":"Polygon","arcs":[[7]]},{"type":"Polygon","arcs":[[8]]},{"type":"Polygon","arcs":[[9]]},{"type":"Polygon","arcs":[[10]]},{"type":"Polygon","arcs":[[11]]},{"type":"Polygon","arcs":[[12]]},{"type":"Polygon","arcs":[[13]]},{"type":"Polygon","arcs":[[14]]},{"type":"Polygon","arcs":[[15]]},{"type":"Polygon","arcs":[[16]]},{"type":"Polygon","arcs":[[17]]},{"type":"Polygon","arcs":[[18]]},{"type":"Polygon","arcs":[[19]]},{"type":"Polygon","arcs":[[20]]},{"type":"Polygon","arcs":[[21]]},{"type":"Polygon","arcs":[[22]]},{"type":"Polygon","arcs":[[23]]},{"type":"Polygon","arcs":[[24]]},{"type":"Polygon","arcs":[[25]]},{"type":"Polygon","arcs":[[26]]},{"type":"Polygon","arcs":[[27]]},{"type":"Polygon","arcs":[[28]]},{"type":"Polygon","arcs":[[29]]},{"type":"Polygon","arcs":[[30]]},{"type":"Polygon","arcs":[[31]]},{"type":"Polygon","arcs":[[32]]},{"type":"Polygon","arcs":[[33]]},{"type":"Polygon","arcs":[[34]]},{"type":"Polygon","arcs":[[35]]},{"type":"Polygon","arcs":[[36]]},{"type":"Polygon","arcs":[[37]]},{"type":"Polygon","arcs":[[38]]},{"type":"Polygon","arcs":[[39]]},{"type":"Polygon","arcs":[[40]]},{"type":"Polygon","arcs":[[41]]},{"type":"Polygon","arcs":[[42]]},{"type":"Polygon","arcs":[[43]]},{"type":"Polygon","arcs":[[44]]},{"type":"Polygon","arcs":[[45]]},{"type":"Polygon","arcs":[[46]]},{"type":"Polygon","arcs":[[47]]},{"type":"Polygon","arcs":[[48]]},{"type":"Polygon","arcs":[[49]]},{"type":"Polygon","arcs":[[50]]},{"type":"Polygon","arcs":[[51]]},{"type":"Polygon","arcs":[[52]]},{"type":"Polygon","arcs":[[53]]},{"type":"Polygon","arcs":[[54]]},{"type":"Polygon","arcs":[[55]]},{"type":"Polygon","arcs":[[56]]},{"type":"Polygon","arcs":[[57],[58]]},{"type":"Polygon","arcs":[[59]]},{"type":"Polygon","arcs":[[60]]},{"type":"Polygon","arcs":[[61]]},{"type":"Polygon","arcs":[[62]]},{"type":"Polygon","arcs":[[63]]},{"type":"Polygon","arcs":[[64]]},{"type":"Polygon","arcs":[[65]]},{"type":"Polygon","arcs":[[66]]},{"type":"Polygon","arcs":[[67]]},{"type":"Polygon","arcs":[[68]]},{"type":"Polygon","arcs":[[69]]},{"type":"Polygon","arcs":[[70]]},{"type":"Polygon","arcs":[[71]]},{"type":"Polygon","arcs":[[72]]},{"type":"Polygon","arcs":[[73]]},{"type":"Polygon","arcs":[[74]]},{"type":"Polygon","arcs":[[75]]},{"type":"Polygon","arcs":[[76]]},{"type":"Polygon","arcs":[[77]]},{"type":"Polygon","arcs":[[78]]},{"type":"Polygon","arcs":[[79]]},{"type":"Polygon","arcs":[[80]]},{"type":"Polygon","arcs":[[81]]},{"type":"Polygon","arcs":[[82]]},{"type":"Polygon","arcs":[[83]]},{"type":"Polygon","arcs":[[84]]},{"type":"Polygon","arcs":[[85]]},{"type":"Polygon","arcs":[[86]]},{"type":"Polygon","arcs":[[87]]},{"type":"Polygon","arcs":[[88]]},{"type":"Polygon","arcs":[[89]]},{"type":"Polygon","arcs":[[90]]},{"type":"Polygon","arcs":[[91]]},{"type":"Polygon","arcs":[[92]]},{"type":"Polygon","arcs":[[93]]},{"type":"Polygon","arcs":[[94]]},{"type":"Polygon","arcs":[[95]]},{"type":"Polygon","arcs":[[96]]},{"type":"Polygon","arcs":[[97]]},{"type":"Polygon","arcs":[[98]]},{"type":"Polygon","arcs":[[99]]},{"type":"Polygon","arcs":[[100]]},{"type":"Polygon","arcs":[[101]]},{"type":"Polygon","arcs":[[102]]},{"type":"Polygon","arcs":[[103]]},{"type":"Polygon","arcs":[[104]]},{"type":"Polygon","arcs":[[105]]},{"type":"Polygon","arcs":[[106]]},{"type":"Polygon","arcs":[[107]]},{"type":"Polygon","arcs":[[108]]},{"type":"Polygon","arcs":[[109]]},{"type":"Polygon","arcs":[[110]]},{"type":"Polygon","arcs":[[111]]},{"type":"Polygon","arcs":[[112]]},{"type":"Polygon","arcs":[[113]]},{"type":"Polygon","arcs":[[114]]},{"type":"Polygon","arcs":[[115]]},{"type":"Polygon","arcs":[[116]]},{"type":"Polygon","arcs":[[117]]},{"type":"Polygon","arcs":[[118]]},{"type":"Polygon","arcs":[[119]]},{"type":"Polygon","arcs":[[120]]},{"type":"Polygon","arcs":[[121]]},{"type":"Polygon","arcs":[[122]]},{"type":"Polygon","arcs":[[123]]},{"type":"Polygon","arcs":[[124]]},{"type":"Polygon","arcs":[[125]]},{"type":"Polygon","arcs":[[126]]},{"type":"Polygon","arcs":[[127]]},{"type":"Polygon","arcs":[[128]]},{"type":"Polygon","arcs":[[129]]},{"type":"Polygon","arcs":[[130]]},{"type":"Polygon","arcs":[[131]]},{"type":"Polygon","arcs":[[132]]},{"type":"Polygon","arcs":[[133]]},{"type":"Polygon","arcs":[[134]]},{"type":"Polygon","arcs":[[135]]},{"type":"Polygon","arcs":[[136]]},{"type":"Polygon","arcs":[[137]]},{"type":"Polygon","arcs":[[138]]},{"type":"Polygon","arcs":[[139]]},{"type":"Polygon","arcs":[[140]]},{"type":"Polygon","arcs":[[141]]},{"type":"Polygon","arcs":[[142]]},{"type":"Polygon","arcs":[[143]]},{"type":"Polygon","arcs":[[144]]},{"type":"Polygon","arcs":[[145]]},{"type":"Polygon","arcs":[[146]]},{"type":"Polygon","arcs":[[147]]},{"type":"Polygon","arcs":[[148]]},{"type":"Polygon","arcs":[[149]]},{"type":"Polygon","arcs":[[150]]},{"type":"Polygon","arcs":[[151]]},{"type":"Polygon","arcs":[[152]]},{"type":"Polygon","arcs":[[153]]},{"type":"Polygon","arcs":[[154]]},{"type":"Polygon","arcs":[[155]]},{"type":"Polygon","arcs":[[156]]},{"type":"Polygon","arcs":[[157]]},{"type":"Polygon","arcs":[[158]]},{"type":"Polygon","arcs":[[159]]},{"type":"Polygon","arcs":[[160]]},{"type":"Polygon","arcs":[[161]]},{"type":"Polygon","arcs":[[162]]},{"type":"Polygon","arcs":[[163]]},{"type":"Polygon","arcs":[[164]]},{"type":"Polygon","arcs":[[165]]},{"type":"Polygon","arcs":[[166]]},{"type":"Polygon","arcs":[[167]]}]}},"arcs":[[[2535,0],[-12,0],[-6,19],[6,20],[12,0],[6,-20],[-6,-19]],[[2535,273],[-12,0],[-6,20],[6,19],[12,0],[6,20],[13,0],[6,-20],[-6,-19],[-13,0],[-6,-20]],[[2646,392],[-12,0],[-6,20],[6,20],[12,0],[6,-20],[-6,-20]],[[2517,737],[-13,0],[-6,20],[6,21],[13,0],[6,-21],[-6,-20]],[[9993,902],[-13,0],[-6,21],[6,21],[13,0],[6,-21],[-6,-21]],[[3109,1369],[-12,0],[-7,22],[7,21],[-7,22],[7,21],[12,0],[6,-21],[-6,-22],[6,-21],[-6,-22]],[[2831,1564],[-12,0],[-6,22],[6,22],[12,0],[6,-22],[-6,-22]],[[2609,2825],[6,-23],[13,0],[6,-23],[-6,-23],[6,-23],[-6,-23],[-13,0],[-6,23],[-12,0],[-6,23],[6,23],[-6,23],[6,23],[12,0]],[[5607,3103],[-12,0],[-6,23],[6,24],[12,0],[6,-24],[-6,-23]],[[5737,3126],[6,-23],[12,0],[6,-23],[-6,-23],[-12,0],[-6,-23],[6,-24],[12,0],[6,-23],[-6,-23],[6,-23],[-6,-23],[6,-23],[-6,-24],[-12,0],[-6,24],[6,23],[-6,23],[-13,0],[-6,23],[6,23],[-6,23],[6,24],[-6,23],[6,23],[-6,23],[6,23],[-6,24],[6,23],[-6,23],[6,24],[-6,23],[6,23],[13,0],[6,-23],[-6,-23],[6,-24],[-6,-23],[6,-23],[-6,-24]],[[5552,3266],[-13,0],[-6,24],[6,23],[13,0],[6,23],[12,0],[6,-23],[-6,-23],[-12,0],[-6,-24]],[[5663,3360],[-13,0],[-6,23],[6,23],[13,0],[6,-23],[-6,-23]],[[5589,3547],[6,-24],[12,0],[6,-23],[-6,-24],[6,-23],[13,0],[6,-23],[-6,-24],[6,-23],[-6,-23],[6,-24],[-6,-23],[-13,0],[-6,23],[6,24],[-6,23],[6,23],[-6,24],[-12,0],[-6,23],[6,23],[-6,24],[-13,0],[-6,23],[6,24],[-6,23],[6,24],[-6,23],[6,23],[-6,24],[6,23],[-6,24],[6,23],[13,0],[6,-23],[-6,-24],[6,-23],[-6,-24],[6,-23],[-6,-23],[6,-24],[-6,-23]],[[5570,3898],[6,-23],[13,0],[6,-24],[-6,-23],[-13,0],[-6,23],[-12,0],[-6,24],[6,23],[12,0]],[[5589,3969],[-13,0],[-6,23],[6,24],[13,0],[6,23],[12,0],[6,-23],[-6,-24],[-12,0],[-6,-23]],[[5700,4063],[6,-24],[12,0],[6,-23],[13,0],[6,-24],[-6,-23],[6,-24],[-6,-23],[-13,0],[-6,-24],[-12,0],[-6,-23],[6,-24],[-6,-23],[-13,0],[-6,-23],[-12,0],[-6,23],[-13,0],[-6,23],[6,24],[-6,23],[6,24],[-6,23],[6,24],[-6,23],[6,24],[13,0],[6,23],[12,0],[6,24],[13,0]],[[5700,4110],[-13,0],[-6,23],[6,24],[13,0],[6,-24],[-6,-23]],[[5626,4110],[-13,0],[-6,23],[6,24],[13,0],[6,23],[12,0],[6,-23],[-6,-24],[-12,0],[-6,-23]],[[7680,4180],[-13,0],[-6,24],[6,23],[13,0],[6,-23],[-6,-24]],[[5792,4274],[6,-23],[13,0],[6,-24],[-6,-23],[-13,0],[-6,23],[-12,0],[-6,24],[6,23],[-6,23],[6,24],[-6,23],[6,24],[-6,23],[6,24],[12,0],[6,-24],[-6,-23],[6,-24],[-6,-23],[6,-24],[-6,-23]],[[5848,4485],[-13,0],[-6,23],[6,24],[13,0],[6,-24],[-6,-23]],[[5829,4928],[-12,0],[-6,24],[6,23],[12,0],[6,-23],[-6,-24]],[[2147,4998],[6,-23],[12,0],[6,-23],[-6,-24],[-12,0],[-6,24],[-13,0],[-6,23],[6,23],[13,0]],[[7828,5021],[-13,0],[-6,23],[6,24],[13,0],[6,-24],[-6,-23]],[[1610,5619],[-12,0],[-7,23],[7,23],[12,0],[6,-23],[-6,-23]],[[2276,6114],[-12,0],[-6,23],[6,22],[12,0],[6,-22],[-6,-23]],[[8198,6292],[-13,0],[-6,22],[6,22],[13,0],[6,-22],[-6,-22]],[[8142,6402],[-12,0],[-6,21],[6,22],[12,0],[6,-22],[-6,-21]],[[7421,6423],[-13,0],[-6,22],[6,22],[13,0],[6,-22],[-6,-22]],[[6107,6445],[-13,0],[-6,22],[6,22],[13,0],[6,-22],[-6,-22]],[[7273,6467],[-13,0],[-6,22],[6,22],[13,0],[6,-22],[-6,-22]],[[8309,6467],[-12,0],[-7,22],[7,22],[12,0],[6,-22],[-6,-22]],[[7384,6511],[-13,0],[-6,22],[6,21],[13,0],[6,-21],[-6,-22]],[[6014,6598],[-12,0],[-6,21],[6,22],[12,0],[6,-22],[-6,-21]],[[8272,6641],[-12,0],[-7,21],[7,22],[12,0],[6,-22],[-6,-21]],[[1221,6662],[-12,0],[-6,22],[6,21],[12,0],[7,-21],[-7,-22]],[[6014,6684],[-12,0],[-6,21],[6,22],[12,0],[6,-22],[-6,-21]],[[7624,6791],[-12,0],[-6,22],[6,21],[12,0],[6,-21],[-6,-22]],[[8808,6834],[-12,0],[-6,21],[6,21],[12,0],[7,-21],[-7,-21]],[[7717,6940],[-13,0],[-6,21],[6,21],[13,0],[6,-21],[-6,-21]],[[6070,7003],[-13,0],[-6,21],[6,21],[-6,21],[6,21],[13,0],[6,-21],[-6,-21],[6,-21],[-6,-21]],[[5700,7087],[-13,0],[-6,21],[6,21],[13,0],[6,-21],[-6,-21]],[[6002,7066],[-6,-21],[-13,0],[-6,21],[-12,0],[-6,21],[6,21],[12,0],[6,21],[13,0],[6,-21],[-6,-21],[6,-21]],[[6070,7212],[-13,0],[-6,21],[6,20],[13,0],[6,-20],[-6,-21]],[[1314,7315],[6,-20],[12,0],[7,-21],[-7,-21],[-12,0],[-6,21],[-12,0],[-7,21],[7,20],[12,0]],[[7328,7336],[-12,0],[-6,20],[6,21],[12,0],[6,-21],[-6,-20]],[[6421,7397],[6,-20],[13,0],[6,-21],[-6,-20],[-13,0],[-6,20],[-12,0],[-6,21],[6,20],[12,0]],[[2221,7377],[-13,0],[-6,20],[6,20],[13,0],[6,-20],[-6,-20]],[[7013,7356],[-12,0],[-6,21],[6,20],[12,0],[7,20],[12,0],[6,-20],[-6,-20],[-12,0],[-7,-21]],[[2221,7295],[-13,0],[-6,20],[6,21],[13,0],[6,20],[12,0],[6,21],[13,0],[6,20],[12,0],[6,20],[13,0],[6,21],[12,0],[6,-21],[-6,-20],[-12,0],[-6,-20],[-13,0],[-6,-21],[-12,0],[-6,-20],[-13,0],[-6,-21],[-12,0],[-6,-20]],[[1147,7458],[-12,0],[-6,20],[6,21],[12,0],[6,-21],[-6,-20]],[[2412,7519],[-6,-20],[6,-21],[-6,-20],[-13,0],[-6,20],[-12,0],[-6,-20],[-13,0],[-6,20],[-12,0],[-6,-20],[-13,0],[-6,20],[6,21],[13,0],[6,20],[12,0],[6,20],[13,0],[6,-20],[12,0],[6,20],[13,0],[6,-20]],[[2332,7539],[-13,0],[-6,20],[6,20],[13,0],[6,-20],[-6,-20]],[[2517,7579],[-13,0],[-6,20],[6,20],[13,0],[6,-20],[-6,-20]],[[6495,7559],[-12,0],[-6,20],[6,20],[-6,20],[6,20],[12,0],[7,-20],[-7,-20],[7,-20],[-7,-20]],[[8679,7559],[-12,0],[-7,20],[7,20],[-7,20],[7,20],[12,0],[6,-20],[-6,-20],[6,-20],[-6,-20]],[[6458,7559],[-12,0],[-6,20],[6,20],[-6,20],[6,20],[-6,20],[6,20],[12,0],[6,20],[13,0],[6,-20],[-6,-20],[-13,0],[-6,-20],[6,-20],[-6,-20],[6,-20],[-6,-20]],[[2239,7719],[6,-20],[13,0],[6,-20],[12,0],[6,-20],[13,0],[6,-20],[-6,-20],[6,-20],[-6,-20],[-13,0],[-6,20],[-12,0],[-6,20],[-13,0],[-6,-20],[6,-20],[13,0],[6,-20],[-6,-20],[-13,0],[-6,-20],[6,-20],[-6,-21],[6,-20],[-6,-20],[-12,0],[-6,20],[6,20],[-6,21],[-13,0],[-6,-21],[-12,0],[-6,21],[6,20],[12,0],[6,20],[-6,20],[6,20],[-6,20],[-12,0],[-6,20],[-13,0],[-6,20],[-12,0],[-6,-20],[-13,0],[-6,-20],[-12,0],[-6,-20],[6,-20],[-6,-20],[6,-20],[-6,-20],[6,-21],[-6,-20],[6,-20],[-6,-21],[6,-20],[-6,-20],[6,-21],[-6,-20],[-13,0],[-6,-21],[-12,0],[-6,21],[-13,0],[-6,20],[6,21],[-6,20],[6,20],[-6,21],[6,20],[-6,20],[6,21],[13,0],[6,20],[-6,20],[6,20],[12,0],[6,20],[-6,20],[-12,0],[-6,-20],[-13,0],[-6,20],[6,20],[13,0],[6,20],[12,0],[6,20],[13,0],[6,20],[12,0],[6,-20],[13,0],[6,20],[12,0],[6,-20],[13,0],[6,20],[12,0],[6,20],[13,0],[6,20],[12,0]],[[2221,7659],[6,-20],[12,0],[6,20],[-6,20],[-12,0],[-6,-20]],[[2313,7679],[-12,0],[-6,20],[6,20],[12,0],[6,-20],[-6,-20]],[[7162,7679],[-13,0],[-6,20],[6,20],[13,0],[6,-20],[-6,-20]],[[6514,7739],[6,-20],[12,0],[7,-20],[-7,-20],[-12,0],[-6,20],[-12,0],[-7,20],[7,20],[12,0]],[[7013,7758],[7,-19],[12,0],[6,-20],[12,0],[7,20],[12,0],[6,-20],[-6,-20],[-12,0],[-7,-20],[-12,0],[-6,20],[-12,0],[-7,20],[-12,0],[-6,-20],[-12,0],[-7,20],[-12,0],[-6,-20],[-12,0],[-7,-20],[-12,0],[-6,-20],[6,-20],[-6,-20],[-12,0],[-7,20],[7,20],[-7,20],[7,20],[12,0],[6,20],[12,0],[7,20],[12,0],[6,19],[12,0],[7,-19],[12,0],[6,19],[12,0]],[[1851,7817],[-13,0],[-6,20],[6,20],[13,0],[6,-20],[-6,-20]],[[7476,7817],[-12,0],[-6,20],[6,20],[12,0],[6,-20],[-6,-20]],[[2091,7915],[6,-19],[13,0],[6,-20],[-6,-19],[6,-20],[12,0],[6,-20],[13,0],[6,-19],[12,0],[6,-20],[-6,-20],[6,-19],[-6,-20],[-12,0],[-6,20],[-13,0],[-6,-20],[-12,0],[-6,20],[-13,0],[-6,-20],[-12,0],[-6,20],[-13,0],[-6,19],[6,20],[-6,20],[-12,0],[-6,-20],[-13,0],[-6,-20],[-12,0],[-6,-19],[-13,0],[-6,19],[-12,0],[-6,-19],[-13,0],[-6,19],[6,20],[13,0],[6,20],[12,0],[6,19],[13,0],[6,20],[12,0],[6,20],[-6,19],[6,20],[13,0],[6,19],[12,0],[6,-19],[13,0],[6,19],[12,0]],[[2313,7876],[-12,0],[-6,20],[6,19],[12,0],[6,-19],[-6,-20]],[[2535,7876],[-12,0],[-6,20],[6,19],[12,0],[6,-19],[-6,-20]],[[7217,7857],[6,-20],[13,0],[6,-20],[-6,-19],[-13,0],[-6,19],[-12,0],[-6,20],[6,20],[-6,19],[6,20],[-6,19],[6,20],[12,0],[6,-20],[-6,-19],[6,-20],[-6,-19]],[[7513,7896],[-12,0],[-6,19],[6,20],[12,0],[6,-20],[-6,-19]],[[8235,7876],[-13,0],[-6,20],[6,19],[13,0],[6,20],[12,0],[7,-20],[-7,-19],[-12,0],[-6,-20]],[[1851,7896],[-13,0],[-6,19],[6,20],[13,0],[6,19],[-6,19],[6,20],[12,0],[6,-20],[-6,-19],[6,-19],[-6,-20],[-12,0],[-6,-19]],[[2060,7973],[-6,-19],[-12,0],[-6,19],[-13,0],[-6,20],[6,19],[13,0],[6,19],[12,0],[6,-19],[-6,-19],[6,-20]],[[7495,7993],[-13,0],[-6,19],[6,19],[13,0],[6,-19],[-6,-19]],[[6773,8012],[-12,0],[-7,19],[7,19],[12,0],[6,-19],[-6,-19]],[[1906,8069],[-12,0],[-6,20],[6,19],[12,0],[6,-19],[-6,-20]],[[1980,8069],[-12,0],[-6,20],[6,19],[12,0],[6,-19],[-6,-20]],[[7717,8031],[-13,0],[-6,19],[6,19],[-6,20],[6,19],[13,0],[6,-19],[-6,-20],[6,-19],[-6,-19]],[[1739,8089],[7,-20],[12,0],[6,-19],[-6,-19],[6,-19],[-6,-19],[-12,0],[-7,19],[7,19],[-7,19],[-12,0],[-6,19],[6,20],[-6,19],[6,19],[12,0],[7,-19],[-7,-19]],[[2498,8069],[-12,0],[-6,20],[6,19],[12,0],[6,19],[13,0],[6,-19],[-6,-19],[-13,0],[-6,-20]],[[4867,8184],[-12,0],[-7,18],[7,19],[12,0],[6,-19],[-6,-18]],[[2591,8202],[-13,0],[-6,19],[6,19],[13,0],[6,-19],[-6,-19]],[[6662,8202],[-12,0],[-7,19],[7,19],[12,0],[6,-19],[-6,-19]],[[1684,8259],[6,-19],[12,0],[7,-19],[-7,-19],[7,-18],[-7,-19],[7,-19],[-7,-19],[-12,0],[-6,19],[6,19],[-6,19],[6,18],[-6,19],[-12,0],[-7,19],[7,19],[12,0]],[[6902,8221],[-12,0],[-6,19],[6,19],[12,0],[7,-19],[-7,-19]],[[7088,8221],[-13,0],[-6,19],[6,19],[13,0],[6,-19],[-6,-19]],[[1739,8315],[7,-19],[12,0],[6,-18],[13,0],[6,-19],[-6,-19],[6,-19],[-6,-19],[6,-18],[12,0],[6,-19],[-6,-19],[6,-19],[13,0],[6,-19],[-6,-19],[6,-20],[-6,-19],[6,-19],[-6,-19],[-13,0],[-6,19],[6,19],[-6,19],[6,20],[-6,19],[-12,0],[-6,19],[-13,0],[-6,19],[-12,0],[-7,19],[7,19],[-7,18],[-12,0],[-6,19],[6,19],[-6,19],[6,19],[-6,18],[6,19],[12,0]],[[1999,8278],[-13,0],[-6,18],[6,19],[13,0],[6,-19],[-6,-18]],[[1709,8296],[-7,-18],[-12,0],[-6,18],[-12,0],[-7,19],[7,19],[12,0],[6,18],[12,0],[7,-18],[-7,-19],[7,-19]],[[1536,8334],[-12,0],[-7,18],[7,19],[12,0],[6,-19],[-6,-18]],[[1869,8334],[-12,0],[-6,18],[6,19],[12,0],[6,18],[13,0],[6,-18],[-6,-19],[-13,0],[-6,-18]],[[7032,8352],[-12,0],[-7,19],[7,18],[12,0],[6,19],[12,0],[7,-19],[-7,-18],[-12,0],[-6,-19]],[[1554,8389],[-12,0],[-6,19],[6,18],[12,0],[7,-18],[-7,-19]],[[2517,8389],[-13,0],[-6,19],[6,18],[13,0],[6,-18],[-6,-19]],[[1832,8408],[-12,0],[-6,18],[6,19],[12,0],[6,-19],[-6,-18]],[[7106,8426],[-12,0],[-6,19],[6,18],[12,0],[6,-18],[-6,-19]],[[7889,8146],[-6,-19],[-12,0],[-6,-19],[-13,0],[-6,19],[-12,0],[-6,-19],[-13,0],[-6,19],[6,19],[13,0],[6,19],[12,0],[6,-19],[13,0],[6,19],[-6,19],[6,18],[12,0],[6,19],[13,0],[6,19],[12,0],[6,19],[-6,19],[6,18],[13,0],[6,19],[12,0],[6,19],[-6,18],[6,19],[-6,18],[6,19],[13,0],[6,18],[-6,19],[6,18],[12,0],[6,-18],[-6,-19],[6,-18],[-6,-19],[6,-18],[-6,-19],[6,-18],[-6,-19],[-12,0],[-6,-19],[-13,0],[-6,-18],[6,-19],[-6,-19],[-12,0],[-6,-19],[-13,0],[-6,-19],[-12,0],[-6,-18],[-13,0],[-6,-19],[6,-19]],[[1814,8463],[-13,0],[-6,18],[6,18],[13,0],[6,-18],[-6,-18]],[[1462,8445],[-12,0],[-7,18],[7,18],[-7,18],[7,19],[12,0],[6,-19],[-6,-18],[6,-18],[-6,-18]],[[2461,8518],[6,-19],[13,0],[6,-18],[-6,-18],[-13,0],[-6,18],[-12,0],[-6,18],[6,19],[12,0]],[[6865,8481],[-12,0],[-6,18],[6,19],[12,0],[7,-19],[-7,-18]],[[1721,8518],[-12,0],[-7,18],[7,18],[12,0],[6,18],[12,0],[7,18],[12,0],[6,-18],[-6,-18],[-12,0],[-7,-18],[-12,0],[-6,-18]],[[1499,8554],[-12,0],[-7,18],[7,18],[12,0],[6,18],[12,0],[7,-18],[-7,-18],[-12,0],[-6,-18]],[[1610,8481],[-12,0],[-7,18],[7,19],[12,0],[6,18],[-6,18],[6,18],[-6,18],[6,18],[12,0],[7,18],[12,0],[6,-18],[-6,-18],[6,-18],[-6,-18],[-12,0],[-7,-18],[7,-18],[-7,-19],[-12,0],[-6,-18]],[[19,8626],[-13,0],[-6,18],[6,18],[13,0],[6,-18],[-6,-18]],[[5644,8626],[-12,0],[-6,18],[6,18],[12,0],[6,-18],[-6,-18]],[[1610,8626],[-12,0],[-7,18],[7,18],[-7,18],[7,18],[12,0],[6,-18],[-6,-18],[6,-18],[-6,-18]],[[5126,8626],[-12,0],[-7,18],[7,18],[12,0],[6,18],[12,0],[7,18],[12,0],[6,-18],[-6,-18],[-12,0],[-7,-18],[-12,0],[-6,-18]],[[1332,8680],[-12,0],[-6,18],[6,18],[12,0],[7,-18],[-7,-18]],[[5515,8716],[6,-18],[12,0],[6,-18],[-6,-18],[6,-18],[-6,-18],[-12,0],[-6,18],[6,18],[-6,18],[-13,0],[-6,18],[6,18],[13,0]],[[5107,8751],[7,-18],[12,0],[6,-17],[-6,-18],[-12,0],[-7,-18],[-12,0],[-6,-18],[-12,0],[-7,18],[7,18],[-7,18],[7,17],[12,0],[6,18],[12,0]],[[5181,8716],[-12,0],[-6,17],[6,18],[12,0],[7,-18],[-7,-17]],[[37,8716],[-12,0],[-6,17],[6,18],[12,0],[6,18],[13,0],[6,-18],[-6,-18],[-13,0],[-6,-17]],[[1462,8769],[6,-18],[12,0],[7,-18],[-7,-17],[-12,0],[-6,17],[-12,0],[-7,-17],[-12,0],[-6,17],[-12,0],[-7,-17],[-12,0],[-6,-18],[-12,0],[-7,-18],[-12,0],[-6,18],[6,18],[12,0],[7,17],[12,0],[6,18],[12,0],[7,18],[12,0],[6,-18],[12,0],[7,18],[12,0]],[[5848,8786],[-13,0],[-6,18],[6,18],[13,0],[6,-18],[-6,-18]],[[1073,8822],[-12,0],[-6,17],[6,18],[12,0],[6,-18],[-6,-17]],[[1628,8857],[7,-18],[12,0],[6,-17],[-6,-18],[-12,0],[-7,18],[-12,0],[-6,17],[6,18],[12,0]],[[5885,8822],[-13,0],[-6,17],[6,18],[13,0],[6,-18],[-6,-17]],[[1573,8839],[-12,0],[-7,18],[7,17],[12,0],[6,-17],[-6,-18]],[[5866,8874],[-12,0],[-6,17],[6,18],[12,0],[6,-18],[-6,-17]],[[5626,8926],[6,-17],[12,0],[6,-18],[13,0],[6,-17],[12,0],[6,-17],[-6,-18],[6,-17],[-6,-18],[-12,0],[-6,-18],[-13,0],[-6,-17],[-12,0],[-6,17],[6,18],[-6,18],[-13,0],[-6,17],[6,18],[-6,17],[6,17],[-6,18],[6,17],[13,0]],[[5422,8909],[-12,0],[-6,17],[6,17],[-6,18],[6,17],[12,0],[6,-17],[-6,-18],[6,-17],[-6,-17]],[[5811,8961],[-13,0],[-6,17],[6,17],[13,0],[6,-17],[-6,-17]],[[5755,9012],[6,-17],[13,0],[6,-17],[-6,-17],[6,-18],[12,0],[6,-17],[-6,-17],[6,-18],[-6,-17],[-12,0],[-6,-17],[-13,0],[-6,17],[6,17],[-6,18],[-12,0],[-6,17],[-13,0],[-6,17],[6,18],[-6,17],[6,17],[13,0],[6,17],[12,0]],[[1339,8943],[-7,-17],[-12,0],[-6,-17],[-12,0],[-7,-18],[-12,0],[-6,-17],[-12,0],[-7,-17],[-12,0],[-6,-18],[-12,0],[-7,18],[-12,0],[-6,17],[-12,0],[-7,17],[7,18],[12,0],[6,-18],[12,0],[7,18],[12,0],[6,17],[12,0],[7,17],[-7,18],[-12,0],[-6,17],[-12,0],[-7,17],[7,17],[12,0],[6,-17],[12,0],[7,-17],[12,0],[6,-17],[12,0],[7,-18],[12,0],[6,18],[12,0],[7,17],[12,0],[6,17],[12,0],[7,17],[12,0],[6,17],[12,0],[7,-17],[-7,-17],[-12,0],[-6,-17],[-12,0],[-7,-17],[-12,0],[-6,-18],[-12,0]],[[1777,8995],[-13,0],[-6,17],[6,17],[13,0],[6,-17],[-6,-17]],[[1721,9012],[-12,0],[-7,17],[7,17],[12,0],[6,-17],[-6,-17]],[[5478,8891],[-13,0],[-6,18],[6,17],[-6,17],[6,18],[-6,17],[6,17],[13,0],[6,17],[-6,17],[6,17],[12,0],[6,-17],[-6,-17],[6,-17],[-6,-17],[-12,0],[-6,-17],[6,-18],[-6,-17],[6,-17],[-6,-18]],[[5533,9012],[6,-17],[13,0],[6,-17],[12,0],[6,17],[13,0],[6,-17],[-6,-17],[-13,0],[-6,-18],[6,-17],[-6,-17],[-12,0],[-6,-18],[-13,0],[-6,-17],[-12,0],[-6,17],[6,18],[12,0],[6,17],[13,0],[6,17],[-6,18],[-13,0],[-6,17],[-12,0],[-6,17],[6,17],[-6,17],[6,17],[12,0],[6,-17],[-6,-17]],[[1672,9012],[-7,-17],[-12,0],[-6,17],[-12,0],[-7,17],[7,17],[12,0],[6,17],[12,0],[7,-17],[-7,-17],[7,-17]],[[5144,9029],[-12,0],[-6,17],[6,17],[12,0],[7,-17],[-7,-17]],[[5589,9029],[-13,0],[-6,17],[6,17],[13,0],[6,-17],[-6,-17]],[[1166,9080],[6,-17],[12,0],[7,-17],[-7,-17],[-12,0],[-6,17],[-13,0],[-6,17],[6,17],[13,0]],[[5718,9046],[-12,0],[-6,17],[6,17],[12,0],[6,-17],[-6,-17]],[[5755,9046],[-12,0],[-6,17],[6,17],[12,0],[6,-17],[-6,-17]],[[5644,9080],[-12,0],[-6,17],[6,17],[12,0],[6,-17],[-6,-17]],[[1462,9148],[6,-17],[12,0],[7,-17],[-7,-17],[-12,0],[-6,17],[-12,0],[-7,-17],[-12,0],[-6,17],[6,17],[12,0],[7,17],[12,0]],[[1832,9148],[6,-17],[13,0],[6,-17],[-6,-17],[-13,0],[-6,17],[-12,0],[-6,17],[6,17],[12,0]],[[5515,9165],[6,-17],[12,0],[6,-17],[-6,-17],[-12,0],[-6,17],[-13,0],[-6,17],[6,17],[13,0]],[[5663,9131],[-13,0],[-6,17],[6,17],[13,0],[6,-17],[-6,-17]],[[9937,9148],[-12,0],[-6,17],[6,16],[12,0],[6,-16],[-6,-17]],[[1147,9165],[-12,0],[-6,16],[6,17],[12,0],[6,-17],[-6,-16]],[[1832,9181],[-12,0],[-6,17],[6,17],[12,0],[6,-17],[-6,-17]],[[2572,9215],[6,-17],[13,0],[6,-17],[-6,-16],[-13,0],[-6,16],[-12,0],[-6,-16],[-13,0],[-6,16],[6,17],[13,0],[6,17],[12,0]],[[5644,9181],[-12,0],[-6,17],[6,17],[12,0],[6,-17],[-6,-17]],[[1295,9231],[7,-16],[12,0],[6,-17],[-6,-17],[-12,0],[-7,17],[-12,0],[-6,17],[6,16],[12,0]],[[5663,9231],[-13,0],[-6,17],[6,16],[13,0],[6,-16],[-6,-17]],[[5700,9231],[-13,0],[-6,17],[6,16],[13,0],[6,-16],[-6,-17]],[[5237,9248],[-12,0],[-7,16],[7,17],[12,0],[6,-17],[-6,-16]],[[5552,9264],[-13,0],[-6,17],[6,16],[13,0],[6,-16],[-6,-17]],[[5626,9264],[-13,0],[-6,17],[6,16],[13,0],[6,-16],[-6,-17]],[[2572,9347],[6,-17],[13,0],[6,-16],[12,0],[6,-17],[-6,-16],[-12,0],[-6,16],[-13,0],[-6,-16],[-12,0],[-6,16],[6,17],[-6,16],[6,17],[12,0]],[[1092,9314],[6,-17],[12,0],[6,-16],[13,0],[6,16],[12,0],[6,17],[13,0],[6,-17],[-6,-16],[6,-17],[-6,-16],[-13,0],[-6,-17],[-12,0],[-6,17],[-13,0],[-6,-17],[6,-16],[-6,-17],[-12,0],[-6,-17],[-13,0],[-6,-16],[-12,0],[-6,16],[6,17],[12,0],[6,17],[-6,16],[-12,0],[-6,-16],[-13,0],[-6,-17],[6,-17],[-6,-16],[-12,0],[-6,16],[-13,0],[-6,17],[6,17],[-6,16],[6,17],[13,0],[6,16],[12,0],[6,17],[-6,16],[-12,0],[-6,-16],[-13,0],[-6,-17],[-12,0],[-6,17],[-13,0],[-6,-17],[-12,0],[-6,17],[6,16],[12,0],[6,17],[13,0],[6,-17],[12,0],[6,17],[13,0],[6,16],[12,0],[6,-16],[13,0],[6,16],[12,0],[6,17],[13,0],[6,16],[12,0],[6,-16],[-6,-17],[-12,0],[-6,-16]],[[925,9363],[-12,0],[-6,16],[6,16],[12,0],[6,-16],[-6,-16]],[[5237,9379],[-12,0],[-7,16],[7,17],[12,0],[6,-17],[-6,-16]],[[5737,9395],[-13,0],[-6,17],[6,16],[13,0],[6,-16],[-6,-17]],[[6847,9428],[-12,0],[-7,16],[7,16],[12,0],[6,-16],[-6,-16]],[[7445,9444],[-6,-16],[-12,0],[-6,-16],[-13,0],[-6,16],[-12,0],[-6,16],[6,16],[12,0],[6,-16],[13,0],[6,16],[12,0],[6,16],[13,0],[6,-16],[-6,-16],[-13,0]],[[1110,9460],[-12,0],[-6,16],[6,16],[12,0],[6,-16],[-6,-16]],[[5533,9476],[-12,0],[-6,16],[6,16],[12,0],[6,16],[13,0],[6,-16],[-6,-16],[-13,0],[-6,-16]],[[7421,9476],[-13,0],[-6,16],[6,16],[13,0],[6,16],[12,0],[6,-16],[-6,-16],[-12,0],[-6,-16]],[[9493,9508],[-12,0],[-6,16],[6,16],[12,0],[6,-16],[-6,-16]],[[7384,9508],[-13,0],[-6,16],[6,16],[13,0],[6,16],[12,0],[6,16],[13,0],[6,-16],[-6,-16],[-13,0],[-6,-16],[-12,0],[-6,-16]],[[7328,9587],[6,-15],[13,0],[6,-16],[-6,-16],[-13,0],[-6,16],[-12,0],[-6,16],[6,15],[12,0]],[[6828,9572],[-12,0],[-6,15],[6,16],[12,0],[7,-16],[-7,-15]],[[9475,9587],[-13,0],[-6,16],[6,16],[13,0],[6,-16],[-6,-16]],[[93,9603],[-13,0],[-6,16],[6,15],[13,0],[6,16],[12,0],[6,-16],[-6,-15],[-12,0],[-6,-16]],[[7828,9999],[6,-15],[12,0],[6,-15],[-6,-14],[-12,0],[-6,-15],[-13,0],[-6,-15],[-12,0],[-6,15],[-13,0],[-6,-15],[-12,0],[-6,15],[-13,0],[-6,-15],[6,-15],[13,0],[6,-15],[-6,-15],[-13,0],[-6,15],[-12,0],[-6,15],[6,15],[-6,15],[-13,0],[-6,15],[6,14],[-6,15],[6,15],[13,0],[6,-15],[12,0],[6,-15],[13,0],[6,-14],[12,0],[6,14],[13,0],[6,-14],[12,0],[6,14],[-6,15],[6,15],[13,0]]]}