<metadata xml:lang="en"><Esri><CreaDate>20130923</CreaDate><CreaTime>14573900</CreaTime><ArcGISFormat>1.0</ArcGISFormat><SyncOnce>FALSE</SyncOnce><DataProperties><itemProps><itemName Sync="TRUE">Land</itemName><imsContentType Sync="TRUE">002</imsContentType><itemLocation><linkage Sync="TRUE">file://\\SHC-MAPLIB-001\Users\student\Downloads\Times\Land.shp</linkage><protocol Sync="TRUE">Local Area Network</protocol></itemLocation><itemSize Sync="TRUE">0.000</itemSize></itemProps><coordRef><type Sync="TRUE">Projected</type><geogcsn Sync="TRUE">GCS_WGS_1984</geogcsn><csUnits Sync="TRUE">Linear Unit: Meter (1.000000)</csUnits><projcsn Sync="TRUE">World_Mercator</projcsn><peXml Sync="TRUE">&lt;ProjectedCoordinateSystem xsi:type='typens:ProjectedCoordinateSystem' xmlns:xsi='http://www.w3.org/2001/XMLSchema-instance' xmlns:xs='http://www.w3.org/2001/XMLSchema' xmlns:typens='http://www.esri.com/schemas/ArcGIS/10.1'&gt;&lt;WKT&gt;PROJCS[&amp;quot;World_Mercator&amp;quot;,GEOGCS[&amp;quot;GCS_WGS_1984&amp;quot;,DATUM[&amp;quot;D_WGS_1984&amp;quot;,SPHEROID[&amp;quot;WGS_1984&amp;quot;,6378137.0,298.257223563]],PRIMEM[&amp;quot;Greenwich&amp;quot;,0.0],UNIT[&amp;quot;Degree&amp;quot;,0.0174532925199433]],PROJECTION[&amp;quot;Mercator&amp;quot;],PARAMETER[&amp;quot;False_Easting&amp;quot;,0.0],PARAMETER[&amp;quot;False_Northing&amp;quot;,0.0],PARAMETER[&amp;quot;Central_Meridian&amp;quot;,0.0],PARAMETER[&amp;quot;standard_parallel_1&amp;quot;,0.0],UNIT[&amp;quot;Meter&amp;quot;,1.0],AUTHORITY[&amp;quot;ESRI&amp;quot;,54004]]&lt;/WKT&gt;&lt;XOrigin&gt;-20037700&lt;/XOrigin&gt;&lt;YOrigin&gt;-30198300&lt;/YOrigin&gt;&lt;XYScale&gt;149134210.44795552&lt;/XYScale&gt;&lt;ZOrigin&gt;-100000&lt;/ZOrigin&gt;&lt;ZScale&gt;10000&lt;/ZScale&gt;&lt;MOrigin&gt;-100000&lt;/MOrigin&gt;&lt;MScale&gt;10000&lt;/MScale&gt;&lt;XYTolerance&gt;0.001&lt;/XYTolerance&gt;&lt;ZTolerance&gt;0.001&lt;/ZTolerance&gt;&lt;MTolerance&gt;0.001&lt;/MTolerance&gt;&lt;HighPrecision&gt;true&lt;/HighPrecision&gt;&lt;WKID&gt;54004&lt;/WKID&gt;&lt;LatestWKID&gt;54004&lt;/LatestWKID&gt;&lt;/ProjectedCoordinateSystem&gt;</peXml></coordRef><lineage><Process ToolSource="c:\program files (x86)\arcgis\desktop10.1\ArcToolbox\Toolboxes\Data Management Tools.tbx\Merge" Date="20130923" Time="145740">Merge admin0pnew;Admin1Ogrd_Dissolve C:\Users\student\Documents\ArcGIS\Default.gdb\admin0pnew_Merge "RecNum "RecNum" true true false 10 Double 0 10 ,First,#,admin0pnew,RecNum,-1,-1;NAME "NAME" true true false 50 Text 0 0 ,First,#,admin0pnew,NAME,-1,-1;Formal "Formal" true true false 50 Text 0 0 ,First,#,admin0pnew,Formal,-1,-1;Sovereign "Sovereign" true true false 50 Text 0 0 ,First,#,admin0pnew,Sovereign,-1,-1;ISO3166_A3 "ISO3166_A3" true true false 3 Text 0 0 ,First,#,admin0pnew,ISO3166_A3,-1,-1;ISO3166_A2 "ISO3166_A2" true true false 2 Text 0 0 ,First,#,admin0pnew,ISO3166_A2,-1,-1;Shape_Length "Shape_Length" false true true 8 Double 0 0 ,First,#,Admin1Ogrd_Dissolve,Shape_Length,-1,-1;Shape_Area "Shape_Area" false true true 8 Double 0 0 ,First,#,Admin1Ogrd_Dissolve,Shape_Area,-1,-1"</Process><Process ToolSource="c:\program files (x86)\arcgis\desktop10.1\ArcToolbox\Toolboxes\Conversion Tools.tbx\FeatureClassToFeatureClass" Date="20130923" Time="145805">FeatureClassToFeatureClass admin0pnew_Merge C:\Users\student\Downloads\Times\Testclearn.gdb\Dataset Admin0pNew # "RecNum "RecNum" true true false 8 Double 0 0 ,First,#,C:\Users\student\Documents\ArcGIS\Default.gdb\admin0pnew_Merge,RecNum,-1,-1;NAME "NAME" true true false 50 Text 0 0 ,First,#,C:\Users\student\Documents\ArcGIS\Default.gdb\admin0pnew_Merge,NAME,-1,-1;Formal "Formal" true true false 50 Text 0 0 ,First,#,C:\Users\student\Documents\ArcGIS\Default.gdb\admin0pnew_Merge,Formal,-1,-1;Sovereign "Sovereign" true true false 50 Text 0 0 ,First,#,C:\Users\student\Documents\ArcGIS\Default.gdb\admin0pnew_Merge,Sovereign,-1,-1;ISO3166_A3 "ISO3166_A3" true true false 3 Text 0 0 ,First,#,C:\Users\student\Documents\ArcGIS\Default.gdb\admin0pnew_Merge,ISO3166_A3,-1,-1;ISO3166_A2 "ISO3166_A2" true true false 2 Text 0 0 ,First,#,C:\Users\student\Documents\ArcGIS\Default.gdb\admin0pnew_Merge,ISO3166_A2,-1,-1;Shape_Length "Shape_Length" false true true 8 Double 0 0 ,First,#,C:\Users\student\Documents\ArcGIS\Default.gdb\admin0pnew_Merge,Shape_Length,-1,-1;Shape_Area "Shape_Area" false true true 8 Double 0 0 ,First,#,C:\Users\student\Documents\ArcGIS\Default.gdb\admin0pnew_Merge,Shape_Area,-1,-1" #</Process><Process ToolSource="c:\program files (x86)\arcgis\desktop10.1\ArcToolbox\Toolboxes\Conversion Tools.tbx\FeatureClassToFeatureClass" Date="20130923" Time="152946">FeatureClassToFeatureClass C:\Users\student\Downloads\Times\Testclearn.gdb\Dataset\Admin0pNew "C:\Users\student\Desktop\Times Approximate" Admin0_Polygons.shp # "RecNum "RecNum" true true false 8 Double 0 0 ,First,#,C:\Users\student\Downloads\Times\Testclearn.gdb\Dataset\Admin0pNew,RecNum,-1,-1;NAME "NAME" true true false 50 Text 0 0 ,First,#,C:\Users\student\Downloads\Times\Testclearn.gdb\Dataset\Admin0pNew,NAME,-1,-1;Formal "Formal" true true false 50 Text 0 0 ,First,#,C:\Users\student\Downloads\Times\Testclearn.gdb\Dataset\Admin0pNew,Formal,-1,-1;Sovereign "Sovereign" true true false 50 Text 0 0 ,First,#,C:\Users\student\Downloads\Times\Testclearn.gdb\Dataset\Admin0pNew,Sovereign,-1,-1;ISO3166_A3 "ISO3166_A3" true true false 3 Text 0 0 ,First,#,C:\Users\student\Downloads\Times\Testclearn.gdb\Dataset\Admin0pNew,ISO3166_A3,-1,-1;ISO3166_A2 "ISO3166_A2" true true false 2 Text 0 0 ,First,#,C:\Users\student\Downloads\Times\Testclearn.gdb\Dataset\Admin0pNew,ISO3166_A2,-1,-1;Shape_Leng "Shape_Leng" false true true 8 Double 0 0 ,First,#,C:\Users\student\Downloads\Times\Testclearn.gdb\Dataset\Admin0pNew,Shape_Length,-1,-1;Shape_Area "Shape_Area" false true true 8 Double 0 0 ,First,#,C:\Users\student\Downloads\Times\Testclearn.gdb\Dataset\Admin0pNew,Shape_Area,-1,-1" #</Process><Process ToolSource="c:\program files (x86)\arcgis\desktop10.1\ArcToolbox\Toolboxes\Data Management Tools.tbx\Dissolve" Date="20130923" Time="154513">Dissolve Admin0_Polygons C:\Users\student\Downloads\Times\Land.shp # # MULTI_PART DISSOLVE_LINES</Process></lineage></DataProperties><SyncDate>20130923</SyncDate><SyncTime>15451300</SyncTime><ModDate>20130923</ModDate><ModTime>15451300</ModTime></Esri><dataIdInfo><envirDesc Sync="TRUE">Microsoft Windows 7 Version 6.1 (Build 7601) Service Pack 1; Esri ArcGIS 10.1.1.3143</envirDesc><dataLang><languageCode value="eng" Sync="TRUE"></languageCode><countryCode value="USA" Sync="TRUE"></countryCode></dataLang><idCitation><resTitle Sync="TRUE">Land</resTitle><presForm><PresFormCd value="005" Sync="TRUE"></PresFormCd></presForm></idCitation><spatRpType><SpatRepTypCd value="001" Sync="TRUE"></SpatRepTypCd></spatRpType></dataIdInfo><mdLang><languageCode value="eng" Sync="TRUE"></languageCode><countryCode value="USA" Sync="TRUE"></countryCode></mdLang><distInfo><distFormat><formatName Sync="TRUE">Shapefile</formatName></distFormat><distTranOps><transSize Sync="TRUE">0.000</transSize></distTranOps></distInfo><mdHrLv><ScopeCd value="005" Sync="TRUE"></ScopeCd></mdHrLv><mdHrLvName Sync="TRUE">dataset</mdHrLvName><refSysInfo><RefSystem><refSysID><identCode code="54004" Sync="TRUE"></identCode><idCodeSpace Sync="TRUE">ESRI</idCodeSpace><idVersion Sync="TRUE">10.1.1</idVersion></refSysID></RefSystem></refSysInfo><spatRepInfo><VectSpatRep><geometObjs Name="Land"><geoObjTyp><GeoObjTypCd value="002" Sync="TRUE"></GeoObjTypCd></geoObjTyp><geoObjCnt Sync="TRUE">0</geoObjCnt></geometObjs><topLvl><TopoLevCd value="001" Sync="TRUE"></TopoLevCd></topLvl></VectSpatRep></spatRepInfo><spdoinfo><ptvctinf><esriterm Name="Land"><efeatyp Sync="TRUE">Simple</efeatyp><efeageom code="4" Sync="TRUE"></efeageom><esritopo Sync="TRUE">FALSE</esritopo><efeacnt Sync="TRUE">0</efeacnt><spindex Sync="TRUE">FALSE</spindex><linrefer Sync="TRUE">FALSE</linrefer></esriterm></ptvctinf></spdoinfo><eainfo><detailed Name="Land"><enttyp><enttypl Sync="TRUE">Land</enttypl><enttypt Sync="TRUE">Feature Class</enttypt><enttypc Sync="TRUE">0</enttypc></enttyp><attr><attrlabl Sync="TRUE">FID</attrlabl><attalias Sync="TRUE">FID</attalias><attrtype Sync="TRUE">OID</attrtype><attwidth Sync="TRUE">4</attwidth><atprecis Sync="TRUE">0</atprecis><attscale Sync="TRUE">0</attscale><attrdef Sync="TRUE">Internal feature number.</attrdef><attrdefs Sync="TRUE">Esri</attrdefs><attrdomv><udom Sync="TRUE">Sequential unique whole numbers that are automatically generated.</udom></attrdomv></attr><attr><attrlabl Sync="TRUE">Shape</attrlabl><attalias Sync="TRUE">Shape</attalias><attrtype Sync="TRUE">Geometry</attrtype><attwidth Sync="TRUE">0</attwidth><atprecis Sync="TRUE">0</atprecis><attscale Sync="TRUE">0</attscale><attrdef Sync="TRUE">Feature geometry.</attrdef><attrdefs Sync="TRUE">Esri</attrdefs><attrdomv><udom Sync="TRUE">Coordinates defining the features.</udom></attrdomv></attr><attr><attrlabl Sync="TRUE">Id</attrlabl><attalias Sync="TRUE">Id</attalias><attrtype Sync="TRUE">Integer</attrtype><attwidth Sync="TRUE">6</attwidth><atprecis Sync="TRUE">6</atprecis><attscale Sync="TRUE">0</attscale></attr></detailed></eainfo><mdDateSt Sync="TRUE">20130923</mdDateSt></metadata>
