{"type":"Topology","transform":{"scale":[0.005575027902790281,0.0023708910891089103],"translate":[-122.767739,25.763534]},"objects":{"admin0_lines":{"type":"GeometryCollection","geometries":[{"type":"LineString","arcs":[0]},{"type":"LineString","arcs":[1]},{"type":"LineString","arcs":[2]},{"type":"LineString","arcs":[3]},{"type":"LineString","arcs":[4]},{"type":"LineString","arcs":[5]},{"type":"LineString","arcs":[6]}]}},"arcs":[[[1417,2881],[1,0],[0,-1],[1,0],[1,0],[1,0],[0,-1],[1,0],[1,0],[0,-1],[1,0],[1,0],[0,-1],[1,0],[0,-1],[10,-10],[11,-10],[10,-10],[10,-10],[11,-10],[10,-10],[10,-10],[11,-10],[10,-10],[11,-10],[10,-10],[10,-10],[11,-9],[10,-10],[10,-10],[11,-10],[10,-10],[11,-10],[10,-10],[10,-10],[11,-10],[10,-10],[10,-10],[11,-10],[41,-40],[42,-40],[10,-10],[4,-3],[27,-27],[42,-40],[41,-40],[42,-40],[41,-41],[41,-40],[42,-41],[41,-41],[0,-1],[1,0],[0,-1],[1,0],[1,0],[0,-1],[1,0],[1,-1],[1,0],[1,0],[1,-1],[1,0],[1,0],[22,0],[6,0],[6,0],[5,0],[6,0],[11,0],[5,0],[6,0],[22,0],[6,0],[6,0],[5,0],[6,0],[11,0],[5,0],[6,0],[22,0],[6,0],[5,0],[6,0],[6,0],[22,0],[6,0],[5,0],[6,0],[5,0],[11,0],[6,0],[6,0],[22,0],[6,0],[5,0],[6,0],[5,0],[11,0],[6,0],[6,0],[22,0],[5,0],[6,0],[6,0],[5,0],[2,0],[2,0],[2,0],[2,0],[8,0],[2,0],[2,0],[2,0],[2,0],[2,0],[2,0],[2,0],[2,0],[2,0],[2,0],[3,0],[2,0],[8,0],[2,0],[2,0],[2,0],[2,0],[2,0],[2,0],[2,0],[2,0],[2,0],[2,0],[2,0],[2,0],[8,0],[2,0],[2,0],[2,0],[2,0],[2,0],[2,0],[2,0],[2,0],[2,0],[2,0],[2,0],[2,0],[8,0],[2,0],[2,0],[2,0],[2,0],[2,0],[2,0],[2,0],[2,0],[1,0],[1,0],[1,1],[0,1],[1,0],[0,1],[0,1],[1,0],[0,1],[0,1],[0,1],[0,1],[1,0],[0,1],[0,1],[0,4],[0,1],[0,9],[0,3],[0,4],[0,3],[0,4],[0,3],[0,3],[0,4],[-1,3],[0,4],[0,3],[0,4],[0,3],[0,4],[0,3],[0,3],[0,4],[0,3],[0,4],[0,3],[0,4],[0,3],[0,3],[0,4],[0,3],[0,14],[0,3],[0,4],[0,3],[0,4],[0,3],[0,4],[0,3],[0,3],[0,4],[0,3],[0,4],[0,3],[0,4],[0,3],[0,3],[0,4],[0,3],[0,4],[0,3],[0,4],[0,3],[0,3],[0,4],[0,3],[0,4],[0,3],[0,3],[0,4],[0,3],[0,4],[0,2],[0,5],[0,1],[0,1],[0,1],[0,1],[1,0],[0,1],[0,1],[1,1],[0,1],[1,1],[1,1],[1,0],[12,0],[2,0],[4,0],[6,0],[3,0],[5,1],[4,0],[12,0],[2,0],[4,0],[6,0],[3,0],[5,0],[4,0],[12,0],[2,0],[4,0],[6,0],[3,0],[5,0],[4,0],[12,0],[2,0],[4,0],[6,1],[3,0],[5,0],[4,0],[12,0],[2,0],[4,0],[6,0],[3,0],[5,0],[4,0],[12,0],[2,0],[4,0],[6,0],[3,0],[5,0],[4,0],[12,1],[2,0],[4,0],[6,0],[3,0],[4,0],[5,0],[12,0],[1,0],[5,0],[6,0],[3,0],[4,0],[5,0],[1,0],[1,0],[0,-1],[1,0],[1,0],[0,-1],[0,-1],[1,0],[1,-1],[0,-1],[1,0],[0,-1],[0,-1],[1,0],[0,-1],[1,-2],[1,-1],[0,-2],[1,-1],[1,-1],[0,-1],[1,-1],[1,-1],[1,-1],[0,-1],[1,-1],[1,-1],[1,-1],[1,-1],[1,-1],[0,-1],[1,0],[1,-1],[1,-1],[1,0],[1,-1],[1,0],[1,-1],[1,-1],[1,0],[1,-1],[1,0],[0,-1],[1,0],[1,0],[1,-1],[1,0],[1,-1],[1,0],[1,-1],[1,0],[1,0],[1,-1],[2,-1],[4,-1],[4,-2],[4,-2],[4,-2],[4,-3],[3,-4],[7,-8],[7,-11],[6,-13],[7,-14],[6,-16],[6,-16],[6,-18],[6,-18],[5,-12],[0,-1],[1,-5],[2,-4],[1,-5],[2,-4],[2,-5],[1,-4],[2,-5],[1,-4],[2,-4],[1,-5],[2,-4],[1,-4],[2,-5],[2,-4],[1,-4],[2,-4],[1,-4],[2,-4],[2,-4],[1,-3],[2,-4],[2,-4],[1,-3],[2,-4],[2,-3],[1,-3],[2,-3],[2,-3],[1,-3],[1,0],[0,-1],[1,-1],[0,-1],[1,0],[0,-1],[1,-1],[0,-1],[1,0],[0,-1],[1,0],[0,-1],[1,-1],[1,-1],[0,-1],[1,0],[0,-1],[1,0],[1,-1],[0,-1],[1,0],[0,-1],[1,0],[0,-1],[1,0],[0,-1],[1,-2],[2,-1],[1,-2],[1,-1],[1,-2],[13,-20],[12,-21],[11,-20],[11,-21],[9,-22],[9,-22],[8,-23],[8,-24],[7,-25],[7,-25],[6,-27],[6,-27],[6,-29],[5,-30],[5,-31],[5,-33],[0,-2],[0,-3],[1,-2],[0,-2],[1,-3],[0,-2],[0,-3],[1,-2],[0,-3],[0,-2],[1,-3],[0,-2],[1,-3],[0,-2],[1,-3],[0,-2],[1,-3],[0,-3],[1,-2],[0,-3],[1,-3],[0,-2],[1,-3],[0,-3],[1,-2],[1,-3],[0,-3],[1,-3],[0,-2],[1,-3],[1,-3],[0,-2],[1,-3],[0,-3],[1,-3],[1,-2],[1,-3],[0,-3],[1,-2],[1,-3],[0,-3],[1,-2],[1,-3],[1,-3],[0,-2],[1,-3],[1,-3],[1,-2],[0,-3],[1,-2],[1,-3],[1,-2],[1,-3],[0,-2],[1,-3],[1,-2],[1,-2],[1,-3],[1,-2],[1,-2],[1,-3],[0,-2],[1,-2],[1,-2],[2,-4],[2,-4],[2,-4],[1,-4],[2,-4],[2,-4],[2,-3],[2,-4],[2,-4],[2,-3],[2,-4],[2,-3],[2,-4],[2,-3],[2,-3],[2,-4],[3,-3],[2,-3],[2,-4],[2,-3],[2,-3],[3,-4],[2,-3],[2,-3],[3,-3],[2,-3],[2,-4],[2,-3],[3,-3],[2,-3],[3,-3],[2,-4],[9,-13],[10,-13],[9,-13],[10,-14],[9,-15],[9,-15],[9,-16],[9,-18],[1,-2],[1,-2],[1,-2],[1,-2],[2,-2],[1,-2],[1,-2],[2,-2],[1,-2],[2,-2],[1,-1],[1,-2],[2,-1],[2,-2],[1,-1],[2,-1],[1,-2],[2,-1],[2,-1],[1,-1],[2,-1],[2,-1],[2,-1],[1,-1],[2,-1],[2,-1],[2,-1],[2,0],[2,-1],[2,-1],[1,0],[2,-1],[2,0],[2,-1],[2,0],[2,0],[2,-1],[2,0],[2,0],[2,0],[2,0],[2,-1],[2,0],[2,0],[2,0],[2,0],[2,0],[2,0],[2,1],[2,0],[2,0],[2,0],[3,0],[2,0],[2,1],[2,0],[2,0],[2,1],[2,0],[2,0],[2,1],[2,0],[1,0],[2,1],[1,0],[1,0],[0,1],[1,0],[1,0],[0,1],[1,0],[0,1],[1,0],[0,1],[1,0],[0,1],[1,1],[0,1],[1,0],[0,1],[0,1],[2,3],[1,3],[1,3],[2,4],[1,3],[1,3],[1,3],[1,4],[1,3],[1,3],[1,4],[1,3],[1,3],[1,4],[1,3],[1,3],[1,4],[0,3],[1,3],[1,4],[0,3],[1,4],[1,3],[0,3],[1,4],[0,3],[1,4],[0,3],[1,3],[0,4],[1,3],[0,3],[1,4],[0,3],[1,4],[0,3],[0,3],[1,4],[0,3],[0,3],[1,5],[0,2],[1,3],[0,4],[1,10],[0,3],[2,13],[1,13],[2,12],[2,13],[2,10],[2,9],[2,9],[2,9],[3,9],[3,8],[3,7],[3,7],[3,7],[4,6],[4,5],[4,5],[4,4],[5,4],[6,3],[5,2],[4,2],[4,1],[5,1],[4,1],[4,1],[5,1],[4,0],[5,0],[4,1],[5,0],[4,-1],[4,0],[5,-1],[4,0],[4,-1],[4,-1],[4,-2],[5,-2],[4,-3],[5,-3],[4,-3],[5,-4],[4,-3],[4,-4],[5,-5],[4,-4],[2,-1],[1,-1],[1,-1],[1,-1],[1,-1],[1,-1],[1,-1],[2,-2],[1,-1],[1,-1],[1,-1],[1,-1],[1,-1],[2,-1],[1,-1],[1,-1],[1,-1],[2,-1],[1,-2],[1,-1],[1,-1],[2,-1],[1,-1],[1,-1],[1,-1],[1,0],[1,-1],[1,-1],[1,-1],[1,-1],[1,-1],[2,0],[1,-1],[1,-1],[1,-1],[1,-1],[1,0],[1,-1],[1,-1],[1,-1],[1,0],[1,-1],[1,-1],[1,-1],[1,0],[1,-1],[1,0],[2,-1],[1,-1],[1,-1],[1,0],[1,-1],[1,-1],[1,-1],[1,0],[1,-1],[1,-1],[1,0],[1,-1],[1,0],[1,-1],[2,-1],[2,-1],[1,-1],[1,0],[1,-1],[1,-1],[1,0],[1,-1],[1,0],[1,-1],[2,-1],[2,-1],[1,0],[1,-1],[1,-1],[1,0],[1,-1],[2,-1],[1,-1],[1,0],[1,-1],[1,0],[1,-1],[2,-1],[5,-3],[6,-3],[6,-3],[6,-4],[6,-4],[6,-4],[6,-4],[6,-4],[5,-5],[6,-4],[5,-5],[5,-6],[5,-5],[5,-6],[4,-7],[4,-6],[0,-1],[0,-1],[1,0],[0,-1],[1,-1],[1,-3],[0,-1],[2,-3],[0,-1],[1,-2],[0,-1],[1,-1],[1,-2],[0,-1],[1,-1],[1,-2],[2,-6],[1,-2],[1,-2],[1,-1],[0,-2],[2,-4],[1,-2],[3,-6],[1,-2],[0,-1],[1,-1],[0,-1],[1,-2],[2,-5],[2,-5],[2,-3],[0,-1],[1,-3],[1,-2],[4,-13],[4,-14],[4,-14],[4,-15],[4,-16],[4,-15],[4,-16],[3,-16],[4,-17],[4,-17],[3,-16],[4,-17],[3,-17],[4,-17],[3,-17],[1,-4],[1,-4],[1,-4],[1,-5],[0,-2],[0,-2],[1,-1],[0,-1],[0,-2],[0,-1],[0,-1],[1,-2],[0,-1],[0,-1],[0,-1],[0,-1],[0,-1],[1,-1],[0,-1],[0,-1],[1,-5],[0,-1],[0,-1],[0,-2],[0,-1],[1,-1],[0,-4],[0,-1],[1,-2],[0,-1],[0,-1],[0,-2],[0,-1],[1,-1],[0,-1],[0,-2],[0,-1],[0,-1],[1,-1],[0,-4],[0,-1],[1,-1],[0,-2],[0,-2],[0,-1],[1,-1],[0,-1],[0,-1],[0,-1],[0,-1],[1,-1],[0,-1],[0,-4],[1,-4],[1,-4],[1,-3],[1,-4],[1,-4],[0,-3],[1,-4],[1,-4],[1,-3],[1,-4],[1,-3],[1,-3],[1,-4],[0,-3],[1,-3],[1,-4],[1,-3],[1,-3],[1,-3],[1,-4],[1,-3],[1,-3],[1,-3],[1,-3],[1,-3],[1,-3],[1,-3],[1,-3],[2,-3],[1,-3],[1,-3],[1,-3],[1,-3],[1,-3],[1,-3],[1,-3],[2,-3],[1,-3],[1,-3],[1,-3],[1,-3],[2,-3],[1,-3],[1,-3],[1,-3],[2,-3],[1,-3],[1,-3],[1,-3],[2,-3],[1,-3],[1,-3],[2,-3],[1,-4],[1,-3],[6,-13],[6,-13],[1,-2],[0,-1],[1,-2],[1,-2],[1,-2],[1,-2],[1,-2],[1,-2],[1,-2],[1,-2],[1,-3],[1,-2],[2,-3],[0,-1],[1,-2],[2,-3],[1,-2],[1,-3],[1,-1],[2,-4],[5,-10],[6,-11],[5,-11],[6,-12],[5,-12],[6,-12],[5,-12],[4,-12],[5,-12],[4,-12],[3,-12],[1,-2],[0,-2],[0,-2],[1,-1],[0,-2],[1,-2],[0,-2],[1,-2],[1,-2],[0,-1],[1,-2],[0,-2],[1,-2],[1,-2],[0,-3],[1,-2],[0,-2],[1,-2],[1,-2],[0,-2],[1,-2],[1,-2],[1,-3],[0,-2],[1,-2],[1,-2],[0,-3],[1,-2],[3,-9],[1,-2],[0,-2],[2,-5],[3,-10],[1,-2],[0,-1],[2,-6],[3,-10],[1,-2],[0,-1],[2,-6],[3,-9],[2,-10],[3,-9],[3,-11],[3,-11],[2,-11],[3,-11],[2,-11],[3,-11],[2,-11],[1,-8],[0,-1],[1,-3],[2,-11],[3,-12],[0,-3],[1,-2],[0,-2],[1,-4],[0,-3],[1,-3],[0,-3],[1,-3],[1,-3],[0,-3],[1,-3],[0,-3],[1,-2],[1,-3],[0,-3],[1,-3],[0,-3],[1,-3],[1,-3],[0,-3],[1,-3],[1,-3],[0,-3],[1,-3],[1,-6],[2,-5],[1,-6],[1,-5],[2,-5],[1,-5],[2,-6],[1,-5],[2,-5],[1,-5],[2,-5],[1,-4],[2,-5],[2,-5],[1,-4],[2,-5],[2,-4],[2,-5],[1,-4],[2,-5],[2,-4],[2,-4],[2,-4],[2,-4],[2,-4],[2,-4],[2,-4],[2,-4],[2,-4],[2,-3],[2,-4],[2,-4],[2,-3],[2,-4],[2,-3],[2,-3],[3,-4],[2,-3],[2,-3],[2,-3],[3,-4],[2,-3],[2,-3],[3,-3],[2,-3],[2,-3],[3,-3],[2,-2],[2,-3],[3,-3],[2,-3],[3,-2],[2,-3],[2,-2],[3,-3],[2,-2],[3,-3],[2,-2],[3,-3],[2,-2],[3,-2],[2,-3],[3,-2],[3,-2],[1,-1],[1,-1],[1,-1],[1,-1],[1,0],[1,-1],[1,-1],[1,-1],[1,-1],[2,-1],[1,0],[1,-1],[1,-1],[1,-1],[1,-1],[1,0],[1,-1],[1,-1],[1,-1],[2,0],[1,-1],[0,-1],[3,-1],[3,-2],[1,-1],[5,-3],[3,-2],[1,-1],[4,-3],[5,-3],[4,-4],[4,-3],[4,-4],[5,-4],[4,-5],[1,0],[0,-1],[1,0],[0,-1],[1,0],[0,-1],[1,0],[1,-1],[1,0],[0,-1],[1,0],[1,-1],[1,0],[1,0],[0,-1],[7,-3],[6,-5],[6,-6],[7,-7],[6,-8],[6,-8],[1,-2],[2,-2],[1,-2],[2,-2],[1,-2],[2,-2],[1,-2],[2,-2],[1,-2],[2,-1],[1,-2],[2,-2],[1,-2],[2,-2],[1,-1],[2,-2],[1,-1],[2,-2],[1,-1],[2,-2],[2,-1],[1,-1],[2,-1],[1,-1],[2,-1],[1,-1],[2,0],[2,-1],[1,0],[2,-1],[2,0],[1,0],[2,0],[2,0],[1,1],[2,0],[2,1],[2,1],[1,1],[2,1],[1,0],[0,1]],[[1004,2818],[7,1],[6,1],[6,1],[7,1],[6,1],[7,1],[6,2],[7,1],[8,1],[4,1],[7,1],[6,1],[7,2],[2,0],[17,3],[6,1],[7,1],[4,1],[9,2],[25,4],[26,5],[26,4],[26,5],[25,4],[26,3],[26,4],[25,3],[26,3],[26,3],[26,2],[1,0]],[[7215,7136],[0,1],[0,1],[1,1],[0,1],[1,0],[0,1],[0,1],[0,1],[1,0],[0,1],[0,1],[0,1],[1,1],[0,1],[0,1],[0,1],[1,1],[0,1],[0,1],[0,1],[0,1],[0,1],[0,1],[1,1],[0,1],[0,1],[0,1],[0,1],[0,1],[0,1],[1,1],[0,1],[0,1],[0,3],[1,3],[0,3],[1,2],[0,3],[1,3],[0,1],[0,1],[1,1],[0,1],[0,1],[0,1],[1,1],[0,1],[0,1],[0,1],[1,2],[0,1],[0,1],[0,1],[1,1],[0,1],[0,1],[0,1],[0,1],[1,0],[0,1],[0,1],[0,1],[0,1],[0,1],[1,0],[0,1],[0,1],[0,1],[0,1],[0,1],[1,1],[0,1],[0,1],[0,1],[0,1],[1,1],[0,1],[0,1],[0,1],[0,1],[0,1],[0,1],[1,1],[0,1],[0,1],[0,1],[0,1],[0,1],[0,1],[1,1],[0,1],[0,1],[0,1],[0,1],[0,1],[0,1],[0,1],[0,1],[0,1],[0,1]],[[7856,7301],[0,-1],[0,-1],[0,-1],[1,0],[0,-1],[0,-1],[0,-1],[0,-1],[0,-1],[1,0],[0,-1],[0,-1],[0,-1],[1,0],[0,-1],[0,-1],[0,-1],[1,-1],[0,-1],[0,-1],[1,-1],[0,-1],[0,-1],[1,0],[0,-1],[0,-1],[0,-1],[1,-1],[0,-1],[1,-2],[0,-1],[1,-1],[0,-2],[1,-2],[0,-2],[1,-2],[0,-2],[0,-2],[0,-2],[0,-2],[0,-1],[0,-1],[0,-2],[0,-3],[0,-1],[0,-1],[0,-1],[0,-1],[0,-1],[0,-1],[0,-2],[0,-1],[0,-1],[0,-1],[0,-1],[-1,-1],[0,-1],[0,-1],[0,-1],[0,-1],[0,-1],[0,-1],[0,-1],[0,-1],[0,-1],[0,-1],[0,-1],[0,-1],[0,-1],[0,-1],[0,-1],[0,-1]],[[9999,8135],[0,1],[0,1],[0,1],[0,1],[-1,0],[0,1],[0,1],[0,1],[0,1],[0,1],[0,1],[-1,1],[0,1],[0,1],[0,1],[-1,1],[0,1],[0,1],[0,1],[0,1],[-1,0],[0,1],[0,2],[-1,2],[-1,2],[0,2],[-1,1],[-1,2],[0,2],[-1,1],[-1,2],[0,1],[-1,2],[-1,1],[-1,2],[-1,1],[0,1],[-1,2],[-1,1],[-1,1],[-1,1],[-1,2],[-1,1],[-1,1],[0,1],[-1,1],[-1,1],[-1,1],[-1,2],[-1,1],[-1,1],[-1,1],[-1,1],[-1,1],[-1,1],[-1,1],[-1,1],[-1,1],[-1,1],[-1,1],[-1,0],[-1,2],[-4,4],[-4,4],[-4,5],[-4,4],[-4,6],[-4,6],[0,1],[-1,1],[0,1],[0,1],[-1,0],[0,1],[0,1],[-1,1],[0,1],[0,1],[-1,0],[0,1],[0,1],[0,1],[0,1],[-1,0],[0,1],[0,2],[0,1],[-1,2],[-1,5],[0,1],[0,1],[-1,2],[0,2],[0,1],[-1,2],[-1,5],[0,1],[-1,3],[0,2],[0,1],[-1,2],[0,1],[0,1],[0,2],[-1,1],[-1,4],[0,2],[0,1],[-1,2],[0,1],[0,1],[0,1],[-1,2],[0,1],[0,1],[0,1],[-1,1],[0,2],[0,1],[0,1],[-1,1],[0,3],[0,1],[-1,1],[0,1],[0,1],[0,1],[-1,1],[0,1],[0,2],[-1,2],[0,1],[0,1],[0,1],[-1,0],[0,1],[0,1],[0,1],[-1,0],[0,1],[0,1],[-1,0],[0,1],[0,1],[0,1],[-1,0],[0,1],[0,1],[-1,0],[0,1],[-1,1],[0,1],[-1,1],[-1,1],[0,1],[-1,1],[-1,1],[-1,1],[0,1],[-1,1],[-1,1],[0,1],[-1,1],[-1,0],[0,1],[-2,2],[0,1],[-1,0],[-1,2],[-2,3],[-2,2],[-2,3],[-2,3],[-1,3],[-2,3],[-1,4],[-1,3],[-1,5],[-1,4],[0,2],[-1,2],[0,2],[0,2],[0,2],[0,2],[0,1],[0,1],[0,1],[0,1],[0,1],[0,1],[0,1],[0,1],[1,0],[0,1],[0,1],[0,1],[0,1],[0,1],[0,1],[0,1],[0,1],[0,1],[0,1],[0,1],[0,1],[0,1],[0,1],[0,20],[0,9],[0,10],[0,26],[0,3],[1,10],[0,12],[0,7],[0,10],[0,9],[0,19],[0,10],[0,10],[0,19],[1,9],[0,10],[0,26],[0,3],[0,9],[0,13],[0,7],[0,9],[0,10],[1,19],[0,9],[0,10],[0,19],[0,9],[0,10],[0,26],[0,3],[1,9],[0,13],[0,6],[0,10],[0,9],[0,19],[0,10],[0,9],[1,25],[0,4],[0,9],[0,13],[0,6],[0,9],[0,10],[0,9],[0,10],[0,9],[0,10],[1,25],[0,3],[0,9],[0,1],[0,2],[0,1],[0,1],[-1,1],[0,1],[0,1],[0,1],[0,1],[-1,1],[0,1],[0,1],[-1,2],[0,1],[-1,1],[0,1],[0,1],[-1,1],[0,1],[-1,1],[0,1],[-1,1],[-1,1],[0,1],[-1,1],[0,1],[-1,1],[-1,1],[0,1],[-1,0],[-1,1],[0,1],[-1,1],[-1,1],[-1,1],[0,1],[-1,1],[-1,0],[0,1],[-1,1],[-1,1],[-1,1],[-1,1],[-1,1],[-1,1],[-1,1],[-1,1],[-1,0],[0,1],[-1,1],[-1,0],[0,1],[-1,0],[-1,1],[-1,0],[0,1],[-1,0],[-1,1],[-1,1],[-1,1],[-2,1],[-1,0],[0,1],[-1,0],[0,1],[-1,0],[-2,2],[-1,1],[-2,1],[-1,0],[-1,1],[0,1],[-1,0],[0,1],[-2,1],[-1,1],[-2,2],[-1,2],[-1,1],[-2,2],[-1,2],[-1,0],[0,1],[-1,1],[-1,2],[-1,2],[-1,0],[0,1],[-1,1],[0,1],[-1,1],[-1,3],[-1,1],[-1,1],[0,1],[-1,0],[0,1],[-1,1],[0,1],[-1,1],[0,1],[-1,0],[0,1],[-1,1],[-1,1],[0,1],[-1,1],[-1,1],[0,1],[-1,0],[0,1],[-1,1],[-1,1],[-1,1],[-1,0],[0,1],[-1,0],[-1,1],[-1,0],[0,1],[-1,0],[-1,0],[0,1],[-1,0],[-1,0],[0,1],[-1,0],[-1,0],[-1,0],[-1,0],[0,-1],[-1,0],[0,-1],[-1,0],[-1,0],[0,-1],[-1,0],[0,-1],[-1,-1],[0,-1],[-1,0],[-2,-3],[-3,-3],[-2,-3],[-2,-2],[-3,-2],[-2,-2],[-3,-2],[-3,-1],[-2,0],[-3,-1],[-3,0],[-2,1],[-3,1],[-2,2],[-3,2],[-2,2],[-1,1],[0,1],[-1,0],[0,1],[-1,0],[-1,0],[0,1],[-1,0],[-1,1],[-1,0],[-1,0],[-1,0],[-1,0],[0,-1],[-1,0],[-1,-1],[-1,0],[0,-1],[-1,0],[-1,-1],[-1,-1],[0,-1],[-1,0],[0,-1],[-1,-1],[-1,-1],[-1,-1],[-1,-1],[0,-1],[-1,-1],[-1,-1],[0,-1],[0,-1],[-1,0],[0,-1],[-1,-1],[0,-1],[-1,-1],[0,-1],[-1,0],[0,-1],[-1,-1],[0,-1],[-1,-1],[-2,-3],[-1,-3],[-2,-4],[-2,-3],[-3,-2],[-2,-3],[-2,-2],[-1,0],[0,-1],[-1,0],[-1,0],[-1,0],[-1,0],[-1,0],[-1,0],[-1,0],[-1,1],[-1,0],[0,1],[-5,4],[-3,5],[-4,6],[-3,7],[-3,6],[-3,8],[-3,7],[-1,2],[-1,2],[-1,2],[0,2],[-1,1],[-1,2],[0,2],[-1,2],[-1,2],[-1,2],[-1,1],[0,2],[-1,2],[-1,1],[-1,2],[-1,2],[-1,1],[0,2],[-1,1],[-1,2],[-1,1],[-1,2],[-1,1],[-1,1],[-1,2],[-1,1],[-1,1],[-2,1],[-1,1],[-1,1],[-1,1],[-1,1],[-2,1],[-1,0],[-1,1],[-2,0],[0,1],[-1,0],[-1,0],[-1,0],[-1,0],[-1,0],[-1,0],[-1,0],[-1,0],[0,-1],[-1,0],[0,-1],[-1,0],[0,-1],[-1,-1],[0,-1],[-1,0],[0,-1],[-1,-1],[0,-1],[-1,-3],[-1,-2],[-1,-2],[-1,-2],[-1,-3],[-1,-2],[-1,-2],[-1,-2],[-1,-3],[-1,-2],[-1,-3],[-1,-2],[-1,-2],[-1,-3],[-1,-2],[-1,-3],[-1,-2],[-1,-3],[-1,-2],[-1,-3],[-1,-2],[-1,-3],[-1,-2],[-1,-3],[-1,-2],[-1,-3],[-1,-2],[-1,-3],[-1,-3],[-1,-2],[-1,-3],[-1,-2],[-1,-5],[-1,-1],[0,-2],[-2,-3],[-1,-4],[0,-1],[-1,-3],[-1,-3],[-1,-2],[-1,-2],[-2,-6],[-4,-11],[-1,-3],[-1,-3],[-1,-2],[-1,-3],[-4,-11],[-5,-11],[-4,-11],[0,-1],[-1,-2],[-1,-2],[0,-2],[-1,-1],[-1,-2],[0,-2],[-1,-1],[-1,-2],[0,-2],[-1,-1],[-1,-2],[0,-2],[-1,-2],[0,-1],[-1,-2],[-1,-2],[0,-1],[-1,-2],[0,-2],[-1,-2],[-1,-1],[0,-1],[-1,-3],[0,-1],[-1,-2],[-1,-2],[0,-2],[-3,-6],[-2,-7],[-1,-2],[-1,-5],[-1,-2],[-1,-1],[-1,-4],[-2,-6],[-3,-7],[-3,-6],[-2,-7],[-3,-6],[-3,-8],[-4,-8],[-3,-7],[-1,-2],[-1,-2],[-1,-2],[-1,-1],[-1,-2],[-1,-2],[0,-2],[-1,-2],[-1,-1],[-1,-2],[-1,-2],[-1,-2],[0,-1],[-1,-2],[-1,-2],[-1,-2],[-1,-1],[0,-2],[-1,-2],[-1,-2],[-1,-1],[0,-2],[-1,-2],[-1,-2],[0,-1],[-1,-2],[-1,-2],[0,-2],[-1,-2],[-1,-2],[0,-1],[-1,-2],[0,-2],[-1,-2],[0,-2],[-1,-2],[0,-2],[-1,-2],[0,-2],[-1,-2],[0,-2],[0,-2],[-1,-2],[0,-2],[0,-2],[-1,-2],[0,-2],[0,-2],[0,-2],[-1,-3],[0,-2],[0,-2],[-1,-11],[-2,-11],[-2,-10],[-2,-9],[-4,-10],[-3,-9],[-4,-9],[-3,-9],[-1,-2],[-1,-2],[-1,-3],[-1,-2],[-1,-2],[-1,-2],[-1,-2],[-1,-3],[-1,-2],[-1,-2],[-1,-2],[0,-3],[-1,-2],[-1,-2],[-1,-2],[-1,-3],[-1,-2],[0,-2],[-1,-3],[-1,-2],[0,-2],[-1,-3],[-1,-2],[0,-2],[-1,-3],[0,-2],[-1,-3],[0,-2],[-1,-3],[0,-2],[0,-3],[-1,-3],[0,-1],[0,-1],[0,-1],[0,-1],[0,-1],[0,-1],[0,-1],[0,-2],[0,-1],[0,-1],[0,-1],[0,-1],[0,-1],[0,-1],[0,-1],[0,-1],[0,-1],[0,-1],[0,-1],[0,-1],[0,-1],[0,-1],[0,-1],[1,-2],[0,-1],[0,-1],[0,-1],[0,-1],[0,-1],[0,-1],[0,-1],[0,-1],[0,-1],[1,-1],[0,-2],[0,-1],[0,-1],[0,-1],[0,-1],[1,-2],[0,-2],[0,-3],[1,-3],[0,-1],[0,-4],[0,-4],[0,-4],[0,-10],[0,-9],[-2,-10],[-1,-10],[-2,-11],[-2,-10],[-3,-11],[-3,-10],[-3,-11],[-3,-11],[-4,-10],[-3,-11],[-4,-11],[-1,-3],[-1,-3],[0,-1],[-2,-4],[-1,-3],[0,-3],[-1,-2],[-1,-3],[-1,-3],[-1,-3],[-1,-2],[-1,-3],[0,-2],[-1,-1],[0,-1],[0,-1],[-1,-1],[0,-1],[0,-1],[-1,-1],[0,-1],[-1,-4],[0,-1],[-1,0],[0,-1],[0,-1],[-1,-1],[0,-1],[0,-1],[-1,-1],[0,-1],[0,-1],[-1,-1],[0,-1],[-1,-2],[0,-1],[0,-1],[0,-1],[-1,-1],[0,-1],[-1,-2],[0,-1],[0,-1],[-1,0],[0,-2],[0,-1],[-1,-2],[0,-1],[-1,-1],[0,-1],[-1,-1],[0,-1],[0,-1],[0,-1],[-1,-1],[0,-1],[-1,-1],[0,-1],[0,-1],[-1,-2],[-1,-5],[-2,-5],[-2,-6],[-2,-5],[-2,-5],[-1,-2],[-1,-3],[-2,-5],[-2,-5],[-1,-1],[0,-1],[0,-1],[-1,-2],[-1,-1],[0,-2],[-1,-1],[0,-1],[-1,-1],[0,-2],[-1,-1],[0,-1],[-1,-1],[0,-2],[-1,-1],[0,-1],[-1,-1],[0,-2],[-1,-1],[0,-1],[-1,-1],[0,-2],[-1,-1],[0,-1],[-1,-2],[0,-1],[-1,-1],[0,-1],[-1,-2],[0,-1],[-1,-1],[0,-2],[-1,-1],[0,-1],[0,-1],[-1,-1],[0,-1],[-1,-1],[0,-1],[0,-1],[-1,-1],[0,-1],[-1,-1],[0,-2],[-2,-4],[-1,-4],[-2,-5],[-2,-4],[-2,-4],[-2,-4],[-2,-3],[-2,-3],[-2,-3],[-3,-3],[-3,-3],[-3,-1],[-3,-2],[-1,0],[-1,0],[-1,1],[-1,0],[-1,1],[-1,1],[-1,1],[-1,1],[-1,1],[0,2],[-1,0],[0,1],[-1,0],[0,1],[-1,1],[-1,1],[0,1],[-1,1],[0,1],[-1,1],[0,1],[-1,1],[0,1],[-1,1],[0,1],[-1,1],[0,1],[-1,0],[0,1],[-1,1],[0,1],[-1,0],[0,1],[-1,1],[0,1],[-1,0],[-1,1],[-1,1],[-1,0],[0,1],[-1,0],[-1,0],[-1,0],[-1,0],[-1,0],[-1,0],[-1,-1],[-1,0],[0,-1],[-1,0],[0,-1],[-1,0],[0,-1],[-1,-1],[-1,-1],[0,-1],[-1,0],[0,-1],[0,-1],[-1,0],[0,-1],[-1,-1],[0,-1],[-1,-1],[0,-1],[0,-1],[-1,0],[0,-1],[0,-1],[-1,0],[0,-1],[-1,-1],[0,-1],[0,-1],[-1,0],[0,-1],[-1,-1],[-1,-2],[-1,-2],[-1,-2],[-1,-1],[-1,-2],[-1,-1],[-1,-1],[-1,-1],[-1,0],[-1,0],[-1,0],[-1,0],[-1,0],[-1,0],[-1,0],[-1,0],[-1,1],[-1,0],[-1,0],[0,1],[-1,0],[-1,0],[-1,0],[-1,0],[-1,0],[-1,0],[-1,0],[-1,0],[-1,0],[-1,0],[0,-1],[-1,0],[-1,0],[-1,-1],[-1,0],[0,-1],[-1,0],[0,-1],[-1,0],[-1,-1],[-1,-1],[0,-1],[-1,0],[0,-1],[-1,0],[0,-1],[-1,-1],[0,-1],[-1,-1],[-1,-1],[0,-1],[-1,-1],[0,-1],[0,-1],[-1,-1],[0,-1],[-1,-1],[0,-1],[0,-1],[0,-1],[-1,-1],[0,-1],[-1,-1],[0,-2],[0,-1],[-1,-1],[0,-1],[-1,-1],[0,-1],[-1,-4],[0,-1],[-1,0],[0,-1],[0,-1],[-1,-1],[0,-1],[-1,-2],[0,-1],[0,-1],[0,-1],[-1,-1],[0,-1],[-1,-1],[0,-1],[0,-1],[0,-1],[-1,-1],[0,-1],[0,-1],[-1,-1],[0,-1],[0,-1],[0,-1],[-1,-1],[0,-1],[0,-1],[-1,-1],[0,-1],[0,-1],[0,-1],[0,-1],[-1,-1],[0,-1],[0,-1],[0,-1],[-1,-1],[0,-1],[0,-1],[0,-1],[0,-1],[0,-1],[-1,0],[0,-1],[0,-1],[0,-1],[0,-1],[0,-1],[0,-1],[-1,0],[0,-1],[0,-1],[0,-1],[0,-1],[0,-1],[0,-1],[0,-1],[-1,-1],[0,-1],[0,-1],[0,-1],[0,-1],[0,-1],[0,-1],[0,-1],[0,-1],[0,-1],[0,-1],[0,-1],[-1,-1],[0,-1],[0,-1],[0,-1],[0,-1],[0,-1],[0,-1],[-20,0],[-5,0],[-5,0],[-5,0],[-5,0],[-5,0],[-5,0],[-5,0],[-5,0],[-20,0],[-4,0],[-5,0],[-5,0],[-5,0],[-5,0],[-5,0],[-5,0],[-5,-1],[-20,0],[-5,0],[-5,0],[-5,0],[-5,0],[-5,0],[-5,0],[-5,0],[-5,0],[-5,0],[-5,0],[-5,0],[-5,0],[-20,0],[-5,0],[-5,0],[-5,0],[-5,0],[-5,0],[-5,0],[-5,0],[-5,0],[-5,0],[-5,0],[-5,0],[-5,0],[-19,0],[-5,0],[-5,0],[-5,0],[-5,0],[-3,0],[-3,0],[-3,0],[-3,0],[-3,0],[-2,0],[-3,0],[-3,0],[-3,0],[-3,0],[-3,0],[-3,0],[-2,0],[-3,0],[-3,0],[-3,0],[-3,0],[-3,0],[-3,0],[-2,0],[-3,0],[-3,0],[-3,0],[-3,0],[-3,0],[-2,0],[-3,0],[-3,0],[-12,0],[-2,0],[-3,0],[-3,0],[-3,0],[-3,0],[-3,0],[-3,0],[-2,0],[-3,0],[-3,0],[-3,0],[-3,0],[-3,0],[-2,0],[-3,0],[-3,0],[-3,0],[-3,0],[-3,0],[-3,0],[-2,0],[-3,0],[-3,0],[-3,0],[-3,0],[-3,0],[-3,0],[-2,0],[-3,0],[-3,0],[-3,0],[-3,0],[-1,0],[-1,0],[-1,0],[-1,0],[-1,0],[-1,0],[-1,0],[-1,0],[-1,0],[-1,0],[0,1],[-1,0],[-1,0],[-1,1],[-2,0],[-1,1],[0,1],[-1,0],[-1,1],[-1,0],[0,1],[-1,0],[0,1],[-1,0],[-1,1],[-1,0],[0,1],[-1,0],[0,1],[-1,0],[-1,1],[-1,0],[0,1],[-1,0],[-1,0],[-1,1],[-1,0],[-1,0],[-1,0],[-1,0],[-1,0],[-1,0],[-1,0],[-1,0],[-1,0],[0,-1],[-1,0],[-1,0],[-1,-1],[-1,0],[-1,-1],[-1,0],[0,-1],[-1,0],[-1,0],[0,-1],[-1,0],[0,-1],[-1,0],[-1,-1],[-1,-1],[-1,-1],[-1,0],[0,-1],[-1,0],[0,-1],[-1,0],[0,-1],[-1,0],[0,-1],[-1,0],[-1,-1],[-1,-1],[-1,-1],[-2,-1],[-2,-2],[-2,-1],[-6,-5],[-7,-5],[-7,-4],[-6,-4],[-2,-1],[-1,-1],[-4,-3],[-2,-1],[-1,-1],[-4,-2],[-1,-1],[-2,-1],[-2,-1],[-2,-1],[-1,-1],[-2,-1],[-2,-1],[-1,-1],[-2,-1],[-2,-2],[-1,-1],[-2,-1],[-2,-1],[-1,-1],[-2,-1],[-2,-1],[-1,-2],[-2,-1],[-2,-1],[-1,-1],[-2,-1],[-2,-2],[-1,-1],[-2,-1],[-1,-1],[-2,-2],[-2,-1],[-1,-1],[-2,-2],[-2,-1],[-1,-1],[-2,-2],[-1,-1],[-2,-2],[-2,-1],[-1,-1],[-2,-2],[-1,-1],[-2,-2],[-1,-2],[-1,0],[-1,-1],[0,-1],[-1,0],[-1,-1],[0,-1],[-2,-1],[0,-1],[-1,0],[-1,-1],[0,-1],[-2,-1],[0,-1],[-1,0],[-1,-1],[0,-1],[-1,0],[-1,-1],[0,-1],[-1,0],[-1,-1],[0,-1],[-1,0],[0,-1],[-1,-1],[-1,0],[0,-1],[-2,-2],[-1,-1],[-1,0],[0,-1],[-1,-1],[-1,-1],[-1,-1],[-1,0],[-1,-2],[-1,0],[0,-1],[-1,-1],[-1,-1],[-1,-1],[-2,-2],[-1,-1],[-1,-1],[0,-1],[-1,0],[-1,-2],[-1,0],[-1,-1],[-1,-2],[-1,-1],[-5,-5],[-5,-5],[-1,-2],[-1,0],[-3,-4],[-4,-4],[-1,-1],[-5,-5],[-2,-2],[0,-1],[-2,-1],[-1,-1],[-1,-2],[-1,-1],[-2,-1],[-1,-2],[-1,-1],[-1,-1],[-1,-1],[-2,-2],[-1,-1],[-1,-2],[-2,-1],[-1,-1],[-1,-2],[-1,-1],[-2,-1],[-1,-2],[-1,-1],[-1,-1],[-2,-2],[-1,-1],[-1,-1],[-1,-2],[-1,-1],[-2,-2],[-1,-1],[-1,-1],[-1,-2],[-2,-1],[-1,-1],[-1,-2],[-1,-1],[-1,-2],[-2,-1],[-1,-1],[-1,-2],[-1,-1],[-1,-2],[-1,-1],[-2,-2],[-1,-1],[0,-1],[-1,0],[0,-1],[-1,-1],[-1,-1],[0,-1],[-1,0],[-1,-1],[0,-1],[-1,-1],[-1,-1],[0,-1],[-1,0],[0,-1],[-1,-1],[-1,-1],[0,-1],[-1,-1],[-1,-2],[0,-1],[-1,0],[0,-1],[-1,-1],[0,-1],[-1,0],[0,-1],[-1,-1],[0,-1],[-1,-1],[0,-1],[-1,-1],[0,-1],[-1,-1],[-1,-1],[0,-1],[0,-1],[-1,-1],[0,-1],[-1,0],[0,-1],[0,-1],[-1,-1],[0,-1],[-1,-1],[0,-1],[0,-1],[-1,0],[0,-1],[0,-1],[-1,-1],[0,-1],[0,-1],[-1,-1],[0,-1],[0,-1],[-1,-1],[0,-1],[0,-1]],[[5954,9407],[-2,2],[-2,1],[-1,1],[-1,1],[-1,0],[-2,1],[-1,1],[-3,2],[-1,1],[-1,1],[-5,3],[-1,1],[-2,1],[-2,1],[-1,1],[-2,1],[-2,2],[-2,1],[-1,1],[-2,1],[-2,1],[-1,1],[-1,1],[-2,1],[-3,2],[-2,1],[-1,1],[0,1],[-2,0],[0,1],[-2,1],[-2,1],[-1,1],[-2,1],[-2,2],[-2,1],[-5,4],[-5,3],[-4,3],[-5,4],[-1,1],[-2,1],[-1,1],[-2,1],[-2,2],[-1,1],[-2,1],[-1,1],[-2,1],[-1,1],[-2,1],[-2,1],[-1,2],[-2,1],[-1,1],[-2,1],[-1,1],[-2,1],[-1,1],[-2,1],[-1,1],[-2,1],[-2,1],[-1,1],[-2,1],[-1,1],[-2,1],[-1,1],[-2,1],[-1,1],[-2,1],[-1,1],[-2,1],[-1,0],[-2,1],[-1,1],[-2,1],[-1,1],[-2,1],[-1,1],[-2,0],[-1,1],[-2,1],[-1,1],[-1,1],[-2,1],[-1,0],[-2,1],[-1,1],[-2,1],[-1,0],[-2,1],[-1,1],[-2,0],[-1,1],[-2,1],[-1,1],[-2,0],[-1,1],[-2,0],[-1,1],[-2,1],[-1,0],[-2,1],[-1,0],[0,1],[-1,0],[-1,0],[-1,0],[0,1],[-1,0],[-1,0],[-1,0],[0,1],[-1,0],[-1,0],[-1,0],[-1,1],[-1,0],[-1,0],[-1,0],[-1,1],[-1,0],[-1,0],[-1,0],[-3,1],[-3,1],[-1,0],[-1,0],[-1,1],[-3,0],[-3,1],[-3,1],[-3,2],[-3,1],[-2,2],[-3,1],[-3,2],[-3,3],[-3,2],[-3,3],[-2,3],[-3,3],[-3,3],[-3,3],[-1,1],[0,1],[-1,0],[0,1],[-3,3],[-1,1],[0,1],[-1,0],[0,1],[-1,1],[0,1],[-1,0],[-1,1],[-1,1],[0,1],[-1,1],[-1,1],[-1,1],[-1,1],[-1,1],[0,1],[-1,0],[-1,1],[-1,1],[0,1],[-1,1],[-1,0],[-1,1],[-1,1],[0,1],[-1,1],[-1,0],[-1,1],[-1,1],[-1,1],[-1,1],[-1,0],[-1,1],[-1,1],[-1,1],[-1,1],[-1,0],[-1,1],[-1,1],[-1,1],[-1,0],[-1,1],[-1,1],[-1,1],[-1,0],[-1,1],[-1,1],[-1,1],[-2,0],[-2,2],[-1,1],[-1,0],[-1,1],[-1,1],[-1,0],[-4,3],[-4,3],[-3,3],[-4,3],[-3,2],[-2,3],[-3,2],[-1,3],[-2,3],[-1,2],[-2,2],[-1,3],[-2,2],[-1,2],[-2,2],[-1,1],[-2,2],[-1,2],[-2,1],[-1,2],[-2,1],[-1,1],[-2,1],[-1,1],[-2,1],[-2,1],[-1,1],[-2,1],[-1,1],[-2,0],[-2,1],[-1,0],[-2,1],[-1,0],[-2,1],[-2,0],[-1,0],[-2,0],[-2,0],[-1,1],[-2,0],[-2,0],[-2,0],[-1,0],[-2,-1],[-2,0],[-2,0],[-1,0],[-2,0],[-2,0],[-2,-1],[-1,0],[-2,0],[-2,0],[-2,-1],[-2,0],[-2,0],[-5,-1],[-8,-1],[-8,-1],[-8,0],[-8,0],[-9,0],[-9,0],[-9,1],[-9,0],[-9,1],[-9,1],[-9,2],[-9,1],[-9,2],[-9,2],[-9,3],[-9,2],[-8,3],[-9,3],[-9,3],[-7,3],[-7,3],[-8,3],[-7,4],[-7,4],[-7,4],[-7,4],[-8,4],[-1,1],[-2,2],[-4,2],[-2,1],[-2,1],[-1,1],[-2,1],[-2,1],[-2,1],[-2,1],[-1,1],[-2,1],[-2,1],[-2,1],[-2,2],[-2,1],[-1,1],[-2,1],[-2,1],[-2,1],[-2,1],[-2,1],[-1,1],[-2,1],[-2,1],[-2,1],[-2,1],[-2,1],[-2,0],[-2,1],[-1,1],[-2,1],[-1,0],[-5,3],[-2,1],[-1,0],[-5,3],[-2,0],[-1,1],[-2,1],[-2,1],[-2,1],[-1,1],[-4,2],[-2,0],[-2,1],[-2,1],[-2,1],[-1,1],[-2,1],[-2,0],[-2,1],[-1,1],[-2,1],[-2,1],[-2,0],[-2,1],[-1,1],[-2,0],[-2,1],[-2,1],[-1,1],[-2,0],[-2,1],[-2,1],[-2,0],[-1,1],[-2,0],[-2,1],[-2,1],[-1,0],[-2,1],[-2,0],[-2,1],[-2,0],[-1,1],[-2,0],[-2,1],[-2,0],[-2,1],[-2,0],[-1,0],[-2,1],[-2,0],[-2,1],[-2,0],[-2,0],[-2,0],[-2,1],[-1,0],[-2,0],[-2,0],[-1,0],[-1,1],[-1,0],[-1,0],[-1,0],[-1,0],[-1,0],[-1,0],[-1,0],[-1,0],[-1,0],[-1,0],[-1,0],[-1,0],[-1,0],[-1,0],[-1,0],[-1,0],[-1,0],[-1,0],[-1,0],[-1,0],[-1,0],[-1,0],[-1,0],[-1,0],[-1,-1],[-1,0],[-1,0],[-1,0],[-1,0],[-3,0],[-1,0],[-1,0],[-1,0],[-1,0],[-4,0],[-3,0],[-4,0],[-4,1],[-3,0],[-4,1],[-1,0],[-1,0],[0,1],[-1,0],[-1,1],[-1,0],[0,1],[-1,0],[0,1],[-1,0],[0,1],[-1,0],[0,1],[-1,0],[0,1],[-7,13]],[[5068,9811],[-7,14],[-6,15],[-5,15],[-4,16],[-4,16],[-1,3],[-1,4],[-1,4],[-1,4],[-1,4],[-1,4],[-1,4],[-2,3],[-1,4],[-1,4],[-1,3],[-1,4],[-1,4],[-2,3],[-1,3],[-1,4],[-2,3],[-1,3],[-2,3],[-1,3],[-2,3],[-1,3],[-2,3],[-2,3],[-2,2],[-2,3],[-2,2],[-2,2],[-2,3],[-2,2],[-3,1],[-2,2],[-3,2],[-3,1],[-2,2],[-3,1],[-3,1],[-3,1],[-4,1],[-3,1],[-1,0],[-1,0],[-1,0],[-1,0],[0,1],[-1,0],[-1,0],[-1,0],[-1,0],[0,1],[-1,0],[-1,0],[-1,0],[-1,0],[-1,0],[-1,0],[-1,0],[-1,0],[-1,0],[0,-1],[-1,0],[-1,0],[-1,0],[0,-1],[-1,0],[0,-1],[-1,0],[0,-1],[-1,0],[-1,-1],[0,-1],[-1,0],[0,-1],[0,-1],[-1,0],[0,-1],[0,-1],[0,-1],[0,-1],[-1,0],[0,-1],[0,-1],[0,-1],[0,-1],[0,-2],[0,-1],[0,-1],[-1,-2],[0,-1],[0,-1],[0,-2],[0,-1],[0,-2],[0,-1],[0,-1],[0,-2],[0,-1],[0,-1],[0,-2],[0,-1],[-1,-2],[0,-1],[0,-1],[0,-2],[0,-1],[0,-2],[0,-1],[0,-1],[0,-2],[0,-1],[0,-2],[0,-1],[0,-2],[0,-1],[0,-1],[0,-2],[0,-1],[0,-1],[0,-2],[0,-1],[0,-2],[0,-1],[0,-1],[0,-2],[0,-6],[0,-1],[0,-1],[0,-2],[0,-1],[0,-4],[0,-2],[0,-6],[0,-5],[0,-6],[0,-1],[0,-2],[0,-1],[1,-1],[0,-1],[0,-2],[0,-1],[0,-1],[0,-2],[0,-1],[0,-1],[0,-2],[0,-1],[0,-1],[0,-2],[0,-1],[0,-3],[1,-2],[0,-2],[0,-1],[0,-1],[0,-2],[0,-5],[0,-5],[0,-6],[0,-5],[0,-5],[0,-5],[-1,-6],[-1,-4],[-1,-5],[-1,-5],[-1,0],[0,-1],[0,-1],[-1,0],[0,-1],[-1,-1],[-1,-1],[-1,0],[-1,-1],[-1,0],[-1,0],[-1,-1],[-5,1],[-5,0],[-11,0],[-5,0],[-6,0],[-10,0],[-6,0],[-5,0],[-11,0],[-5,0],[-5,0],[-11,0],[-5,0],[-6,0],[-10,0],[-6,0],[-5,0],[-11,0],[-5,0],[-5,1],[-11,0],[-5,0],[-6,0],[-10,0],[-6,0],[-5,0],[-11,0],[-5,0],[-6,0],[-10,0],[-6,0],[-5,0],[-11,0],[-5,0],[-5,0],[-11,0],[-5,0],[-6,0],[-10,1],[-6,0],[-5,0],[-11,0],[-5,0],[-5,0],[-11,0],[-5,0],[-6,0],[-10,0],[-20,0],[-6,0],[-51,1],[-38,0],[-19,0],[-20,0],[-19,0],[-19,0],[-13,0],[-25,1],[-19,0],[-7,0],[-51,0],[-19,0],[-19,0],[-13,1],[-25,0],[-20,0],[-6,0],[-51,0],[-38,1],[-19,0],[-20,0],[-19,0],[-19,0],[-13,0],[-25,0],[-19,1],[-7,0],[-51,0],[-38,0],[-19,0],[-19,1],[-19,0],[-20,0],[-12,0],[-26,0],[-19,0],[-6,0],[-52,1],[-19,0],[-19,0],[-13,0],[-25,0],[-19,0],[-7,0],[-51,1],[-38,0],[-19,0],[-19,0],[-19,0],[-20,1],[-12,0],[-26,0],[-45,0],[-23,0],[-34,1],[-33,0],[-34,0],[-34,0],[-34,1],[-34,0],[-90,1],[-12,0],[-34,0],[-45,0],[-22,0],[-34,1],[-34,0],[-90,0],[-12,1],[-34,0],[-45,0],[-22,0],[-34,1],[-34,0],[-91,0],[-11,1],[-34,0],[-45,0],[-23,0],[-33,1],[-34,0],[-91,0],[-11,1],[-34,0],[-45,0],[-23,0],[-34,1],[-33,0],[-136,1],[-90,0],[-12,1],[-34,0],[-45,0],[-22,0],[-34,0],[-34,1],[-34,0],[-34,0],[-34,0],[-34,1],[-90,0],[-11,0],[-34,1],[-45,0],[-23,0],[-34,0],[-34,1],[-2,0],[-3,0],[-5,0],[-3,0],[-3,0],[-5,0],[-2,0],[-3,0],[-5,0],[-3,0],[-3,0],[-5,0],[-3,0],[-2,0],[-6,0],[-2,0],[-3,0],[-5,0],[-3,0],[-2,0],[-6,0],[-2,0],[-3,0],[-5,0],[-3,0],[-3,0],[-5,0],[-2,0],[-3,0],[-5,0],[-3,0],[-3,1],[-5,0],[-3,0],[-2,0],[-6,0],[-2,0],[-3,0],[-5,0],[-3,0],[-2,0],[-6,0],[-2,0],[-3,0],[-5,0],[-3,0],[-2,0],[-3,0],[-3,0],[-16,0],[-5,0],[-43,0],[-16,1],[-16,0],[-16,0],[-16,0],[-32,0],[-16,0],[-16,0],[-64,1],[-16,0],[-16,0],[-16,0],[-16,0],[-32,0],[-16,1],[-16,0],[-64,0],[-16,0],[-16,0],[-16,1],[-16,0],[-32,0],[-16,0],[-16,0],[-65,1],[-16,0],[-16,0],[-16,0],[-16,0],[-32,0],[-16,0],[-16,0],[-64,1],[-16,0],[-16,0],[-16,0],[-16,0],[-32,1],[-16,0],[-16,0],[-16,0],[-16,0],[-11,0],[-21,0]]]}